state_name,district,commodity,year,month,price_mean,price_sd,n_mandis
Gujarat,Amreli,cotton,2021,1,5328.5,255.14,5
Gujarat,Amreli,cotton,2021,2,5555.8,201.76,5
Gujarat,Amreli,cotton,2021,3,5720.65,339.95,5
Gujarat,Amreli,cotton,2021,4,5849.44,371.12,5
Gujarat,Amreli,cotton,2021,5,6264.28,427.94,4
Gujarat,Amreli,cotton,2021,6,6458.43,499.19,5
Gujarat,Amreli,cotton,2021,7,6510.53,754.06,5
Gujarat,Amreli,cotton,2021,8,6758.35,880.92,5
Gujarat,Amreli,cotton,2021,9,5248.58,401.85,5
Gujarat,Amreli,cotton,2021,10,6708.02,472.93,5
Gujarat,Amreli,cotton,2021,11,7632.61,524.37,6
Gujarat,Amreli,cotton,2021,12,8059.61,506.3,6
Gujarat,Amreli,cotton,2022,1,8704.21,319.61,6
Gujarat,Amreli,cotton,2022,2,8892.2,314.84,6
Gujarat,Amreli,cotton,2022,3,8798.31,557.82,6
Gujarat,Amreli,cotton,2022,4,10075.71,698.2,6
Gujarat,Amreli,cotton,2022,5,10573.3,1008.54,6
Gujarat,Amreli,cotton,2022,6,10388.6,720.7,6
Gujarat,Amreli,cotton,2022,7,9220.14,936.66,4
Gujarat,Amreli,cotton,2022,8,10406.94,833.43,5
Gujarat,Amreli,cotton,2022,9,8655.84,570.59,6
Gujarat,Amreli,cotton,2022,10,8433.3,210.08,6
Gujarat,Amreli,cotton,2022,11,8859.42,142.24,6
Gujarat,Amreli,cotton,2022,12,8267.4,171.01,6
Gujarat,Amreli,cotton,2023,1,8250.27,239.91,6
Gujarat,Amreli,cotton,2023,2,7886.54,294.52,6
Gujarat,Amreli,cotton,2023,3,7455.16,281.29,6
Gujarat,Amreli,cotton,2023,4,7666.05,269.51,6
Gujarat,Amreli,cotton,2023,5,7130.16,333.63,6
Gujarat,Amreli,cotton,2023,6,6842.29,358.53,6
Gujarat,Amreli,cotton,2023,7,6524.97,440.2,6
Gujarat,Amreli,cotton,2023,8,6958.09,549.73,6
Gujarat,Amreli,cotton,2023,9,6895.27,502.63,6
Gujarat,Amreli,cotton,2023,10,7059.86,245.03,6
Gujarat,Amreli,cotton,2023,11,7093.98,136.31,6
Gujarat,Amreli,cotton,2023,12,6655.47,334.16,6
Gujarat,Amreli,cotton,2024,1,6477.94,396.66,6
Gujarat,Amreli,cotton,2024,2,6545,427.26,6
Gujarat,Amreli,cotton,2024,3,7131.79,311.66,6
Gujarat,Amreli,cotton,2024,4,6771.41,313.64,6
Gujarat,Amreli,cotton,2024,5,6711.94,359.57,6
Gujarat,Amreli,cotton,2024,6,6577.69,508.5,6
Gujarat,Amreli,cotton,2024,7,6827.46,446.04,6
Gujarat,Amreli,cotton,2024,8,6784.06,509.3,6
Gujarat,Amreli,cotton,2024,9,7127.11,423.14,6
Gujarat,Amreli,cotton,2024,10,6904.03,466.48,6
Gujarat,Amreli,cotton,2024,11,7319.98,196.6,6
Gujarat,Amreli,cotton,2024,12,7037.08,198.36,6
Gujarat,Amreli,cotton,2025,1,7059.56,221.52,6
Gujarat,Amreli,cotton,2025,2,6920.26,278.01,6
Gujarat,Amreli,cotton,2025,3,6930.27,253.84,6
Gujarat,Amreli,cotton,2025,4,6948.39,384.16,6
Gujarat,Amreli,cotton,2025,5,7027.61,331.09,6
Gujarat,Amreli,cotton,2025,6,7012.1,625.38,6
Gujarat,Amreli,cotton,2025,7,7503.36,612.73,6
Gujarat,Amreli,cotton,2025,8,7547.72,610.96,6
Gujarat,Amreli,cotton,2025,9,6523.64,709.32,6
Gujarat,Amreli,cotton,2025,10,6634.13,588.51,6
Gujarat,Amreli,cotton,2025,11,6759.28,570.3,6
Gujarat,Amreli,cotton,2025,12,6807.93,458.23,6
Gujarat,Jamnagar,cotton,2021,1,5382.69,245.83,4
Gujarat,Jamnagar,cotton,2021,2,5455.19,248.84,4
Gujarat,Jamnagar,cotton,2021,3,5549.62,207.12,4
Gujarat,Jamnagar,cotton,2021,10,7161,270.13,5
Gujarat,Jamnagar,cotton,2021,11,7916.3,478.06,4
Gujarat,Jamnagar,cotton,2022,1,8413.75,518.37,4
Gujarat,Jamnagar,cotton,2022,2,8527.32,1472.68,4
Gujarat,Jamnagar,cotton,2023,5,6868.88,574.79,4
Gujarat,Jamnagar,cotton,2023,6,6735.33,442.68,5
Gujarat,Jamnagar,cotton,2024,4,6954.9,187.44,5
Gujarat,Jamnagar,cotton,2024,5,6751.76,199.76,5
Gujarat,Jamnagar,cotton,2024,6,6678.79,340.64,5
Gujarat,Jamnagar,cotton,2024,7,6465.47,454.15,4
Gujarat,Jamnagar,cotton,2024,9,7018.27,306.64,4
Gujarat,Jamnagar,cotton,2024,11,7106.88,382.85,4
Gujarat,Jamnagar,cotton,2024,12,6951,316.36,4
Gujarat,Jamnagar,cotton,2025,1,6968.39,324.2,4
Gujarat,Jamnagar,cotton,2025,2,6833.51,323.76,4
Gujarat,Jamnagar,cotton,2025,3,6859.05,337.37,5
Gujarat,Jamnagar,cotton,2025,4,6939.79,427.93,5
Gujarat,Jamnagar,cotton,2025,5,7030.19,407.37,5
Gujarat,Jamnagar,cotton,2025,6,7121.52,438.74,5
Gujarat,Jamnagar,cotton,2025,7,7417.37,547.23,4
Gujarat,Jamnagar,cotton,2025,8,7076.29,624.64,4
Gujarat,Jamnagar,cotton,2025,9,6666.95,376.31,4
Gujarat,Jamnagar,cotton,2025,10,6817.66,346.59,5
Gujarat,Jamnagar,cotton,2025,11,6861.03,347.54,5
Gujarat,Jamnagar,cotton,2025,12,7240.98,122.99,4
Gujarat,Rajkot,cotton,2021,1,5485.95,126.67,4
Gujarat,Rajkot,cotton,2021,2,5655.99,77.7,4
Gujarat,Rajkot,cotton,2021,3,5973,44.5,4
Gujarat,Rajkot,cotton,2021,4,6350.53,63.08,4
Gujarat,Rajkot,cotton,2021,10,7607.41,396.45,4
Gujarat,Rajkot,cotton,2021,11,8287.5,145.52,4
Gujarat,Rajkot,cotton,2021,12,8604.97,175.34,4
Gujarat,Rajkot,cotton,2022,1,9278.16,236.79,4
Gujarat,Rajkot,cotton,2022,5,11677.95,312.43,4
Gujarat,Rajkot,cotton,2022,6,11694.35,470.72,4
Gujarat,Rajkot,cotton,2022,9,8978,282.46,4
Gujarat,Rajkot,cotton,2022,10,8540.71,91.89,4
Gujarat,Rajkot,cotton,2022,12,8380.24,93.08,4
Gujarat,Rajkot,cotton,2023,1,8367.96,55.99,4
Gujarat,Rajkot,cotton,2023,2,8081.69,70.98,4
Gujarat,Rajkot,cotton,2023,3,7709.15,74.03,4
Gujarat,Rajkot,cotton,2023,4,8033.12,127.69,4
Gujarat,Rajkot,cotton,2023,5,7482.64,120.14,4
Gujarat,Rajkot,cotton,2023,6,7196.98,240.8,4
Gujarat,Rajkot,cotton,2023,7,6866.48,495.41,4
Gujarat,Rajkot,cotton,2023,8,7509.89,300.55,4
Gujarat,Rajkot,cotton,2023,9,7245.41,293.6,4
Gujarat,Rajkot,cotton,2023,10,7084.33,142.45,4
Gujarat,Rajkot,cotton,2023,11,7136.69,56.92,4
Gujarat,Rajkot,cotton,2023,12,6801.1,203.57,4
Gujarat,Rajkot,cotton,2024,1,6489.37,431.62,4
Gujarat,Rajkot,cotton,2024,2,6698.71,274.22,5
Gujarat,Rajkot,cotton,2024,3,7505.84,230.22,5
Gujarat,Rajkot,cotton,2024,4,7312.19,211.49,5
Gujarat,Rajkot,cotton,2024,5,7058.31,307.87,5
Gujarat,Rajkot,cotton,2024,6,7099.82,213.42,4
Gujarat,Rajkot,cotton,2024,7,7300.3,430.72,5
Gujarat,Rajkot,cotton,2024,8,7321.7,369.03,5
Gujarat,Rajkot,cotton,2024,9,7555.29,534.9,5
Gujarat,Rajkot,cotton,2024,10,7241.85,343.75,5
Gujarat,Rajkot,cotton,2024,11,7269.61,69.07,5
Gujarat,Rajkot,cotton,2024,12,7101.6,81.42,5
Gujarat,Rajkot,cotton,2025,1,7153.25,124.8,5
Gujarat,Rajkot,cotton,2025,2,6994.35,176.33,5
Gujarat,Rajkot,cotton,2025,3,6992.87,179.39,5
Gujarat,Rajkot,cotton,2025,4,7155.08,183.18,5
Gujarat,Rajkot,cotton,2025,5,7246.54,215,5
Gujarat,Rajkot,cotton,2025,6,7445.65,396.8,5
Gujarat,Rajkot,cotton,2025,7,7751.18,558.64,4
Gujarat,Rajkot,cotton,2025,8,7731.39,523.93,4
Gujarat,Rajkot,cotton,2025,9,7133.17,519.13,5
Gujarat,Rajkot,cotton,2025,10,7005.81,379.56,5
Gujarat,Rajkot,cotton,2025,11,7043.22,123.16,5
Gujarat,Rajkot,cotton,2025,12,7171.42,176.82,5
Haryana,Bhiwani,cotton,2023,9,7039.75,330.21,5
Haryana,Bhiwani,cotton,2023,10,6916.99,283.43,4
Haryana,Bhiwani,cotton,2024,1,6256.96,109.6,4
Haryana,Bhiwani,cotton,2025,11,6507.63,1031.84,4
Haryana,Fatehabad,cotton,2025,2,7083.53,171.74,4
Haryana,Hisar,cotton,2023,4,7537.18,183.9,4
Haryana,Hisar,cotton,2023,9,7254.37,348.93,4
Haryana,Hisar,cotton,2023,10,7215.99,469.57,5
Haryana,Hisar,cotton,2023,11,6760.52,531.67,4
Haryana,Hisar,cotton,2023,12,6646.2,714.18,4
Haryana,Hisar,cotton,2024,9,6973.58,100.11,4
Haryana,Hisar,cotton,2024,10,7655.2,279.94,5
Haryana,Hisar,cotton,2024,11,7463.53,282.05,5
Haryana,Hisar,cotton,2024,12,7349.47,259.62,5
Haryana,Hisar,cotton,2025,1,7327.11,202.76,4
Haryana,Hisar,cotton,2025,2,7212.16,225.9,5
Haryana,Hisar,cotton,2025,3,7315.9,225.64,4
Haryana,Hisar,cotton,2025,10,6932.68,533,5
Haryana,Hisar,cotton,2025,11,6862.97,687.86,5
Haryana,Hisar,cotton,2025,12,6934.23,591.4,4
Haryana,Sirsa,cotton,2021,12,8235.87,658.37,4
Haryana,Sirsa,cotton,2022,1,8693.72,797.52,4
Haryana,Sirsa,cotton,2022,2,9128.69,1248.38,4
Haryana,Sirsa,cotton,2022,3,9113.29,1339.15,4
Haryana,Sirsa,cotton,2022,4,10078.63,1317.48,4
Haryana,Sirsa,cotton,2023,8,6643.76,156.68,4
Haryana,Sirsa,cotton,2023,9,7090.45,133.14,4
Haryana,Sirsa,cotton,2023,10,6677.94,21.15,4
Haryana,Sirsa,cotton,2025,9,6639.38,743.78,4
Haryana,Sirsa,cotton,2025,11,6830.31,594.08,4
Haryana,Sirsa,cotton,2025,12,7083.62,528.7,5
Maharashtra,Wardha,cotton,2021,1,5564.52,52.26,4
Maharashtra,Wardha,cotton,2021,2,5774.76,113.59,4
Maharashtra,Wardha,cotton,2021,3,5813.33,259.88,4
Maharashtra,Wardha,cotton,2021,11,8152.93,64.2,4
Maharashtra,Wardha,cotton,2021,12,8334.76,115.37,4
Maharashtra,Wardha,cotton,2022,1,9538,246.85,4
Maharashtra,Wardha,cotton,2022,2,9508.57,416.51,4
Maharashtra,Wardha,cotton,2022,3,9308.09,504.06,4
Maharashtra,Wardha,cotton,2022,12,8375.8,82.73,4
Maharashtra,Wardha,cotton,2023,1,8174.41,63.76,4
Maharashtra,Wardha,cotton,2023,2,7986.74,79.35,4
Maharashtra,Wardha,cotton,2023,3,7720.18,108.33,4
Maharashtra,Wardha,cotton,2025,12,7577.09,281.69,4
Punjab,Mansa,cotton,2024,10,7366,182.26,4
Rajasthan,Hanumangarh,cotton,2021,1,5709.92,131.28,5
Rajasthan,Hanumangarh,cotton,2021,2,5944.36,182.51,5
Rajasthan,Hanumangarh,cotton,2021,3,6184.99,62.88,5
Rajasthan,Hanumangarh,cotton,2021,9,6959.02,133.64,6
Rajasthan,Hanumangarh,cotton,2021,10,8033.73,109.05,6
Rajasthan,Hanumangarh,cotton,2021,11,8443.65,265.48,6
Rajasthan,Hanumangarh,cotton,2021,12,8335.99,537.28,6
Rajasthan,Hanumangarh,cotton,2022,1,9145.34,745.5,7
Rajasthan,Hanumangarh,cotton,2022,2,10064.15,291.69,6
Rajasthan,Hanumangarh,cotton,2022,3,10222.08,475.21,6
Rajasthan,Hanumangarh,cotton,2022,4,11321.42,473.31,5
Rajasthan,Hanumangarh,cotton,2022,5,12382.78,463.24,6
Rajasthan,Hanumangarh,cotton,2022,9,8632.68,212.92,6
Rajasthan,Hanumangarh,cotton,2022,10,8576,189.74,7
Rajasthan,Hanumangarh,cotton,2022,11,8778.77,145.1,7
Rajasthan,Hanumangarh,cotton,2022,12,8531.77,110.58,7
Rajasthan,Hanumangarh,cotton,2023,1,8492.74,104.78,6
Rajasthan,Hanumangarh,cotton,2023,2,8225.91,95.56,7
Rajasthan,Hanumangarh,cotton,2023,3,7907.46,85.71,6
Rajasthan,Hanumangarh,cotton,2023,4,7979.98,57.73,6
Rajasthan,Hanumangarh,cotton,2023,5,7572.9,91.83,6
Rajasthan,Hanumangarh,cotton,2023,6,7257.82,83.52,6
Rajasthan,Hanumangarh,cotton,2023,7,7146.45,96.57,4
Rajasthan,Hanumangarh,cotton,2023,8,7043.87,347.86,5
Rajasthan,Hanumangarh,cotton,2023,9,7136.95,174.12,6
Rajasthan,Hanumangarh,cotton,2023,10,6916.02,184.48,7
Rajasthan,Hanumangarh,cotton,2023,11,6791.25,266.01,7
Rajasthan,Hanumangarh,cotton,2023,12,6549.36,332.67,6
Rajasthan,Hanumangarh,cotton,2024,1,6458.09,184.02,6
Rajasthan,Hanumangarh,cotton,2024,2,6289.03,422.86,6
Rajasthan,Hanumangarh,cotton,2024,3,6909.92,147.97,6
Rajasthan,Hanumangarh,cotton,2024,4,6609.49,218.1,6
Rajasthan,Hanumangarh,cotton,2024,5,6000.19,512.6,5
Rajasthan,Hanumangarh,cotton,2024,6,6559.76,152.74,4
Rajasthan,Hanumangarh,cotton,2024,10,7919.79,134.55,6
Rajasthan,Hanumangarh,cotton,2024,11,7564.17,139.57,6
Rajasthan,Hanumangarh,cotton,2024,12,7429.52,119.99,6
Rajasthan,Hanumangarh,cotton,2025,1,7398.77,107.27,6
Rajasthan,Hanumangarh,cotton,2025,2,7146.84,194.48,6
Rajasthan,Hanumangarh,cotton,2025,3,7096.44,155.96,6
Rajasthan,Hanumangarh,cotton,2025,4,7313.49,206.25,6
Rajasthan,Hanumangarh,cotton,2025,5,7558.07,305.32,5
Rajasthan,Hanumangarh,cotton,2025,9,6928.2,268.42,7
Rajasthan,Hanumangarh,cotton,2025,10,7201.42,113.7,7
Rajasthan,Hanumangarh,cotton,2025,11,7120.68,285.94,6
Rajasthan,Hanumangarh,cotton,2025,12,7014.58,383.38,6
Rajasthan,Sri Ganganagar,cotton,2021,1,5727.98,54.12,8
Rajasthan,Sri Ganganagar,cotton,2021,2,6023.61,70.9,8
Rajasthan,Sri Ganganagar,cotton,2021,3,6186.45,130.82,8
Rajasthan,Sri Ganganagar,cotton,2021,9,7118.57,233.82,7
Rajasthan,Sri Ganganagar,cotton,2021,10,8192.77,195.4,7
Rajasthan,Sri Ganganagar,cotton,2021,11,8217.69,190.92,9
Rajasthan,Sri Ganganagar,cotton,2021,12,8204.27,257.88,9
Rajasthan,Sri Ganganagar,cotton,2022,1,9311.71,356.87,9
Rajasthan,Sri Ganganagar,cotton,2022,2,10015.63,264.73,9
Rajasthan,Sri Ganganagar,cotton,2022,3,10023.35,403.75,9
Rajasthan,Sri Ganganagar,cotton,2022,4,11155.86,395.86,4
Rajasthan,Sri Ganganagar,cotton,2022,9,8533.54,225.09,9
Rajasthan,Sri Ganganagar,cotton,2022,10,8474.97,235.52,9
Rajasthan,Sri Ganganagar,cotton,2022,11,8767.44,335.03,9
Rajasthan,Sri Ganganagar,cotton,2022,12,8662.95,130.01,8
Rajasthan,Sri Ganganagar,cotton,2023,1,8590.27,184.66,8
Rajasthan,Sri Ganganagar,cotton,2023,2,8299.56,210.01,8
Rajasthan,Sri Ganganagar,cotton,2023,3,7848.43,137.12,8
Rajasthan,Sri Ganganagar,cotton,2023,4,8024.46,104.2,8
Rajasthan,Sri Ganganagar,cotton,2023,5,7764.41,149.96,8
Rajasthan,Sri Ganganagar,cotton,2023,6,7146.3,233.35,4
Rajasthan,Sri Ganganagar,cotton,2023,8,6240.58,169.55,5
Rajasthan,Sri Ganganagar,cotton,2023,9,6981.16,241.11,9
Rajasthan,Sri Ganganagar,cotton,2023,10,6811.88,208.51,9
Rajasthan,Sri Ganganagar,cotton,2023,11,6661.94,303,9
Rajasthan,Sri Ganganagar,cotton,2023,12,6150.96,507.56,9
Rajasthan,Sri Ganganagar,cotton,2024,1,6005.34,486.53,9
Rajasthan,Sri Ganganagar,cotton,2024,2,6081.82,434.54,10
Rajasthan,Sri Ganganagar,cotton,2024,3,6766.58,328.25,10
Rajasthan,Sri Ganganagar,cotton,2024,4,6475.2,335.83,7
Rajasthan,Sri Ganganagar,cotton,2024,10,7839.24,85.69,9
Rajasthan,Sri Ganganagar,cotton,2024,11,7468.95,117.17,9
Rajasthan,Sri Ganganagar,cotton,2024,12,7255.86,169.65,9
Rajasthan,Sri Ganganagar,cotton,2025,1,7375.74,121.37,8
Rajasthan,Sri Ganganagar,cotton,2025,2,7216.18,95.95,8
Rajasthan,Sri Ganganagar,cotton,2025,3,7098.94,215.59,9
Rajasthan,Sri Ganganagar,cotton,2025,4,7262.09,118.03,4
Rajasthan,Sri Ganganagar,cotton,2025,9,7156.4,200.69,9
Rajasthan,Sri Ganganagar,cotton,2025,10,7132.85,152.13,9
Rajasthan,Sri Ganganagar,cotton,2025,11,7055.49,194.33,10
Rajasthan,Sri Ganganagar,cotton,2025,12,6983.1,196.92,9
Tamil Nadu,Nagapattinam,cotton,2022,7,9494.36,336.05,4
Tamil Nadu,Nagapattinam,cotton,2022,8,11008.25,296.98,4
Gujarat,Amreli,maize,2023,4,2389.94,241.42,4
Gujarat,Amreli,maize,2023,6,2523.36,159.64,5
Gujarat,Amreli,maize,2023,7,2502.61,209.35,4
Gujarat,Amreli,maize,2023,10,2423.51,99.87,4
Gujarat,Amreli,maize,2024,2,2391.89,115.66,4
Gujarat,Amreli,maize,2024,4,2335.44,34.64,4
Gujarat,Amreli,maize,2024,5,2293.17,205.15,5
Gujarat,Amreli,maize,2024,6,2373.88,155.56,4
Gujarat,Amreli,maize,2024,7,2293.17,381.22,4
Gujarat,Amreli,maize,2024,9,2532.32,534.22,5
Gujarat,Amreli,maize,2025,2,2832.87,214.47,4
Gujarat,Amreli,maize,2025,3,2690.09,230.8,4
Gujarat,Amreli,maize,2025,5,2412.55,465.68,5
Gujarat,Amreli,maize,2025,7,2303.05,767.78,4
Gujarat,Amreli,maize,2025,8,2505.75,813.93,4
Gujarat,Amreli,maize,2025,9,2062.24,297.42,4
Gujarat,Amreli,maize,2025,10,2292.04,480.28,4
Gujarat,Amreli,maize,2025,11,2628.9,716.14,4
Gujarat,Aravalli,maize,2024,8,2481.75,286.12,4
Gujarat,Aravalli,maize,2024,9,2537.85,358.22,4
Gujarat,Aravalli,maize,2024,10,2400.6,224.5,4
Gujarat,Rajkot,maize,2022,6,2381.73,219.57,4
Gujarat,Rajkot,maize,2022,7,2336.72,133.01,4
Gujarat,Rajkot,maize,2022,10,2505.07,247.66,4
Gujarat,Rajkot,maize,2022,12,2136.35,45.98,4
Gujarat,Rajkot,maize,2023,2,2337.9,228.19,4
Gujarat,Rajkot,maize,2023,8,1944.81,292.04,4
Gujarat,Sabarkantha,maize,2024,11,2353.46,148.42,4
Haryana,Ambala,maize,2022,6,1915.73,42.96,4
Haryana,Ambala,maize,2023,6,1629.53,28.19,4
Haryana,Ambala,maize,2025,6,1996.24,88.35,4
Haryana,Kurukshetra,maize,2022,6,1727.38,150.77,4
Haryana,Kurukshetra,maize,2023,6,1326.74,163.21,4
Haryana,Kurukshetra,maize,2023,7,1263.27,147.3,4
Madhya Pradesh,Harda,maize,2021,1,1152.14,21.94,4
Madhya Pradesh,Harda,maize,2021,2,1178.27,23.9,4
Madhya Pradesh,Harda,maize,2021,3,1240.29,44.66,4
Madhya Pradesh,Harda,maize,2021,4,1231.55,86.05,4
Madhya Pradesh,Harda,maize,2021,6,1432.24,90.88,4
Madhya Pradesh,Harda,maize,2021,9,1113.75,160.26,4
Madhya Pradesh,Harda,maize,2021,10,1309.37,40.95,4
Madhya Pradesh,Harda,maize,2021,11,1460.19,19.11,4
Madhya Pradesh,Harda,maize,2021,12,1522.18,27.49,4
Madhya Pradesh,Harda,maize,2022,1,1649.5,50.95,4
Madhya Pradesh,Harda,maize,2022,2,1746.94,31.99,4
Madhya Pradesh,Harda,maize,2022,4,1799.37,199.44,4
Madhya Pradesh,Harda,maize,2022,5,1826.38,281.65,4
Madhya Pradesh,Harda,maize,2022,6,1779.6,212.66,4
Madhya Pradesh,Harda,maize,2022,7,1789.87,252.29,4
Madhya Pradesh,Harda,maize,2022,10,1509.75,79.01,4
Madhya Pradesh,Harda,maize,2022,11,1914.7,35.02,4
Madhya Pradesh,Harda,maize,2022,12,2005.95,17.78,4
Madhya Pradesh,Harda,maize,2023,1,2069.53,85.9,4
Madhya Pradesh,Harda,maize,2023,2,1913.9,46.95,4
Madhya Pradesh,Harda,maize,2023,3,1921.46,49.53,4
Madhya Pradesh,Harda,maize,2023,4,1710.61,155.41,4
Madhya Pradesh,Harda,maize,2023,5,1578.99,125.38,4
Madhya Pradesh,Harda,maize,2023,6,1611.27,134.05,4
Madhya Pradesh,Harda,maize,2023,10,1671.75,119.15,4
Madhya Pradesh,Harda,maize,2023,11,1960.5,45.72,4
Madhya Pradesh,Harda,maize,2023,12,2002.91,50.39,4
Madhya Pradesh,Harda,maize,2024,4,1995.35,40.32,4
Madhya Pradesh,Harda,maize,2024,5,2079.47,46.83,4
Madhya Pradesh,Harda,maize,2024,6,2193.21,58.12,4
Madhya Pradesh,Harda,maize,2024,7,2162.61,381.92,4
Madhya Pradesh,Harda,maize,2024,9,1570.66,108.99,4
Madhya Pradesh,Harda,maize,2024,10,1819.09,322.81,4
Madhya Pradesh,Harda,maize,2024,11,2134.55,40.97,4
Madhya Pradesh,Harda,maize,2024,12,2173.04,29.1,4
Madhya Pradesh,Harda,maize,2025,1,2237.3,26.51,4
Madhya Pradesh,Harda,maize,2025,2,2154.03,19.49,4
Madhya Pradesh,Harda,maize,2025,3,1995.65,87.13,4
Madhya Pradesh,Harda,maize,2025,4,1972.63,51.72,4
Madhya Pradesh,Harda,maize,2025,5,1995.32,12.4,4
Madhya Pradesh,Harda,maize,2025,6,2064.88,25.25,4
Madhya Pradesh,Harda,maize,2025,7,2101.16,32.74,4
Madhya Pradesh,Harda,maize,2025,8,2066.16,59.2,4
Madhya Pradesh,Harda,maize,2025,10,1402.17,193.16,4
Madhya Pradesh,Harda,maize,2025,11,1506.14,57.27,4
Madhya Pradesh,Harda,maize,2025,12,1587.78,29.94,4
Madhya Pradesh,Indore,maize,2021,11,1438.95,111.43,4
Madhya Pradesh,Indore,maize,2024,12,2126.24,203.1,4
Madhya Pradesh,Sagar,maize,2021,10,1286.7,88.62,4
Madhya Pradesh,Sagar,maize,2022,10,1682.04,92.64,4
Madhya Pradesh,Sagar,maize,2022,11,1856.1,56.73,4
Madhya Pradesh,Sagar,maize,2022,12,1955.21,58.27,5
Madhya Pradesh,Sagar,maize,2023,1,2016.1,116.07,4
Madhya Pradesh,Sagar,maize,2023,3,1759.7,179.63,4
Madhya Pradesh,Sagar,maize,2023,10,1746.64,56.01,4
Madhya Pradesh,Sagar,maize,2023,11,1843.1,57.02,5
Madhya Pradesh,Sagar,maize,2023,12,1926.33,38.88,5
Madhya Pradesh,Sagar,maize,2024,2,1983.21,103.54,5
Madhya Pradesh,Sagar,maize,2024,10,1995.91,112.98,5
Madhya Pradesh,Sagar,maize,2024,11,2140.11,30.32,5
Madhya Pradesh,Sagar,maize,2024,12,2253.02,34.57,5
Madhya Pradesh,Sagar,maize,2025,1,2249.06,74.55,5
Madhya Pradesh,Sagar,maize,2025,2,2230.28,88.14,4
Madhya Pradesh,Sagar,maize,2025,3,2140.38,101.65,4
Madhya Pradesh,Sagar,maize,2025,10,1560.14,129.85,5
Madhya Pradesh,Sagar,maize,2025,11,1518.29,66.88,5
Madhya Pradesh,Sagar,maize,2025,12,1575.59,16.49,5
Maharashtra,Ahmednagar,maize,2021,1,1245.57,93.03,5
Maharashtra,Ahmednagar,maize,2021,2,1263.6,99.9,5
Maharashtra,Ahmednagar,maize,2021,3,1343.13,140.63,5
Maharashtra,Ahmednagar,maize,2021,4,1397.43,118.16,4
Maharashtra,Ahmednagar,maize,2021,6,1556.06,217.79,4
Maharashtra,Ahmednagar,maize,2021,7,1709.94,161.48,4
Maharashtra,Ahmednagar,maize,2021,9,1625.81,218.91,5
Maharashtra,Ahmednagar,maize,2021,10,1575.34,120.23,5
Maharashtra,Ahmednagar,maize,2021,11,1542.2,138.5,5
Maharashtra,Ahmednagar,maize,2021,12,1539.73,129.25,4
Maharashtra,Ahmednagar,maize,2022,1,1643.16,68.66,4
Maharashtra,Ahmednagar,maize,2022,2,1819.28,148.19,4
Maharashtra,Ahmednagar,maize,2022,3,1905.93,275.38,4
Maharashtra,Ahmednagar,maize,2022,5,2080.52,245.37,4
Maharashtra,Ahmednagar,maize,2022,6,1952.08,334.09,5
Maharashtra,Ahmednagar,maize,2022,7,2238.55,233.81,4
Maharashtra,Ahmednagar,maize,2022,10,1918.54,354.43,5
Maharashtra,Ahmednagar,maize,2022,11,1904.01,93.17,5
Maharashtra,Ahmednagar,maize,2022,12,1955.34,131.75,5
Maharashtra,Ahmednagar,maize,2023,3,2092.92,79.17,4
Maharashtra,Ahmednagar,maize,2023,4,2252.45,549.15,4
Maharashtra,Ahmednagar,maize,2023,6,1838.78,137.29,5
Maharashtra,Ahmednagar,maize,2023,8,2200.82,95.84,4
Maharashtra,Ahmednagar,maize,2023,10,1987.23,108.67,4
Maharashtra,Ahmednagar,maize,2023,11,2034.12,58.44,4
Maharashtra,Ahmednagar,maize,2023,12,2059.78,93.61,4
Maharashtra,Ahmednagar,maize,2024,1,2069.73,112.4,5
Maharashtra,Ahmednagar,maize,2024,3,2118.07,168.6,4
Maharashtra,Ahmednagar,maize,2024,4,2099.33,62.22,5
Maharashtra,Ahmednagar,maize,2024,5,2108.49,157.48,5
Maharashtra,Ahmednagar,maize,2024,6,2204.15,167.35,4
Maharashtra,Ahmednagar,maize,2024,9,2076.34,259.62,4
Maharashtra,Ahmednagar,maize,2024,10,1963.4,180.02,5
Maharashtra,Ahmednagar,maize,2024,11,1953.99,108.45,5
Maharashtra,Ahmednagar,maize,2024,12,2031.15,60.27,5
Maharashtra,Ahmednagar,maize,2025,1,2155.91,83.41,5
Maharashtra,Ahmednagar,maize,2025,2,2101.1,57.84,5
Maharashtra,Ahmednagar,maize,2025,3,2116.78,188.4,4
Maharashtra,Ahmednagar,maize,2025,4,2018.58,128.27,5
Maharashtra,Ahmednagar,maize,2025,5,2013.62,145.73,4
Maharashtra,Ahmednagar,maize,2025,6,2153.36,127.16,4
Maharashtra,Ahmednagar,maize,2025,7,2092.85,132.59,4
Maharashtra,Ahmednagar,maize,2025,8,2420.84,204.3,4
Maharashtra,Ahmednagar,maize,2025,10,1739.35,71.17,4
Maharashtra,Ahmednagar,maize,2025,11,1537.57,126.68,4
Maharashtra,Ahmednagar,maize,2025,12,1551.65,144.17,4
Maharashtra,Beed,maize,2025,7,2139.52,149.9,5
Maharashtra,Buldhana,maize,2021,1,1119.64,189.57,4
Maharashtra,Buldhana,maize,2021,3,1277.47,146.31,4
Maharashtra,Buldhana,maize,2021,4,1228.71,190.7,4
Maharashtra,Buldhana,maize,2021,5,1364.62,151.11,4
Maharashtra,Buldhana,maize,2021,6,1357.49,235.78,4
Maharashtra,Buldhana,maize,2021,7,1549.23,174.16,4
Maharashtra,Buldhana,maize,2021,8,1601.03,235.89,5
Maharashtra,Buldhana,maize,2021,9,1565.64,184.5,4
Maharashtra,Buldhana,maize,2021,10,1364.85,63.02,5
Maharashtra,Buldhana,maize,2022,1,1459.29,194.97,4
Maharashtra,Buldhana,maize,2022,4,1927.67,243.16,4
Maharashtra,Buldhana,maize,2022,5,1843.24,341.98,4
Maharashtra,Buldhana,maize,2022,6,1831.42,170.26,4
Maharashtra,Buldhana,maize,2022,7,1952.56,406.09,4
Maharashtra,Buldhana,maize,2023,4,1714.3,131.75,4
Maharashtra,Buldhana,maize,2023,5,1626.58,272.27,4
Maharashtra,Buldhana,maize,2023,6,1594.94,117.09,4
Maharashtra,Buldhana,maize,2023,7,1948.68,108.67,4
Maharashtra,Buldhana,maize,2023,8,1996.46,230.01,5
Maharashtra,Buldhana,maize,2023,9,1985.29,162.35,4
Maharashtra,Buldhana,maize,2023,10,1932.38,172.18,4
Maharashtra,Buldhana,maize,2023,11,1918.3,89.48,4
Maharashtra,Buldhana,maize,2024,4,1928.43,80.44,4
Maharashtra,Buldhana,maize,2024,5,1950,172.27,4
Maharashtra,Buldhana,maize,2024,6,2088.25,153.26,4
Maharashtra,Buldhana,maize,2024,11,1805.93,277.74,4
Maharashtra,Buldhana,maize,2025,4,1881.02,117.87,4
Maharashtra,Buldhana,maize,2025,5,1861.46,98.91,5
Maharashtra,Nashik,maize,2021,1,1286.08,60.23,6
Maharashtra,Nashik,maize,2021,2,1299.76,57.07,6
Maharashtra,Nashik,maize,2021,3,1425.29,43.98,6
Maharashtra,Nashik,maize,2021,4,1492.21,48.6,6
Maharashtra,Nashik,maize,2021,5,1518.56,88.97,5
Maharashtra,Nashik,maize,2021,6,1596.9,131.11,5
Maharashtra,Nashik,maize,2021,7,1764.07,108.57,5
Maharashtra,Nashik,maize,2021,8,1804.64,73.58,5
Maharashtra,Nashik,maize,2021,9,1468.57,198.48,5
Maharashtra,Nashik,maize,2021,10,1486.44,156.28,6
Maharashtra,Nashik,maize,2021,11,1539.24,104.14,6
Maharashtra,Nashik,maize,2021,12,1570.39,83.89,6
Maharashtra,Nashik,maize,2022,1,1737.36,66.37,6
Maharashtra,Nashik,maize,2022,2,1859.69,36.25,6
Maharashtra,Nashik,maize,2022,3,2138.38,72.7,6
Maharashtra,Nashik,maize,2022,4,2216.87,122.5,5
Maharashtra,Nashik,maize,2022,5,2185.65,67.04,4
Maharashtra,Nashik,maize,2022,6,2146.93,42.72,4
Maharashtra,Nashik,maize,2022,7,2322.68,84.21,4
Maharashtra,Nashik,maize,2022,8,2434.16,63.67,4
Maharashtra,Nashik,maize,2022,9,2043.36,221.74,4
Maharashtra,Nashik,maize,2022,10,1850.21,260.94,6
Maharashtra,Nashik,maize,2022,11,1926.65,128.71,6
Maharashtra,Nashik,maize,2022,12,2042.08,26.05,6
Maharashtra,Nashik,maize,2023,1,2105.89,22.69,6
Maharashtra,Nashik,maize,2023,2,2100.81,22.71,6
Maharashtra,Nashik,maize,2023,3,2111.86,40.74,6
Maharashtra,Nashik,maize,2023,4,1967.59,23.49,6
Maharashtra,Nashik,maize,2023,5,1757.59,78.15,6
Maharashtra,Nashik,maize,2023,6,1768.67,72.9,6
Maharashtra,Nashik,maize,2023,7,2100.92,110.02,4
Maharashtra,Nashik,maize,2023,8,1990.54,148.75,4
Maharashtra,Nashik,maize,2023,10,1938.78,109.49,6
Maharashtra,Nashik,maize,2023,11,2106.9,80.21,6
Maharashtra,Nashik,maize,2023,12,2096.85,49.39,6
Maharashtra,Nashik,maize,2024,1,2156.35,32.33,6
Maharashtra,Nashik,maize,2024,2,2165.28,24.52,6
Maharashtra,Nashik,maize,2024,3,2176.97,49.05,6
Maharashtra,Nashik,maize,2024,5,2240.02,31.18,4
Maharashtra,Nashik,maize,2024,6,2358.85,73.56,4
Maharashtra,Nashik,maize,2024,7,2533.94,82.91,4
Maharashtra,Nashik,maize,2024,9,2190.57,286.56,4
Maharashtra,Nashik,maize,2024,10,2080.41,295.67,6
Maharashtra,Nashik,maize,2024,11,2054.95,69.21,6
Maharashtra,Nashik,maize,2024,12,2156.23,55.84,6
Maharashtra,Nashik,maize,2025,1,2265.13,35.34,6
Maharashtra,Nashik,maize,2025,2,2175.19,30.46,6
Maharashtra,Nashik,maize,2025,3,2203.4,55.39,6
Maharashtra,Nashik,maize,2025,4,2161.62,34.93,5
Maharashtra,Nashik,maize,2025,5,2088.36,57.42,5
Maharashtra,Nashik,maize,2025,6,2064.51,82.63,5
Maharashtra,Nashik,maize,2025,7,2131.25,139.61,4
Maharashtra,Nashik,maize,2025,8,2171.57,60.93,4
Maharashtra,Nashik,maize,2025,9,1541.34,275.64,5
Maharashtra,Nashik,maize,2025,10,1708.9,230.2,6
Maharashtra,Nashik,maize,2025,11,1486.39,131.41,6
Maharashtra,Nashik,maize,2025,12,1690,79.66,6
Maharashtra,Pune,maize,2021,2,1579.43,307.77,4
Maharashtra,Pune,maize,2021,4,1585.46,342.41,4
Maharashtra,Pune,maize,2021,5,1777.5,227.17,4
Maharashtra,Pune,maize,2021,6,1732.05,316.68,5
Maharashtra,Pune,maize,2021,8,1951.94,309.78,4
Maharashtra,Pune,maize,2021,9,1839.08,320.43,4
Maharashtra,Pune,maize,2021,10,1834.24,272.48,4
Maharashtra,Pune,maize,2021,11,1824.45,227.64,5
Maharashtra,Pune,maize,2021,12,1808.96,160.84,4
Maharashtra,Pune,maize,2022,3,2143.3,288.07,4
Maharashtra,Pune,maize,2022,4,2274.15,159.08,5
Maharashtra,Pune,maize,2022,5,2311.63,127.77,4
Maharashtra,Pune,maize,2022,6,2286.67,154.39,4
Maharashtra,Pune,maize,2022,8,2513.49,161.25,4
Maharashtra,Pune,maize,2022,10,2252.9,256.48,5
Maharashtra,Pune,maize,2022,11,2092.85,42.19,4
Maharashtra,Pune,maize,2022,12,2123.72,70.13,4
Maharashtra,Pune,maize,2023,1,2160.16,56.14,4
Maharashtra,Pune,maize,2023,3,2253.85,166.59,5
Maharashtra,Pune,maize,2023,5,1908.53,79.72,4
Maharashtra,Pune,maize,2023,12,2256.14,231.8,4
Maharashtra,Pune,maize,2024,2,2289.15,185.38,4
Maharashtra,Pune,maize,2024,4,2246.01,205.98,4
Maharashtra,Pune,maize,2024,6,2378,212.07,4
Maharashtra,Pune,maize,2024,8,2581.32,156.78,4
Maharashtra,Pune,maize,2024,9,2543.8,351.12,4
Maharashtra,Pune,maize,2024,10,2478.27,428.78,4
Maharashtra,Pune,maize,2024,11,2298.31,416.66,5
Maharashtra,Pune,maize,2024,12,2240.61,229.33,4
Maharashtra,Pune,maize,2025,1,2359.61,120.79,4
Maharashtra,Pune,maize,2025,3,2259.92,158.15,5
Maharashtra,Pune,maize,2025,4,2397.85,254.39,5
Maharashtra,Pune,maize,2025,5,2246.92,196.53,4
Maharashtra,Pune,maize,2025,6,2261.1,256.09,4
Maharashtra,Pune,maize,2025,7,2244.05,261.19,4
Maharashtra,Pune,maize,2025,8,2388.06,145.77,4
Maharashtra,Pune,maize,2025,9,2279.18,236.64,4
Maharashtra,Pune,maize,2025,10,2103.17,318.81,4
Maharashtra,Pune,maize,2025,11,1958.46,397.87,4
Maharashtra,Pune,maize,2025,12,2000.39,424.78,4
Maharashtra,Solapur,maize,2021,1,1294.12,83.38,4
Maharashtra,Solapur,maize,2021,2,1352.75,62.3,4
Maharashtra,Solapur,maize,2021,3,1457.5,86.81,4
Maharashtra,Solapur,maize,2021,4,1438.14,173.71,4
Maharashtra,Solapur,maize,2021,6,1603.29,38.91,4
Maharashtra,Solapur,maize,2021,8,1944,74.28,4
Maharashtra,Solapur,maize,2021,10,1733.2,52.11,4
Maharashtra,Solapur,maize,2021,11,1671.68,14.14,4
Maharashtra,Solapur,maize,2021,12,1696.36,36.08,4
Maharashtra,Solapur,maize,2022,1,1706.04,16.97,4
Maharashtra,Solapur,maize,2022,2,1896.61,51.66,4
Maharashtra,Solapur,maize,2022,3,2130.99,62.59,4
Maharashtra,Solapur,maize,2022,4,2215.35,76.96,4
Maharashtra,Solapur,maize,2022,5,2196.85,68.72,4
Maharashtra,Solapur,maize,2022,9,2101.72,402.9,4
Maharashtra,Solapur,maize,2022,10,2249.75,176.49,4
Maharashtra,Solapur,maize,2022,11,2073.01,33.97,5
Maharashtra,Solapur,maize,2022,12,2075.36,28.61,4
Maharashtra,Solapur,maize,2023,1,2130.02,70.96,4
Maharashtra,Solapur,maize,2023,4,2049.9,139.96,4
Maharashtra,Solapur,maize,2023,5,1848.38,37.16,4
Maharashtra,Solapur,maize,2023,6,1858.3,75.46,5
Maharashtra,Solapur,maize,2023,11,2199.54,60,4
Maharashtra,Solapur,maize,2023,12,2102.83,48.66,4
Maharashtra,Solapur,maize,2024,1,2138.67,50.61,4
Maharashtra,Solapur,maize,2024,2,2176.05,62.39,4
Maharashtra,Solapur,maize,2024,3,2221.07,83.69,4
Maharashtra,Solapur,maize,2024,4,2180.5,107.12,4
Maharashtra,Solapur,maize,2024,5,2228.78,134.94,4
Maharashtra,Solapur,maize,2024,9,2402.67,472.92,4
Maharashtra,Solapur,maize,2024,10,2238.1,243.37,4
Maharashtra,Solapur,maize,2024,11,2077.79,126.57,5
Maharashtra,Solapur,maize,2024,12,2112.48,110.49,4
Maharashtra,Solapur,maize,2025,1,2264.8,72.85,5
Maharashtra,Solapur,maize,2025,2,2234.32,55.44,4
Maharashtra,Solapur,maize,2025,4,2303.97,157.41,4
Maharashtra,Solapur,maize,2025,5,2202.69,64.06,4
Maharashtra,Solapur,maize,2025,6,2163.54,116.07,4
Maharashtra,Solapur,maize,2025,7,2256.17,122.67,4
Maharashtra,Solapur,maize,2025,9,2243.85,252.07,4
Maharashtra,Solapur,maize,2025,10,1835.15,117.83,4
Maharashtra,Solapur,maize,2025,11,1698.44,50.22,4
Maharashtra,Solapur,maize,2025,12,1757.3,95.15,4
Rajasthan,Bundi,maize,2021,10,1498.27,143.08,4
Rajasthan,Bundi,maize,2021,11,1686.14,257.79,4
Rajasthan,Bundi,maize,2021,12,1647.01,122.09,4
Rajasthan,Bundi,maize,2022,11,1916.7,89.55,4
Rajasthan,Bundi,maize,2022,12,2050.98,43.88,4
Rajasthan,Bundi,maize,2023,9,1918.07,504.33,4
Rajasthan,Bundi,maize,2023,10,1774.95,66.38,4
Rajasthan,Bundi,maize,2023,11,1984.46,42.13,4
Rajasthan,Bundi,maize,2024,10,2148.27,179.69,4
Rajasthan,Bundi,maize,2024,11,2275.49,107.99,4
Rajasthan,Bundi,maize,2024,12,2306.18,110.47,4
Rajasthan,Bundi,maize,2025,10,1682.41,217.27,4
Rajasthan,Bundi,maize,2025,11,1769.32,122.15,4
Rajasthan,Chittorgarh,maize,2022,11,1542.2,903.8,4
Rajasthan,Chittorgarh,maize,2022,12,1576.39,917.98,4
Rajasthan,Chittorgarh,maize,2023,1,1658.27,966.34,4
Rajasthan,Chittorgarh,maize,2023,2,1606.63,932.26,4
Rajasthan,Chittorgarh,maize,2023,3,1564.63,901.5,4
Rajasthan,Hanumangarh,maize,2024,11,2224.44,51.35,4
Rajasthan,Jhalawar,maize,2021,1,1223.67,31.6,4
Rajasthan,Jhalawar,maize,2021,2,1218.19,26.02,4
Rajasthan,Jhalawar,maize,2021,3,1222.53,110.63,4
Rajasthan,Jhalawar,maize,2021,6,1401.83,74.32,4
Rajasthan,Jhalawar,maize,2021,7,1627.73,73.73,4
Rajasthan,Jhalawar,maize,2021,10,1381.07,37.55,4
Rajasthan,Jhalawar,maize,2021,11,1488.23,56.47,4
Rajasthan,Jhalawar,maize,2021,12,1579.49,45.88,4
Rajasthan,Jhalawar,maize,2022,1,1694.18,101.14,4
Rajasthan,Jhalawar,maize,2022,2,1873.05,67.22,4
Rajasthan,Jhalawar,maize,2022,10,1685.31,83.64,4
Rajasthan,Jhalawar,maize,2022,11,1899.77,62.76,4
Rajasthan,Jhalawar,maize,2022,12,2066.67,152.04,4
Rajasthan,Jhalawar,maize,2023,1,2191.64,123.94,4
Rajasthan,Jhalawar,maize,2023,2,2135.42,89.25,4
Rajasthan,Jhalawar,maize,2023,10,1859.41,131.72,4
Rajasthan,Jhalawar,maize,2023,11,2009.23,150.29,4
Rajasthan,Jhalawar,maize,2023,12,2047.04,96.57,4
Rajasthan,Jhalawar,maize,2024,1,2210.18,85.48,4
Rajasthan,Jhalawar,maize,2024,10,2068.05,34.09,4
Rajasthan,Jhalawar,maize,2024,11,2253.95,84.03,4
Rajasthan,Jhalawar,maize,2024,12,2263.01,65.45,4
Rajasthan,Jhalawar,maize,2025,1,2413.93,185.4,4
Rajasthan,Jhalawar,maize,2025,10,1752.49,259.07,4
Rajasthan,Jhalawar,maize,2025,11,1704.69,286.04,4
Rajasthan,Jhalawar,maize,2025,12,1670.68,112.61,4
Rajasthan,Tonk,maize,2021,10,1988.58,467.68,4
Rajasthan,Tonk,maize,2021,11,1874.74,369.54,4
Rajasthan,Tonk,maize,2021,12,1664.36,574.27,4
Rajasthan,Tonk,maize,2022,1,1804.66,339.59,4
Rajasthan,Tonk,maize,2022,7,2345.86,540.08,4
Rajasthan,Tonk,maize,2022,10,2039.67,348.99,5
Rajasthan,Tonk,maize,2022,11,2092.49,334.85,5
Rajasthan,Tonk,maize,2022,12,2227.63,276.48,4
Rajasthan,Tonk,maize,2023,1,2312.28,253.98,4
Rajasthan,Tonk,maize,2023,2,2282.18,300.37,4
Rajasthan,Tonk,maize,2023,4,2102.06,161.54,4
Rajasthan,Tonk,maize,2023,6,1960.47,378.15,4
Rajasthan,Tonk,maize,2023,7,1976.87,382.36,4
Rajasthan,Tonk,maize,2023,10,2041.67,302.65,6
Rajasthan,Tonk,maize,2023,11,2077.64,227.14,6
Rajasthan,Tonk,maize,2023,12,2145.23,280.96,5
Rajasthan,Tonk,maize,2024,1,2304.95,209.26,4
Rajasthan,Tonk,maize,2024,2,2195.3,318.03,4
Rajasthan,Tonk,maize,2024,5,2284.35,294.07,4
Rajasthan,Tonk,maize,2024,7,2338.46,309.41,4
Rajasthan,Tonk,maize,2024,9,2429.24,278.55,4
Rajasthan,Tonk,maize,2024,10,2538.8,429.06,4
Rajasthan,Tonk,maize,2024,11,2565.32,371.32,5
Rajasthan,Tonk,maize,2024,12,2716.94,387.28,5
Rajasthan,Tonk,maize,2025,11,2401.66,647.14,5
Rajasthan,Tonk,maize,2025,12,2243.16,435.66,4
Tamil Nadu,Cuddalore,maize,2023,8,2094.93,188.23,4
Tamil Nadu,Salem,maize,2021,1,1306.69,31.38,5
Tamil Nadu,Salem,maize,2021,2,1281.46,145.29,6
Tamil Nadu,Salem,maize,2021,8,1644.45,246.6,4
Tamil Nadu,Salem,maize,2021,12,1604.49,45.11,4
Tamil Nadu,Salem,maize,2022,2,1872.52,92.46,4
Tamil Nadu,Salem,maize,2022,3,2117.46,304.4,4
Tamil Nadu,Salem,maize,2022,11,2057.44,90.18,4
Tamil Nadu,Salem,maize,2022,12,2141.72,139.25,4
Tamil Nadu,Salem,maize,2023,1,2129.19,110.11,5
Tamil Nadu,Salem,maize,2023,2,2178.59,32.2,4
Tamil Nadu,Salem,maize,2023,3,2136.62,90.83,5
Tamil Nadu,Salem,maize,2023,4,2029.98,54.22,4
Tamil Nadu,Salem,maize,2023,6,1940.22,28.76,6
Tamil Nadu,Salem,maize,2023,7,2148.57,112.58,6
Tamil Nadu,Salem,maize,2023,9,2159.04,135.93,4
Tamil Nadu,Salem,maize,2023,10,2166.78,83.61,4
Tamil Nadu,Salem,maize,2023,11,2088.04,404.31,5
Tamil Nadu,Salem,maize,2023,12,2229.35,47.78,5
Tamil Nadu,Salem,maize,2024,1,2214.66,93.24,6
Tamil Nadu,Salem,maize,2024,2,2185.24,111.57,5
Tamil Nadu,Salem,maize,2024,3,2114.69,134.65,6
Tamil Nadu,Salem,maize,2024,4,2183.39,151.06,4
Tamil Nadu,Salem,maize,2024,5,2309.66,20.02,4
Tamil Nadu,Salem,maize,2024,6,2406.53,44.06,4
Tamil Nadu,Tiruppur,maize,2021,8,1957.79,74.54,4
Tamil Nadu,Tiruppur,maize,2021,9,1942.06,86.88,5
Tamil Nadu,Tiruppur,maize,2021,10,1844.34,108.43,4
Tamil Nadu,Tiruppur,maize,2022,12,2189.49,159.08,4
Tamil Nadu,Tiruppur,maize,2023,1,2112.98,221.62,4
Tamil Nadu,Tiruppur,maize,2023,2,2151.32,113.03,4
Tamil Nadu,Tiruppur,maize,2023,3,2105.91,97.88,4
Tamil Nadu,Tiruppur,maize,2023,7,2142.96,49.6,4
Tamil Nadu,Tiruppur,maize,2023,8,2177.83,124.84,5
Tamil Nadu,Tiruppur,maize,2023,9,2219.71,93.86,4
Tamil Nadu,Tiruppur,maize,2023,11,2060.87,113.84,4
Tamil Nadu,Tiruppur,maize,2024,2,2181.22,128.07,4
Tamil Nadu,Tiruppur,maize,2024,5,2099.18,393.37,4
Tamil Nadu,Tiruppur,maize,2024,6,2176.82,130.17,4
Tamil Nadu,Villupuram,maize,2021,1,1239.68,79.89,5
Tamil Nadu,Villupuram,maize,2021,2,1293.25,140.81,6
Tamil Nadu,Villupuram,maize,2021,3,1449.6,129.46,7
Tamil Nadu,Villupuram,maize,2021,4,1585.82,79.08,6
Tamil Nadu,Villupuram,maize,2021,5,1565.53,80.5,5
Tamil Nadu,Villupuram,maize,2021,6,1624.61,112.17,7
Tamil Nadu,Villupuram,maize,2021,7,1791.72,92.9,5
Tamil Nadu,Villupuram,maize,2021,8,1717.68,224.46,8
Tamil Nadu,Villupuram,maize,2021,9,1762.5,138.01,6
Tamil Nadu,Villupuram,maize,2021,10,1611.85,99.46,5
Tamil Nadu,Villupuram,maize,2021,11,1472.45,103.18,5
Tamil Nadu,Villupuram,maize,2022,1,1793.74,177.21,5
Tamil Nadu,Villupuram,maize,2022,2,1917.1,69.22,6
Tamil Nadu,Villupuram,maize,2022,3,1962.44,604.95,5
Tamil Nadu,Villupuram,maize,2022,4,2113.52,133.18,5
Tamil Nadu,Villupuram,maize,2022,5,2060.5,169.31,4
Tamil Nadu,Villupuram,maize,2022,6,2248.2,44.1,4
Tamil Nadu,Villupuram,maize,2022,7,2317.28,115.45,6
Tamil Nadu,Villupuram,maize,2022,8,2358.74,113.3,6
Tamil Nadu,Villupuram,maize,2022,9,2169.12,173.16,6
Tamil Nadu,Villupuram,maize,2022,10,2016.81,206.84,5
Tamil Nadu,Villupuram,maize,2022,11,2017.2,210.13,4
Tamil Nadu,Villupuram,maize,2022,12,2067.79,134.78,4
Tamil Nadu,Villupuram,maize,2023,1,2198.86,165.95,5
Tamil Nadu,Villupuram,maize,2023,2,2129.83,128.02,5
Tamil Nadu,Villupuram,maize,2023,3,2100.54,141.61,4
Tamil Nadu,Villupuram,maize,2023,4,2003.28,128.39,5
Tamil Nadu,Villupuram,maize,2023,5,1813.44,168.49,5
Tamil Nadu,Villupuram,maize,2023,6,1887.17,70.65,5
Tamil Nadu,Villupuram,maize,2023,7,2116.94,82.66,5
Tamil Nadu,Villupuram,maize,2023,8,2191.25,41.98,6
Tamil Nadu,Villupuram,maize,2023,9,2158.48,54.21,6
Tamil Nadu,Villupuram,maize,2023,10,2036.05,158.92,7
Tamil Nadu,Villupuram,maize,2023,11,2138.35,112.3,7
Tamil Nadu,Villupuram,maize,2023,12,2230.32,348.11,7
Tamil Nadu,Villupuram,maize,2024,1,2158.03,28.8,6
Tamil Nadu,Villupuram,maize,2024,2,2151.14,52.3,6
Tamil Nadu,Villupuram,maize,2024,3,2191.2,26.69,6
Tamil Nadu,Villupuram,maize,2024,4,2258.23,61.28,6
Tamil Nadu,Villupuram,maize,2024,5,2232.37,110.6,6
Tamil Nadu,Villupuram,maize,2024,6,2337.59,99.59,6
Uttar Pradesh,Badaun,maize,2021,8,1580.78,23.56,4
Uttar Pradesh,Badaun,maize,2021,9,1688.27,9.93,4
Uttar Pradesh,Badaun,maize,2021,10,1740.59,16.94,4
Uttar Pradesh,Badaun,maize,2022,9,2258.88,54.52,4
Uttar Pradesh,Badaun,maize,2023,7,1750.78,18.21,4
Uttar Pradesh,Badaun,maize,2023,8,1743.6,23.49,4
Uttar Pradesh,Badaun,maize,2023,9,1839.13,33.46,4
Uttar Pradesh,Badaun,maize,2023,10,1993.98,61.55,4
Uttar Pradesh,Badaun,maize,2023,11,2078.54,78.63,4
Uttar Pradesh,Badaun,maize,2024,6,2087.98,24.04,4
Uttar Pradesh,Badaun,maize,2024,7,2105.93,5.73,4
Uttar Pradesh,Badaun,maize,2024,8,2142.05,51.29,4
Uttar Pradesh,Badaun,maize,2025,3,2257.97,82.96,4
Uttar Pradesh,Badaun,maize,2025,6,2115.9,20.11,4
Uttar Pradesh,Badaun,maize,2025,7,2054.54,46.05,4
Uttar Pradesh,Badaun,maize,2025,8,1983.03,84.09,4
Uttar Pradesh,Badaun,maize,2025,9,2054.66,55.83,4
Uttar Pradesh,Badaun,maize,2025,10,2085.89,41.49,4
Uttar Pradesh,Badaun,maize,2025,11,2161.88,52.06,4
Uttar Pradesh,Firozabad,maize,2023,6,2038.04,192.8,4
Uttar Pradesh,Firozabad,maize,2023,7,2079.12,335.32,4
Uttar Pradesh,Firozabad,maize,2023,8,1930.31,103.4,4
Uttar Pradesh,Firozabad,maize,2023,9,1977.12,65.21,4
Uttar Pradesh,Firozabad,maize,2023,10,2003.22,135.69,4
Uttar Pradesh,Firozabad,maize,2024,7,2153.15,58.65,4
Uttar Pradesh,Firozabad,maize,2024,8,2222.38,90.53,4
Uttar Pradesh,Firozabad,maize,2025,7,1963.35,102.73,4
Uttar Pradesh,Firozabad,maize,2025,8,2047.99,210.12,4
Uttar Pradesh,Firozabad,maize,2025,9,2090.06,171.74,4
Gujarat,Banaskantha,mustard,2021,1,5450.63,321.29,6
Gujarat,Banaskantha,mustard,2021,2,5147.59,64.17,6
Gujarat,Banaskantha,mustard,2021,3,5045.35,147.78,6
Gujarat,Banaskantha,mustard,2021,4,5637.25,105.3,6
Gujarat,Banaskantha,mustard,2021,5,6177.56,62.94,4
Gujarat,Banaskantha,mustard,2021,6,6070.35,121.2,6
Gujarat,Banaskantha,mustard,2021,7,6500.65,253.37,6
Gujarat,Banaskantha,mustard,2021,8,6796.05,132.44,6
Gujarat,Banaskantha,mustard,2021,9,7455.68,151.59,5
Gujarat,Banaskantha,mustard,2021,10,7285.79,99.3,4
Gujarat,Banaskantha,mustard,2021,12,7151.97,105.49,4
Gujarat,Banaskantha,mustard,2022,1,6688.73,389.11,5
Gujarat,Banaskantha,mustard,2022,2,6346.16,183.13,5
Gujarat,Banaskantha,mustard,2022,3,6314.5,112.1,5
Gujarat,Banaskantha,mustard,2022,4,6344.19,87.06,5
Gujarat,Banaskantha,mustard,2022,5,6488.89,94.86,5
Gujarat,Banaskantha,mustard,2022,6,6218.78,86.32,6
Gujarat,Banaskantha,mustard,2022,7,6009.57,18.01,5
Gujarat,Banaskantha,mustard,2022,8,5937.21,100.27,5
Gujarat,Banaskantha,mustard,2022,9,5592.3,113.12,5
Gujarat,Banaskantha,mustard,2022,10,5494.88,80.72,4
Gujarat,Banaskantha,mustard,2022,11,6125.24,95.24,5
Gujarat,Banaskantha,mustard,2022,12,5925.24,91,5
Gujarat,Banaskantha,mustard,2023,1,5457.07,258.53,6
Gujarat,Banaskantha,mustard,2023,2,5019.78,99.8,5
Gujarat,Banaskantha,mustard,2023,3,4990.91,179.05,5
Gujarat,Banaskantha,mustard,2023,4,4921.99,51.63,6
Gujarat,Banaskantha,mustard,2023,5,4707.39,60.1,5
Gujarat,Banaskantha,mustard,2023,6,4698.96,103.3,5
Gujarat,Banaskantha,mustard,2023,7,5056.82,118.86,7
Gujarat,Banaskantha,mustard,2023,8,5310.64,388.6,7
Gujarat,Banaskantha,mustard,2023,9,5040.05,66.21,7
Gujarat,Banaskantha,mustard,2023,10,5070.41,75.62,6
Gujarat,Banaskantha,mustard,2023,11,5111.81,79.01,5
Gujarat,Banaskantha,mustard,2023,12,5009.64,62.8,6
Gujarat,Banaskantha,mustard,2024,1,4841.49,114.77,6
Gujarat,Banaskantha,mustard,2024,2,4675.28,121.16,7
Gujarat,Banaskantha,mustard,2024,3,4757.27,57.36,6
Gujarat,Banaskantha,mustard,2024,4,4806.58,72.6,7
Gujarat,Banaskantha,mustard,2024,5,5279.21,136.07,7
Gujarat,Banaskantha,mustard,2024,6,5385.14,163.11,7
Gujarat,Banaskantha,mustard,2024,7,5371.64,110.58,7
Gujarat,Banaskantha,mustard,2024,8,5215.29,171.17,6
Gujarat,Banaskantha,mustard,2024,9,5850.21,79.91,7
Gujarat,Banaskantha,mustard,2024,10,5865.72,125.12,7
Gujarat,Banaskantha,mustard,2024,11,5765.3,145.43,5
Gujarat,Banaskantha,mustard,2024,12,5645.39,119.47,6
Gujarat,Banaskantha,mustard,2025,1,5552.88,93.07,6
Gujarat,Banaskantha,mustard,2025,2,5445.47,66.66,7
Gujarat,Banaskantha,mustard,2025,3,5516.11,416.03,7
Gujarat,Banaskantha,mustard,2025,4,5589.36,131.63,7
Gujarat,Banaskantha,mustard,2025,5,5778.8,140.73,7
Gujarat,Banaskantha,mustard,2025,6,5966.25,190.66,7
Gujarat,Banaskantha,mustard,2025,7,6315.12,95.36,7
Gujarat,Banaskantha,mustard,2025,8,6381.7,134.98,7
Gujarat,Banaskantha,mustard,2025,9,6331.61,119.7,6
Gujarat,Banaskantha,mustard,2025,10,6140.21,83.81,7
Gujarat,Banaskantha,mustard,2025,11,6391.12,131.82,4
Gujarat,Banaskantha,mustard,2025,12,6354.34,74.81,5
Gujarat,Jamnagar,mustard,2023,6,4733.5,494.87,4
Gujarat,Jamnagar,mustard,2023,7,4831.83,466.73,4
Gujarat,Jamnagar,mustard,2024,2,5009.09,598.11,4
Gujarat,Jamnagar,mustard,2024,3,5249.25,768.03,4
Gujarat,Jamnagar,mustard,2025,3,5097,421.91,4
Gujarat,Jamnagar,mustard,2025,5,5302.85,446.93,4
Gujarat,Mehsana,mustard,2021,2,5255.4,348.24,5
Gujarat,Mehsana,mustard,2021,3,5140.38,293.44,5
Gujarat,Mehsana,mustard,2021,4,5503.67,48.4,4
Gujarat,Mehsana,mustard,2021,8,6699.08,349.96,4
Gujarat,Mehsana,mustard,2021,10,7175.72,335.51,4
Gujarat,Mehsana,mustard,2022,2,6310.55,310.06,4
Gujarat,Mehsana,mustard,2022,3,6280.76,143.04,5
Gujarat,Mehsana,mustard,2022,4,6466.15,278.94,4
Gujarat,Mehsana,mustard,2022,5,6560.51,256.51,5
Gujarat,Mehsana,mustard,2022,6,6042.53,292.53,5
Gujarat,Mehsana,mustard,2022,7,5959.26,255.87,4
Gujarat,Mehsana,mustard,2022,8,5907.16,296.62,4
Gujarat,Mehsana,mustard,2022,9,5508.7,217.87,4
Gujarat,Mehsana,mustard,2022,10,5466.79,217.57,4
Gujarat,Mehsana,mustard,2022,11,6003.48,178.23,4
Gujarat,Mehsana,mustard,2022,12,5851.88,227.06,4
Gujarat,Mehsana,mustard,2023,1,5358.07,256.57,4
Gujarat,Mehsana,mustard,2023,2,5114.05,253.2,5
Gujarat,Mehsana,mustard,2023,3,5184.07,281.28,4
Gujarat,Mehsana,mustard,2023,4,4918.9,372.35,5
Gujarat,Mehsana,mustard,2023,5,4818.56,220.51,4
Gujarat,Mehsana,mustard,2023,6,4746.4,259.35,4
Gujarat,Mehsana,mustard,2023,7,5070.25,146.94,4
Gujarat,Mehsana,mustard,2023,8,5198.59,79.72,5
Gujarat,Mehsana,mustard,2023,9,4987.36,65.77,5
Gujarat,Mehsana,mustard,2023,10,5045.47,170.13,4
Gujarat,Mehsana,mustard,2023,11,5007.7,115.05,4
Gujarat,Mehsana,mustard,2024,1,5135.17,546.15,4
Gujarat,Mehsana,mustard,2024,2,4666.07,111.02,4
Gujarat,Mehsana,mustard,2024,3,4902.76,238.09,4
Gujarat,Mehsana,mustard,2024,4,4999.95,324.56,4
Gujarat,Mehsana,mustard,2024,5,5548.52,578.83,5
Gujarat,Mehsana,mustard,2024,6,5282.9,136.26,5
Gujarat,Mehsana,mustard,2024,7,5205.41,122.74,5
Gujarat,Mehsana,mustard,2024,8,5151.75,177.6,5
Gujarat,Mehsana,mustard,2024,9,5700.13,137.17,6
Gujarat,Mehsana,mustard,2024,10,5728.51,269.51,5
Gujarat,Mehsana,mustard,2024,11,5654.54,161.8,5
Gujarat,Mehsana,mustard,2024,12,5592.43,142.69,4
Gujarat,Mehsana,mustard,2025,1,5516.23,144.48,4
Gujarat,Mehsana,mustard,2025,2,5474.62,108.01,5
Gujarat,Mehsana,mustard,2025,3,5475.51,289.25,5
Gujarat,Mehsana,mustard,2025,4,5769.6,396.46,4
Gujarat,Mehsana,mustard,2025,5,5819.43,52.57,4
Gujarat,Mehsana,mustard,2025,7,6330.91,112.34,4
Gujarat,Mehsana,mustard,2025,8,6400.73,105.13,5
Gujarat,Mehsana,mustard,2025,9,6339.24,175.15,4
Gujarat,Mehsana,mustard,2025,10,6160.82,196.46,4
Gujarat,Patan,mustard,2024,6,5205.27,258.18,4
Gujarat,Patan,mustard,2024,7,5080.64,387.4,4
Gujarat,Patan,mustard,2024,9,5745.14,67.77,4
Gujarat,Patan,mustard,2024,10,5705.72,144.32,4
Gujarat,Patan,mustard,2025,2,5507.26,173.6,4
Gujarat,Patan,mustard,2025,3,5329.93,170.31,4
Gujarat,Patan,mustard,2025,4,5684,218.64,4
Gujarat,Patan,mustard,2025,5,5726.36,138.22,4
Gujarat,Patan,mustard,2025,6,5671.89,429.23,4
Gujarat,Patan,mustard,2025,7,6299.13,106.81,4
Gujarat,Patan,mustard,2025,8,6296.12,194.22,4
Gujarat,Patan,mustard,2025,10,5992.21,373.01,4
Gujarat,Sabarkantha,mustard,2025,2,5129.45,357.17,4
Gujarat,Sabarkantha,mustard,2025,3,5206.17,299.96,4
Haryana,Ambala,mustard,2022,3,6600.57,281.69,4
Haryana,Ambala,mustard,2022,4,6303.42,352.16,4
Haryana,Ambala,mustard,2023,3,5330.33,146.84,4
Haryana,Ambala,mustard,2024,3,5104.7,444.83,4
Haryana,Ambala,mustard,2025,3,6033.69,116.95,4
Haryana,Ambala,mustard,2025,4,5962.44,24.88,4
Haryana,Bhiwani,mustard,2025,3,5837.64,225.09,4
Haryana,Bhiwani,mustard,2025,4,5937.78,24.44,4
Haryana,Hisar,mustard,2022,4,6397,114.02,4
Haryana,Hisar,mustard,2023,4,5145.83,417,5
Haryana,Hisar,mustard,2025,3,5866.3,112,4
Haryana,Hisar,mustard,2025,4,5920.45,60.82,5
Haryana,Jind,mustard,2022,3,6462.18,136.58,5
Haryana,Jind,mustard,2022,4,6326.73,129.84,5
Haryana,Jind,mustard,2023,3,5317.16,157.01,4
Haryana,Jind,mustard,2023,4,5398.78,102.44,4
Haryana,Jind,mustard,2024,3,5396.9,384.45,4
Haryana,Jind,mustard,2024,4,5552.54,187.79,4
Haryana,Jind,mustard,2025,3,5843.32,134.57,5
Haryana,Jind,mustard,2025,4,5892.26,118.7,5
Haryana,Kurukshetra,mustard,2025,3,5735.02,194.78,5
Haryana,Kurukshetra,mustard,2025,4,5837.5,225,4
Haryana,Mohindergarh,mustard,2022,4,6529.61,237.79,4
Haryana,Mohindergarh,mustard,2025,3,5872.52,58.11,4
Haryana,Mohindergarh,mustard,2025,4,5897.27,51.22,4
Haryana,Sirsa,mustard,2022,3,6320.76,83.43,4
Haryana,Sirsa,mustard,2022,4,6220.4,65.75,4
Haryana,Sirsa,mustard,2023,5,4999.63,459.61,4
Haryana,Sirsa,mustard,2023,6,4089.91,855.51,4
Haryana,Sirsa,mustard,2023,9,4892.18,72.82,4
Haryana,Sirsa,mustard,2025,4,5814.79,154.03,4
Haryana,Sirsa,mustard,2025,5,5863.55,75.8,4
Madhya Pradesh,Chhatarpur,mustard,2022,3,6137.94,99.32,4
Madhya Pradesh,Chhatarpur,mustard,2022,4,6158.84,208.6,4
Madhya Pradesh,Chhatarpur,mustard,2022,5,6126.66,306.21,4
Madhya Pradesh,Chhatarpur,mustard,2022,6,6036.84,190.98,4
Madhya Pradesh,Chhatarpur,mustard,2022,7,5696.4,369.4,4
Madhya Pradesh,Chhatarpur,mustard,2022,8,5947.37,137.66,4
Madhya Pradesh,Chhatarpur,mustard,2022,9,5693.47,187.26,4
Madhya Pradesh,Chhatarpur,mustard,2022,10,5630.65,414.65,4
Madhya Pradesh,Chhatarpur,mustard,2023,2,4906.37,144.65,4
Madhya Pradesh,Chhatarpur,mustard,2023,3,4995.22,351.34,4
Madhya Pradesh,Chhatarpur,mustard,2023,4,5148.52,328.11,4
Madhya Pradesh,Chhatarpur,mustard,2023,6,4470.19,162.38,4
Madhya Pradesh,Chhatarpur,mustard,2023,7,4724.38,210.89,4
Madhya Pradesh,Chhatarpur,mustard,2023,10,4976.87,102.53,4
Madhya Pradesh,Chhatarpur,mustard,2024,2,4636.4,199.03,4
Madhya Pradesh,Chhatarpur,mustard,2024,4,4675.04,96.93,4
Madhya Pradesh,Chhatarpur,mustard,2024,8,5244.59,146.99,4
Madhya Pradesh,Chhatarpur,mustard,2024,10,5828.63,52.91,4
Madhya Pradesh,Chhatarpur,mustard,2025,6,5630.01,360.28,4
Madhya Pradesh,Harda,mustard,2024,5,4780.72,324.6,4
Madhya Pradesh,Harda,mustard,2025,3,5034.54,223.62,4
Madhya Pradesh,Rewa,mustard,2021,9,6721.13,393.86,4
Madhya Pradesh,Rewa,mustard,2021,11,6662.74,436.17,4
Madhya Pradesh,Rewa,mustard,2022,3,5961.11,327.46,4
Madhya Pradesh,Rewa,mustard,2022,4,6058.4,305.62,4
Madhya Pradesh,Rewa,mustard,2022,7,5555.66,534.09,4
Madhya Pradesh,Rewa,mustard,2023,4,4895.8,391.84,4
Madhya Pradesh,Rewa,mustard,2023,8,4828.48,248.58,4
Madhya Pradesh,Rewa,mustard,2023,10,4745.88,115.3,4
Madhya Pradesh,Rewa,mustard,2023,11,4684.15,153.13,4
Madhya Pradesh,Rewa,mustard,2023,12,4698.49,144.58,4
Madhya Pradesh,Rewa,mustard,2024,3,4675.45,130.67,4
Madhya Pradesh,Rewa,mustard,2024,4,4749.8,197.94,4
Madhya Pradesh,Rewa,mustard,2024,5,5090.14,437.47,4
Madhya Pradesh,Rewa,mustard,2024,6,5117.5,466.41,4
Madhya Pradesh,Rewa,mustard,2024,7,5056.06,217.85,4
Madhya Pradesh,Rewa,mustard,2024,8,4985.83,283.28,4
Madhya Pradesh,Rewa,mustard,2024,9,5246.52,277.25,4
Madhya Pradesh,Rewa,mustard,2024,10,5426.95,357.12,4
Madhya Pradesh,Rewa,mustard,2024,11,5400.02,268.63,4
Madhya Pradesh,Rewa,mustard,2024,12,5263.49,261,4
Madhya Pradesh,Rewa,mustard,2025,1,5216.85,485.12,4
Madhya Pradesh,Rewa,mustard,2025,3,5217.64,145.35,4
Madhya Pradesh,Rewa,mustard,2025,4,5559.41,64.16,4
Madhya Pradesh,Rewa,mustard,2025,5,5610.39,177.42,4
Madhya Pradesh,Rewa,mustard,2025,6,5688.52,211.82,4
Madhya Pradesh,Rewa,mustard,2025,7,6032.89,585.79,4
Madhya Pradesh,Rewa,mustard,2025,11,5895.21,266.78,4
Madhya Pradesh,Sagar,mustard,2021,3,4728.54,313.24,4
Madhya Pradesh,Sagar,mustard,2021,4,5224.42,421.09,4
Madhya Pradesh,Sagar,mustard,2021,6,5498.1,126.91,4
Madhya Pradesh,Sagar,mustard,2021,7,5574.44,336.64,5
Madhya Pradesh,Sagar,mustard,2021,8,6342,323.56,4
Madhya Pradesh,Sagar,mustard,2021,9,7062.27,206.59,4
Madhya Pradesh,Sagar,mustard,2021,11,6207.95,719.95,5
Madhya Pradesh,Sagar,mustard,2021,12,6027.27,647.43,4
Madhya Pradesh,Sagar,mustard,2022,3,5969.7,250.36,4
Madhya Pradesh,Sagar,mustard,2022,4,6064.36,169.57,4
Madhya Pradesh,Sagar,mustard,2022,5,5916.08,169.86,4
Madhya Pradesh,Sagar,mustard,2022,6,5830.06,237.72,4
Madhya Pradesh,Sagar,mustard,2023,1,5377.69,128.69,4
Madhya Pradesh,Sagar,mustard,2023,2,4806.13,282.65,4
Madhya Pradesh,Sagar,mustard,2023,3,4654.14,157.48,5
Madhya Pradesh,Sagar,mustard,2023,4,4708.1,157.01,4
Madhya Pradesh,Sagar,mustard,2023,5,4854.09,386,4
Madhya Pradesh,Sagar,mustard,2023,6,4707.62,239.16,4
Madhya Pradesh,Sagar,mustard,2023,7,4888.1,173,5
Madhya Pradesh,Sagar,mustard,2023,8,5167.36,184.82,4
Madhya Pradesh,Sagar,mustard,2023,10,4814.21,117.72,4
Madhya Pradesh,Sagar,mustard,2024,3,5185.09,305.94,4
Madhya Pradesh,Sagar,mustard,2024,4,4738.2,145.83,4
Madhya Pradesh,Sagar,mustard,2024,5,5205.02,95.77,4
Madhya Pradesh,Sagar,mustard,2024,7,5037.52,111.97,5
Madhya Pradesh,Sagar,mustard,2024,8,5185.7,123.61,5
Madhya Pradesh,Sagar,mustard,2024,9,5375.04,433.9,5
Madhya Pradesh,Sagar,mustard,2025,3,5106.47,575.4,5
Madhya Pradesh,Sagar,mustard,2025,4,5737.84,478.71,4
Madhya Pradesh,Sagar,mustard,2025,5,5802.6,260.2,5
Madhya Pradesh,Sagar,mustard,2025,6,5872.59,131.01,5
Madhya Pradesh,Sagar,mustard,2025,7,6251.73,224.92,4
Madhya Pradesh,Sagar,mustard,2025,8,6110.48,581.33,4
Madhya Pradesh,Sagar,mustard,2025,9,6033.24,271.33,5
Madhya Pradesh,Sagar,mustard,2025,11,5984.22,848.62,5
Madhya Pradesh,Sagar,mustard,2025,12,6665,636.33,4
Rajasthan,Alwar,mustard,2021,1,5615.91,275.53,4
Rajasthan,Alwar,mustard,2021,2,5461.21,39.69,4
Rajasthan,Alwar,mustard,2021,3,5056.51,17.51,4
Rajasthan,Alwar,mustard,2021,4,6015.68,169.45,4
Rajasthan,Alwar,mustard,2021,5,6808.11,202.56,4
Rajasthan,Alwar,mustard,2021,6,6548.06,25.43,4
Rajasthan,Alwar,mustard,2021,7,6874.49,33.11,4
Rajasthan,Alwar,mustard,2021,8,7276.32,63.6,4
Rajasthan,Alwar,mustard,2021,9,8051.18,78.17,4
Rajasthan,Alwar,mustard,2021,10,7868.7,56.16,4
Rajasthan,Alwar,mustard,2021,11,7771.11,48.44,4
Rajasthan,Alwar,mustard,2021,12,7270.83,88.27,4
Rajasthan,Alwar,mustard,2022,1,7223.1,30.32,4
Rajasthan,Alwar,mustard,2022,2,7038.93,161.55,4
Rajasthan,Alwar,mustard,2022,3,6430.9,63.98,4
Rajasthan,Alwar,mustard,2022,4,6610.78,63.22,4
Rajasthan,Alwar,mustard,2022,5,6727.69,36.01,4
Rajasthan,Alwar,mustard,2022,6,6537.19,10.57,4
Rajasthan,Alwar,mustard,2022,7,6373.16,28.17,4
Rajasthan,Alwar,mustard,2022,8,6327.56,29.49,4
Rajasthan,Alwar,mustard,2022,9,5862.97,21.86,4
Rajasthan,Alwar,mustard,2022,10,6144.92,56.38,4
Rajasthan,Alwar,mustard,2022,11,6410.05,23.01,4
Rajasthan,Alwar,mustard,2022,12,6219.36,52.28,4
Rajasthan,Alwar,mustard,2023,1,5880.83,100.33,4
Rajasthan,Alwar,mustard,2023,2,5253.28,94.43,4
Rajasthan,Alwar,mustard,2023,3,4876.8,71.39,4
Rajasthan,Alwar,mustard,2023,4,4971.36,45.31,4
Rajasthan,Alwar,mustard,2023,5,4813.39,42.5,4
Rajasthan,Alwar,mustard,2023,6,4781.67,28.13,4
Rajasthan,Alwar,mustard,2023,8,5298.97,22.09,4
Rajasthan,Alwar,mustard,2023,9,5250.59,28.36,4
Rajasthan,Alwar,mustard,2023,10,5339.68,50.3,4
Rajasthan,Alwar,mustard,2023,11,5351.45,86.28,4
Rajasthan,Alwar,mustard,2023,12,5241.94,80.28,4
Rajasthan,Alwar,mustard,2024,1,5134.97,43.25,4
Rajasthan,Alwar,mustard,2024,2,4976.3,97.52,4
Rajasthan,Alwar,mustard,2024,3,4900.88,88.68,4
Rajasthan,Alwar,mustard,2024,4,4921.02,35.43,4
Rajasthan,Alwar,mustard,2024,5,5393.21,13.48,4
Rajasthan,Alwar,mustard,2024,6,5664.68,37.26,4
Rajasthan,Alwar,mustard,2024,7,5657.43,32.72,4
Rajasthan,Alwar,mustard,2024,8,5731.57,36.89,4
Rajasthan,Alwar,mustard,2024,9,6210.67,37.24,4
Rajasthan,Alwar,mustard,2024,10,6320.77,40.52,4
Rajasthan,Alwar,mustard,2024,11,6202.08,61.68,4
Rajasthan,Alwar,mustard,2024,12,6019.29,26.92,4
Rajasthan,Alwar,mustard,2025,1,5885,78.81,4
Rajasthan,Alwar,mustard,2025,2,5697.51,68.7,4
Rajasthan,Alwar,mustard,2025,3,5500.48,47.65,4
Rajasthan,Alwar,mustard,2025,4,5792.41,47.35,4
Rajasthan,Alwar,mustard,2025,5,6054.64,51.53,4
Rajasthan,Alwar,mustard,2025,6,6320.87,38.71,4
Rajasthan,Alwar,mustard,2025,7,6785.66,41.69,4
Rajasthan,Alwar,mustard,2025,8,6806.73,75.14,4
Rajasthan,Alwar,mustard,2025,9,6753.29,96.07,4
Rajasthan,Alwar,mustard,2025,10,6561.87,91.29,4
Rajasthan,Alwar,mustard,2025,12,6658.07,115.52,4
Rajasthan,Baran,mustard,2021,2,5173.11,221.69,4
Rajasthan,Baran,mustard,2021,3,5125,36.6,4
Rajasthan,Baran,mustard,2021,4,5936.04,297.12,4
Rajasthan,Baran,mustard,2021,6,6340.89,79.71,4
Rajasthan,Baran,mustard,2021,7,6555.15,210.42,4
Rajasthan,Baran,mustard,2021,8,7001.51,108.87,4
Rajasthan,Baran,mustard,2021,9,7711.67,200.29,4
Rajasthan,Baran,mustard,2021,10,7475.53,197.74,4
Rajasthan,Baran,mustard,2021,11,7311.82,283.21,4
Rajasthan,Baran,mustard,2021,12,6922.47,49.35,4
Rajasthan,Baran,mustard,2022,2,6570.88,273.83,4
Rajasthan,Baran,mustard,2022,3,6343.4,148.69,4
Rajasthan,Baran,mustard,2022,4,6414.75,111.32,4
Rajasthan,Baran,mustard,2022,5,6332.13,87.77,4
Rajasthan,Baran,mustard,2022,6,6132.78,100.55,4
Rajasthan,Baran,mustard,2022,7,5972.7,223.99,4
Rajasthan,Baran,mustard,2022,8,5968.48,102.71,4
Rajasthan,Baran,mustard,2022,9,5510.7,170.63,4
Rajasthan,Baran,mustard,2022,10,5783.18,206.05,4
Rajasthan,Baran,mustard,2022,11,6014.22,148.71,4
Rajasthan,Baran,mustard,2022,12,5679.65,426.52,4
Rajasthan,Baran,mustard,2023,1,5422.82,233,4
Rajasthan,Baran,mustard,2023,2,5137.56,109.54,4
Rajasthan,Baran,mustard,2023,3,4947.97,107.21,4
Rajasthan,Baran,mustard,2023,4,4824.02,60.1,4
Rajasthan,Baran,mustard,2023,5,4567.55,134.86,4
Rajasthan,Baran,mustard,2023,6,4602.08,122.12,4
Rajasthan,Baran,mustard,2023,7,4946.08,144.87,4
Rajasthan,Baran,mustard,2023,8,5239.67,126.82,4
Rajasthan,Baran,mustard,2023,9,5079.33,110.66,4
Rajasthan,Baran,mustard,2023,10,5190.98,147.42,4
Rajasthan,Baran,mustard,2023,11,5220.02,101.11,4
Rajasthan,Baran,mustard,2023,12,4972.59,168.89,4
Rajasthan,Baran,mustard,2024,1,4815.09,120.71,4
Rajasthan,Baran,mustard,2024,2,4608.26,165.81,4
Rajasthan,Baran,mustard,2024,3,4653.71,126.8,4
Rajasthan,Baran,mustard,2024,4,4750.34,80.63,4
Rajasthan,Baran,mustard,2024,5,5125.31,176.14,4
Rajasthan,Baran,mustard,2024,6,5389.12,101.93,4
Rajasthan,Baran,mustard,2024,7,5326.58,189.86,4
Rajasthan,Baran,mustard,2024,8,5329.61,189.76,4
Rajasthan,Baran,mustard,2024,9,6017.35,237.35,4
Rajasthan,Baran,mustard,2024,10,5991.53,154.56,4
Rajasthan,Baran,mustard,2024,11,5867.67,114.89,4
Rajasthan,Baran,mustard,2024,12,5580.8,312.22,4
Rajasthan,Baran,mustard,2025,1,5596.05,122.72,4
Rajasthan,Baran,mustard,2025,2,5347.91,261.76,4
Rajasthan,Baran,mustard,2025,3,5429.75,88.12,4
Rajasthan,Baran,mustard,2025,4,5773.93,52.56,4
Rajasthan,Baran,mustard,2025,5,5874.12,174.43,4
Rajasthan,Baran,mustard,2025,6,6002.79,202.43,4
Rajasthan,Baran,mustard,2025,7,6506.21,241.85,4
Rajasthan,Baran,mustard,2025,8,6594.06,139.26,4
Rajasthan,Baran,mustard,2025,9,6426.07,94.16,4
Rajasthan,Baran,mustard,2025,11,6385.53,145.5,4
Rajasthan,Baran,mustard,2025,12,6746.98,778.42,4
Rajasthan,Bharatpur,mustard,2021,1,5840.07,50.98,4
Rajasthan,Bharatpur,mustard,2021,2,5362.91,208.57,4
Rajasthan,Bharatpur,mustard,2021,3,5153.6,140.86,4
Rajasthan,Bharatpur,mustard,2021,7,6865.72,35.19,4
Rajasthan,Bharatpur,mustard,2021,8,7286.19,32.04,4
Rajasthan,Bharatpur,mustard,2021,9,7996.22,120.69,4
Rajasthan,Bharatpur,mustard,2021,10,7934.45,33.42,5
Rajasthan,Bharatpur,mustard,2021,11,7779.24,75.65,5
Rajasthan,Bharatpur,mustard,2021,12,7278.71,92.43,4
Rajasthan,Bharatpur,mustard,2022,1,7227.27,50.42,4
Rajasthan,Bharatpur,mustard,2022,2,7182,351.82,5
Rajasthan,Bharatpur,mustard,2022,3,6555.68,162.54,4
Rajasthan,Bharatpur,mustard,2022,4,6642.37,118.81,4
Rajasthan,Bharatpur,mustard,2022,5,6690.07,64.96,4
Rajasthan,Bharatpur,mustard,2022,6,6471.83,35.04,5
Rajasthan,Bharatpur,mustard,2022,7,6293.8,31.35,5
Rajasthan,Bharatpur,mustard,2022,8,6322.08,45.39,4
Rajasthan,Bharatpur,mustard,2022,11,6445.52,56.76,5
Rajasthan,Bharatpur,mustard,2022,12,6200.78,76.39,5
Rajasthan,Bharatpur,mustard,2023,1,5860.98,74.5,5
Rajasthan,Bharatpur,mustard,2023,2,5429.08,65.64,5
Rajasthan,Bharatpur,mustard,2023,3,5031.81,89.72,5
Rajasthan,Bharatpur,mustard,2023,4,4982.41,51.2,5
Rajasthan,Bharatpur,mustard,2023,5,4758.25,55.18,5
Rajasthan,Bharatpur,mustard,2023,6,4757.79,39.22,5
Rajasthan,Bharatpur,mustard,2023,7,5104.94,50.78,5
Rajasthan,Bharatpur,mustard,2023,8,5356.26,85.87,5
Rajasthan,Bharatpur,mustard,2023,9,5283.84,57.04,5
Rajasthan,Bharatpur,mustard,2023,10,5351.91,71.54,5
Rajasthan,Bharatpur,mustard,2023,11,5341.71,106.11,5
Rajasthan,Bharatpur,mustard,2023,12,5281.52,44.49,5
Rajasthan,Bharatpur,mustard,2024,1,5119.67,47.98,5
Rajasthan,Bharatpur,mustard,2024,2,5023.54,78.92,5
Rajasthan,Bharatpur,mustard,2024,3,4920.02,77.56,5
Rajasthan,Bharatpur,mustard,2024,4,4923.75,80.06,5
Rajasthan,Bharatpur,mustard,2024,5,5269.29,54.69,5
Rajasthan,Bharatpur,mustard,2024,6,5608.94,65.22,5
Rajasthan,Bharatpur,mustard,2024,7,5604.58,59.95,5
Rajasthan,Bharatpur,mustard,2024,8,5663.97,70.88,5
Rajasthan,Bharatpur,mustard,2024,9,6099.42,102.78,5
Rajasthan,Bharatpur,mustard,2024,10,6300.4,71.43,5
Rajasthan,Bharatpur,mustard,2024,11,6197.78,75.03,5
Rajasthan,Bharatpur,mustard,2024,12,6026.33,69.73,5
Rajasthan,Bharatpur,mustard,2025,1,5863.14,48.45,5
Rajasthan,Bharatpur,mustard,2025,2,5680.11,80.58,5
Rajasthan,Bharatpur,mustard,2025,3,5536.44,80.16,5
Rajasthan,Bharatpur,mustard,2025,4,5779.9,81.62,5
Rajasthan,Bharatpur,mustard,2025,5,5990.7,49.74,5
Rajasthan,Bharatpur,mustard,2025,6,6215.57,52.66,5
Rajasthan,Bharatpur,mustard,2025,7,6773.18,45.5,5
Rajasthan,Bharatpur,mustard,2025,8,6867.78,39.57,5
Rajasthan,Bharatpur,mustard,2025,9,6794.28,46.55,5
Rajasthan,Bharatpur,mustard,2025,10,6602.87,66.06,5
Rajasthan,Bharatpur,mustard,2025,11,6710.12,46.81,4
Rajasthan,Bharatpur,mustard,2025,12,6692.88,71.58,4
Rajasthan,Bikaner,mustard,2021,4,5616.35,192.35,4
Rajasthan,Bikaner,mustard,2021,6,6096.04,302.51,4
Rajasthan,Bikaner,mustard,2025,4,5415.7,166.02,4
Rajasthan,Bundi,mustard,2021,7,6686.76,159.52,4
Rajasthan,Bundi,mustard,2021,10,7508.02,61.86,4
Rajasthan,Bundi,mustard,2021,11,7288.52,180.39,4
Rajasthan,Bundi,mustard,2021,12,7133.84,99.21,4
Rajasthan,Bundi,mustard,2022,2,6277.33,203.27,4
Rajasthan,Bundi,mustard,2022,3,6236.57,127.31,4
Rajasthan,Bundi,mustard,2022,4,6454.13,96.45,4
Rajasthan,Bundi,mustard,2022,5,6472.88,111.25,4
Rajasthan,Bundi,mustard,2022,6,6299.11,73.83,4
Rajasthan,Bundi,mustard,2022,7,6112.5,116.84,4
Rajasthan,Bundi,mustard,2022,8,6076.88,149.67,4
Rajasthan,Bundi,mustard,2022,9,5628.07,88.1,4
Rajasthan,Bundi,mustard,2022,10,5808.22,88.15,4
Rajasthan,Bundi,mustard,2022,11,6049.94,211.26,4
Rajasthan,Bundi,mustard,2022,12,5923.15,92.11,4
Rajasthan,Bundi,mustard,2023,1,5295.94,481.85,4
Rajasthan,Bundi,mustard,2023,2,5032,132.1,4
Rajasthan,Bundi,mustard,2023,3,4943.54,64.71,4
Rajasthan,Bundi,mustard,2023,5,4741.52,160.24,4
Rajasthan,Bundi,mustard,2023,6,4620.83,39.96,4
Rajasthan,Bundi,mustard,2023,7,4959.39,111.58,4
Rajasthan,Bundi,mustard,2023,8,5337.31,72.32,4
Rajasthan,Bundi,mustard,2023,9,5157.91,158.49,4
Rajasthan,Bundi,mustard,2023,10,5262.7,119.99,4
Rajasthan,Bundi,mustard,2023,11,5238.29,63.57,4
Rajasthan,Bundi,mustard,2023,12,5089.82,18.98,4
Rajasthan,Bundi,mustard,2024,1,4946.42,75.09,4
Rajasthan,Bundi,mustard,2024,2,4662.25,150.04,4
Rajasthan,Bundi,mustard,2024,3,4808.66,165.33,4
Rajasthan,Bundi,mustard,2024,4,4873.91,148.05,4
Rajasthan,Bundi,mustard,2024,5,5246.71,120,4
Rajasthan,Bundi,mustard,2024,6,5535.7,146.27,4
Rajasthan,Bundi,mustard,2024,7,5475.38,95.38,4
Rajasthan,Bundi,mustard,2024,8,5363.13,226.53,4
Rajasthan,Bundi,mustard,2024,9,6162.75,89.2,4
Rajasthan,Bundi,mustard,2024,10,6025.75,109.19,4
Rajasthan,Bundi,mustard,2024,11,5901.48,76.67,4
Rajasthan,Bundi,mustard,2024,12,5756.6,104.02,4
Rajasthan,Bundi,mustard,2025,1,5566.54,164.67,4
Rajasthan,Bundi,mustard,2025,2,5503.62,27.85,4
Rajasthan,Bundi,mustard,2025,3,5517.52,151.13,4
Rajasthan,Bundi,mustard,2025,4,5808.17,78.57,4
Rajasthan,Bundi,mustard,2025,5,5968.59,72.06,4
Rajasthan,Bundi,mustard,2025,6,6137.38,115.41,4
Rajasthan,Bundi,mustard,2025,7,6671.34,118.3,4
Rajasthan,Bundi,mustard,2025,8,6768.49,141.4,4
Rajasthan,Bundi,mustard,2025,9,6467.11,142.08,4
Rajasthan,Bundi,mustard,2025,10,6286.32,226.42,4
Rajasthan,Bundi,mustard,2025,11,6450.3,127.49,4
Rajasthan,Dausa,mustard,2021,1,5742.55,183.92,4
Rajasthan,Dausa,mustard,2021,2,5344.82,272.85,4
Rajasthan,Dausa,mustard,2021,3,5045.7,287.58,4
Rajasthan,Dausa,mustard,2021,4,5804.57,476.55,4
Rajasthan,Dausa,mustard,2021,5,6678.07,356.15,4
Rajasthan,Dausa,mustard,2021,6,6443.24,227.65,4
Rajasthan,Dausa,mustard,2021,7,6714.97,251.86,4
Rajasthan,Dausa,mustard,2021,8,7129.93,271.54,4
Rajasthan,Dausa,mustard,2021,9,7838.15,313.76,4
Rajasthan,Dausa,mustard,2021,10,7686.5,231.15,4
Rajasthan,Dausa,mustard,2021,11,7569.28,254.58,4
Rajasthan,Dausa,mustard,2021,12,7178.06,169.86,4
Rajasthan,Dausa,mustard,2022,1,7037.74,274.64,4
Rajasthan,Dausa,mustard,2022,2,6413.82,537.97,4
Rajasthan,Dausa,mustard,2022,3,6400.58,260.51,4
Rajasthan,Dausa,mustard,2022,4,6537.05,310.99,4
Rajasthan,Dausa,mustard,2022,5,6663.02,186.58,4
Rajasthan,Dausa,mustard,2022,6,6507.91,155.04,4
Rajasthan,Dausa,mustard,2022,7,6294.41,120.9,4
Rajasthan,Dausa,mustard,2022,8,6224.33,112.29,4
Rajasthan,Dausa,mustard,2022,9,5992.88,86.99,4
Rajasthan,Dausa,mustard,2022,10,6072.11,129.91,4
Rajasthan,Dausa,mustard,2022,11,6348.89,140.25,4
Rajasthan,Dausa,mustard,2022,12,6175.07,113.77,4
Rajasthan,Dausa,mustard,2023,1,5810.12,133.82,4
Rajasthan,Dausa,mustard,2023,2,5184.74,223.95,4
Rajasthan,Dausa,mustard,2023,3,4959.01,304.01,4
Rajasthan,Dausa,mustard,2023,4,4907.31,328.32,4
Rajasthan,Dausa,mustard,2023,5,4711.81,247.04,4
Rajasthan,Dausa,mustard,2023,6,4694.88,244.08,4
Rajasthan,Dausa,mustard,2023,7,5115.19,131.13,4
Rajasthan,Dausa,mustard,2023,10,5327.75,171.61,4
Rajasthan,Dausa,mustard,2023,11,5343.54,178.57,4
Rajasthan,Dausa,mustard,2023,12,5260.04,128.6,4
Rajasthan,Dausa,mustard,2024,1,5094.06,122.62,4
Rajasthan,Dausa,mustard,2024,2,4894.14,114.55,4
Rajasthan,Dausa,mustard,2024,3,4892.33,119.37,4
Rajasthan,Dausa,mustard,2024,4,4939.88,130.59,4
Rajasthan,Dausa,mustard,2024,5,5263.03,225.08,4
Rajasthan,Dausa,mustard,2024,6,5587.71,90.7,4
Rajasthan,Dausa,mustard,2024,7,5531.9,85.95,4
Rajasthan,Dausa,mustard,2024,8,5585.08,140.19,4
Rajasthan,Dausa,mustard,2024,9,6174.9,195.77,4
Rajasthan,Dausa,mustard,2024,10,6178.09,233.57,4
Rajasthan,Dausa,mustard,2024,11,6115.3,159.47,4
Rajasthan,Dausa,mustard,2024,12,5990.92,116.98,4
Rajasthan,Dausa,mustard,2025,1,5812.32,130.96,4
Rajasthan,Dausa,mustard,2025,2,5596.77,181.21,4
Rajasthan,Dausa,mustard,2025,3,5460.66,174.57,4
Rajasthan,Dausa,mustard,2025,4,5734.97,145.91,4
Rajasthan,Dausa,mustard,2025,5,6016,109.54,4
Rajasthan,Dausa,mustard,2025,6,6257.15,71.83,4
Rajasthan,Dausa,mustard,2025,7,6718.72,32.93,4
Rajasthan,Dausa,mustard,2025,8,6763.95,86.09,4
Rajasthan,Dausa,mustard,2025,9,6689.87,66.26,4
Rajasthan,Dausa,mustard,2025,10,6515.67,88.72,4
Rajasthan,Dausa,mustard,2025,11,6706.25,124.06,4
Rajasthan,Dausa,mustard,2025,12,6624.87,91.78,4
Rajasthan,Hanumangarh,mustard,2021,1,5509.01,310.53,4
Rajasthan,Hanumangarh,mustard,2021,3,5110.08,124.87,8
Rajasthan,Hanumangarh,mustard,2021,4,5497.14,173.68,8
Rajasthan,Hanumangarh,mustard,2021,5,6503.96,134.39,7
Rajasthan,Hanumangarh,mustard,2021,6,6391.21,54.89,8
Rajasthan,Hanumangarh,mustard,2021,7,6514.11,76.14,8
Rajasthan,Hanumangarh,mustard,2021,8,7012.63,93,8
Rajasthan,Hanumangarh,mustard,2021,9,7666.79,153.19,7
Rajasthan,Hanumangarh,mustard,2021,10,7276.69,286.54,8
Rajasthan,Hanumangarh,mustard,2021,11,7347.97,159.54,7
Rajasthan,Hanumangarh,mustard,2021,12,7129.53,193.63,7
Rajasthan,Hanumangarh,mustard,2022,1,6837.69,139.61,5
Rajasthan,Hanumangarh,mustard,2022,2,6925.92,369.7,5
Rajasthan,Hanumangarh,mustard,2022,3,6413.04,143.42,8
Rajasthan,Hanumangarh,mustard,2022,4,6233.37,152.33,8
Rajasthan,Hanumangarh,mustard,2022,5,6394.94,133.61,8
Rajasthan,Hanumangarh,mustard,2022,6,6181.27,139.55,8
Rajasthan,Hanumangarh,mustard,2022,7,5972.18,122.12,8
Rajasthan,Hanumangarh,mustard,2022,8,5912.04,106.22,8
Rajasthan,Hanumangarh,mustard,2022,9,5538.82,98.83,8
Rajasthan,Hanumangarh,mustard,2022,10,5652.41,179.92,8
Rajasthan,Hanumangarh,mustard,2022,11,6086.66,185.12,8
Rajasthan,Hanumangarh,mustard,2022,12,5855.41,167.27,8
Rajasthan,Hanumangarh,mustard,2023,1,5534,186.06,8
Rajasthan,Hanumangarh,mustard,2023,2,5200.2,163.53,8
Rajasthan,Hanumangarh,mustard,2023,3,4910.84,136.92,8
Rajasthan,Hanumangarh,mustard,2023,4,4736.5,130.75,8
Rajasthan,Hanumangarh,mustard,2023,5,4538.2,66.33,8
Rajasthan,Hanumangarh,mustard,2023,6,4564.06,119.18,8
Rajasthan,Hanumangarh,mustard,2023,7,5012.36,161.72,8
Rajasthan,Hanumangarh,mustard,2023,8,5098.34,289.93,8
Rajasthan,Hanumangarh,mustard,2023,9,5019.29,146.59,8
Rajasthan,Hanumangarh,mustard,2023,10,5130.38,80.68,8
Rajasthan,Hanumangarh,mustard,2023,11,5149.83,89.92,7
Rajasthan,Hanumangarh,mustard,2023,12,5004.92,95.68,8
Rajasthan,Hanumangarh,mustard,2024,1,4896.24,93.74,7
Rajasthan,Hanumangarh,mustard,2024,2,4731.82,141.23,8
Rajasthan,Hanumangarh,mustard,2024,3,4804.49,108.14,8
Rajasthan,Hanumangarh,mustard,2024,4,4767.66,83.72,8
Rajasthan,Hanumangarh,mustard,2024,5,5359.29,174.36,8
Rajasthan,Hanumangarh,mustard,2024,6,5472.46,124.5,8
Rajasthan,Hanumangarh,mustard,2024,7,5464.49,118.77,8
Rajasthan,Hanumangarh,mustard,2024,8,5456.87,80.99,8
Rajasthan,Hanumangarh,mustard,2024,9,6018.11,210.16,8
Rajasthan,Hanumangarh,mustard,2024,10,6072.45,109.55,8
Rajasthan,Hanumangarh,mustard,2024,11,5797.12,154.07,7
Rajasthan,Hanumangarh,mustard,2024,12,5655.65,178.38,7
Rajasthan,Hanumangarh,mustard,2025,1,5575.9,247.04,7
Rajasthan,Hanumangarh,mustard,2025,2,5410,298.06,7
Rajasthan,Hanumangarh,mustard,2025,3,5544.44,85.74,7
Rajasthan,Hanumangarh,mustard,2025,4,5601.78,73.01,8
Rajasthan,Hanumangarh,mustard,2025,5,5882.24,40.47,8
Rajasthan,Hanumangarh,mustard,2025,6,6096.83,58.01,8
Rajasthan,Hanumangarh,mustard,2025,7,6696.12,83.39,7
Rajasthan,Hanumangarh,mustard,2025,8,6726.07,59.81,7
Rajasthan,Hanumangarh,mustard,2025,9,6598.92,59.68,7
Rajasthan,Hanumangarh,mustard,2025,10,6325.11,51.27,7
Rajasthan,Hanumangarh,mustard,2025,11,6440.03,263.94,8
Rajasthan,Hanumangarh,mustard,2025,12,6492.34,114.44,6
Rajasthan,Jaipur,mustard,2021,3,4975.49,388.57,4
Rajasthan,Jaipur,mustard,2021,4,5777.43,382.29,4
Rajasthan,Jaipur,mustard,2021,6,6239.13,401.63,4
Rajasthan,Jaipur,mustard,2021,7,6574.19,505.92,4
Rajasthan,Jaipur,mustard,2021,8,6924,670.74,4
Rajasthan,Jaipur,mustard,2021,9,7737.34,413.89,4
Rajasthan,Jaipur,mustard,2022,2,6674.59,783.58,4
Rajasthan,Jaipur,mustard,2022,3,6658.6,87.86,4
Rajasthan,Jaipur,mustard,2022,4,6726.46,176.74,4
Rajasthan,Jaipur,mustard,2022,5,6714.2,191.14,4
Rajasthan,Jaipur,mustard,2022,6,6529.67,157.21,4
Rajasthan,Jaipur,mustard,2022,7,6308.44,243.69,4
Rajasthan,Jaipur,mustard,2022,8,6350.51,169.12,4
Rajasthan,Jaipur,mustard,2024,5,5269.59,189.47,4
Rajasthan,Jaipur,mustard,2024,6,5563.02,154.76,4
Rajasthan,Jaipur,mustard,2024,10,6019.55,301.3,4
Rajasthan,Jaipur,mustard,2024,11,5965.55,196.16,4
Rajasthan,Jaipur,mustard,2024,12,5863.99,159.57,4
Rajasthan,Jaipur,mustard,2025,1,5851.24,178.53,4
Rajasthan,Jaipur,mustard,2025,2,5540.83,244.57,4
Rajasthan,Jaipur,mustard,2025,3,5525.8,173.86,4
Rajasthan,Jaipur,mustard,2025,4,5765.71,150.53,4
Rajasthan,Jaipur,mustard,2025,5,5943.12,160.37,5
Rajasthan,Jaipur,mustard,2025,6,6198.84,145.89,4
Rajasthan,Jaipur,mustard,2025,7,6626.71,273.99,4
Rajasthan,Jaipur,mustard,2025,8,6710.74,202.64,4
Rajasthan,Jaipur,mustard,2025,9,6667.99,175.89,5
Rajasthan,Jaipur,mustard,2025,11,6529.49,302.28,4
Rajasthan,Jhalawar,mustard,2021,1,5056.36,392.36,4
Rajasthan,Jhalawar,mustard,2021,2,5173.75,95.45,4
Rajasthan,Jhalawar,mustard,2021,3,5068.85,130.68,4
Rajasthan,Jhalawar,mustard,2021,4,6024.06,177.67,4
Rajasthan,Jhalawar,mustard,2021,5,6451.77,209.68,4
Rajasthan,Jhalawar,mustard,2021,6,6120.33,240.42,4
Rajasthan,Jhalawar,mustard,2021,7,6596.75,263.36,4
Rajasthan,Jhalawar,mustard,2021,8,6912.31,206.93,4
Rajasthan,Jhalawar,mustard,2021,9,7558.98,265.21,4
Rajasthan,Jhalawar,mustard,2021,10,7364.48,263.9,4
Rajasthan,Jhalawar,mustard,2021,11,7243.62,254.78,4
Rajasthan,Jhalawar,mustard,2021,12,6627.35,219.31,4
Rajasthan,Jhalawar,mustard,2022,1,6594.13,471.54,4
Rajasthan,Jhalawar,mustard,2022,2,6613.28,235.05,4
Rajasthan,Jhalawar,mustard,2022,3,6239.41,89.27,4
Rajasthan,Jhalawar,mustard,2022,4,6337.53,117.13,4
Rajasthan,Jhalawar,mustard,2022,5,6292.52,128.29,4
Rajasthan,Jhalawar,mustard,2022,6,6173.95,106.21,4
Rajasthan,Jhalawar,mustard,2022,7,5978.09,80.47,4
Rajasthan,Jhalawar,mustard,2022,8,5867.74,139.99,4
Rajasthan,Jhalawar,mustard,2022,9,5443.26,136.56,4
Rajasthan,Jhalawar,mustard,2022,10,5506.09,121.38,4
Rajasthan,Jhalawar,mustard,2022,11,6016.52,103.47,4
Rajasthan,Jhalawar,mustard,2022,12,5793.68,111.84,4
Rajasthan,Jhalawar,mustard,2023,1,5357.98,238.51,4
Rajasthan,Jhalawar,mustard,2023,2,4947.04,362.18,4
Rajasthan,Jhalawar,mustard,2023,3,4858.23,132.88,4
Rajasthan,Jhalawar,mustard,2023,4,4777.33,165.65,4
Rajasthan,Jhalawar,mustard,2023,5,4503.78,112.24,4
Rajasthan,Jhalawar,mustard,2023,6,4557.46,28.97,4
Rajasthan,Jhalawar,mustard,2023,8,5224.04,58.19,4
Rajasthan,Jhalawar,mustard,2023,9,5158.52,65.02,4
Rajasthan,Jhalawar,mustard,2023,10,5191.12,78.98,4
Rajasthan,Jhalawar,mustard,2023,11,5237.93,80.11,4
Rajasthan,Jhalawar,mustard,2023,12,5034.83,58.93,4
Rajasthan,Jhalawar,mustard,2024,1,4770.68,190.15,4
Rajasthan,Jhalawar,mustard,2024,2,4577.98,202.72,4
Rajasthan,Jhalawar,mustard,2024,3,4759.84,128.74,4
Rajasthan,Jhalawar,mustard,2024,4,4781.5,72.4,4
Rajasthan,Jhalawar,mustard,2024,5,5184.23,58.27,4
Rajasthan,Jhalawar,mustard,2024,6,5371.66,34.72,4
Rajasthan,Jhalawar,mustard,2024,7,5394.56,78.78,4
Rajasthan,Jhalawar,mustard,2024,8,5394.41,80.08,4
Rajasthan,Jhalawar,mustard,2024,9,6038.17,107.69,4
Rajasthan,Jhalawar,mustard,2024,10,5952.99,140.93,4
Rajasthan,Jhalawar,mustard,2024,11,5733.75,217.78,4
Rajasthan,Jhalawar,mustard,2024,12,5622.83,185.54,4
Rajasthan,Jhalawar,mustard,2025,1,5456.16,237.53,4
Rajasthan,Jhalawar,mustard,2025,2,5472.02,162.78,4
Rajasthan,Jhalawar,mustard,2025,3,5344.45,136.31,4
Rajasthan,Jhalawar,mustard,2025,4,5697.63,56.6,4
Rajasthan,Jhalawar,mustard,2025,5,5846.37,92.23,4
Rajasthan,Jhalawar,mustard,2025,6,6017.24,72.28,4
Rajasthan,Jhalawar,mustard,2025,7,6497.17,194.76,4
Rajasthan,Jhalawar,mustard,2025,8,6661.68,180.16,4
Rajasthan,Jhalawar,mustard,2025,9,6391.21,73.68,4
Rajasthan,Jhalawar,mustard,2025,10,6228.73,164.59,4
Rajasthan,Jhalawar,mustard,2025,11,6308.29,173.94,4
Rajasthan,Jhalawar,mustard,2025,12,6177.06,223.68,4
Rajasthan,Jhunjhunu,mustard,2021,3,4607.89,646.88,4
Rajasthan,Jhunjhunu,mustard,2021,4,5777.97,345,4
Rajasthan,Jhunjhunu,mustard,2022,3,6405.31,39.46,4
Rajasthan,Jhunjhunu,mustard,2022,4,6431.05,28.97,4
Rajasthan,Jhunjhunu,mustard,2022,5,6553.52,75.57,4
Rajasthan,Jhunjhunu,mustard,2022,6,6267.17,193.55,4
Rajasthan,Jhunjhunu,mustard,2022,7,6195.56,100.35,4
Rajasthan,Jhunjhunu,mustard,2022,11,5780.46,1026.92,4
Rajasthan,Jhunjhunu,mustard,2023,1,5785.48,362.66,4
Rajasthan,Jhunjhunu,mustard,2023,5,4383.69,239.13,4
Rajasthan,Jhunjhunu,mustard,2023,6,4312.32,139.5,4
Rajasthan,Jhunjhunu,mustard,2023,7,4568.74,97.65,4
Rajasthan,Jhunjhunu,mustard,2023,8,4898.05,97.72,4
Rajasthan,Jhunjhunu,mustard,2023,12,4785.1,148.53,4
Rajasthan,Jhunjhunu,mustard,2024,1,4687.06,222.05,4
Rajasthan,Jhunjhunu,mustard,2024,2,4594.2,321.35,4
Rajasthan,Jhunjhunu,mustard,2024,3,4770.7,137.88,4
Rajasthan,Jhunjhunu,mustard,2024,4,4812.74,34.82,4
Rajasthan,Jhunjhunu,mustard,2024,5,5066.55,125.12,4
Rajasthan,Jhunjhunu,mustard,2024,6,5575.77,144.31,4
Rajasthan,Jhunjhunu,mustard,2024,7,5584.4,199.95,4
Rajasthan,Jhunjhunu,mustard,2024,8,5591.92,78.01,4
Rajasthan,Jhunjhunu,mustard,2024,9,6079.45,147.8,4
Rajasthan,Jhunjhunu,mustard,2024,10,6301.13,101.03,4
Rajasthan,Jhunjhunu,mustard,2025,4,5638.68,68.45,4
Rajasthan,Jhunjhunu,mustard,2025,5,5800.97,130.87,4
Rajasthan,Jhunjhunu,mustard,2025,6,6070.83,143.05,4
Rajasthan,Jhunjhunu,mustard,2025,7,6330.3,157.78,4
Rajasthan,Jhunjhunu,mustard,2025,8,6670.42,95.59,4
Rajasthan,Jhunjhunu,mustard,2025,9,6628.06,101.73,4
Rajasthan,Jodhpur,mustard,2021,2,5326.82,742.14,4
Rajasthan,Jodhpur,mustard,2021,3,5165.48,620.2,4
Rajasthan,Jodhpur,mustard,2021,4,5617.77,885.43,4
Rajasthan,Jodhpur,mustard,2021,6,6285.45,530.01,4
Rajasthan,Jodhpur,mustard,2022,2,6501.15,463.99,4
Rajasthan,Jodhpur,mustard,2022,3,6224.91,348.35,4
Rajasthan,Jodhpur,mustard,2022,4,6243.86,304.26,4
Rajasthan,Jodhpur,mustard,2022,5,6303.51,460.63,4
Rajasthan,Jodhpur,mustard,2022,6,6219.88,458.7,4
Rajasthan,Jodhpur,mustard,2022,7,6157.62,406.03,4
Rajasthan,Jodhpur,mustard,2022,8,6254.57,495.98,4
Rajasthan,Jodhpur,mustard,2022,9,5845.55,470.57,4
Rajasthan,Jodhpur,mustard,2022,10,5833.81,357.31,4
Rajasthan,Jodhpur,mustard,2022,11,6184.98,426.92,4
Rajasthan,Jodhpur,mustard,2022,12,5957.69,357.77,4
Rajasthan,Jodhpur,mustard,2023,1,6027.78,498.67,4
Rajasthan,Jodhpur,mustard,2023,2,5150.14,479.1,4
Rajasthan,Jodhpur,mustard,2023,3,5036.71,690.51,4
Rajasthan,Jodhpur,mustard,2023,4,4978.25,700.93,4
Rajasthan,Jodhpur,mustard,2023,5,4769.23,765.49,4
Rajasthan,Jodhpur,mustard,2023,6,4651.22,730.19,4
Rajasthan,Jodhpur,mustard,2023,7,4881.05,601.45,4
Rajasthan,Jodhpur,mustard,2023,8,4816.14,109.67,4
Rajasthan,Jodhpur,mustard,2023,9,4819.24,345.61,4
Rajasthan,Jodhpur,mustard,2023,10,4920.75,727.1,4
Rajasthan,Jodhpur,mustard,2023,11,4989.85,672.07,4
Rajasthan,Jodhpur,mustard,2023,12,4915.24,465.6,4
Rajasthan,Jodhpur,mustard,2024,1,4692.18,110.7,4
Rajasthan,Jodhpur,mustard,2024,2,4801.77,673.87,4
Rajasthan,Jodhpur,mustard,2024,3,4843.65,556.4,4
Rajasthan,Jodhpur,mustard,2024,4,4957.48,614.83,4
Rajasthan,Jodhpur,mustard,2024,5,5349.93,938.12,4
Rajasthan,Jodhpur,mustard,2024,6,5626.65,842.19,4
Rajasthan,Jodhpur,mustard,2024,7,5492.69,591.52,4
Rajasthan,Jodhpur,mustard,2024,9,6015.52,1010.44,4
Rajasthan,Jodhpur,mustard,2024,10,5984.54,792.88,4
Rajasthan,Jodhpur,mustard,2024,11,5941.71,732.56,4
Rajasthan,Jodhpur,mustard,2025,1,5906.31,807.9,4
Rajasthan,Jodhpur,mustard,2025,2,5554.59,921.28,4
Rajasthan,Jodhpur,mustard,2025,3,5687.58,1098.31,4
Rajasthan,Jodhpur,mustard,2025,4,6005.14,1261.52,4
Rajasthan,Jodhpur,mustard,2025,5,5955.75,1010.6,4
Rajasthan,Jodhpur,mustard,2025,6,6341.7,1454.09,4
Rajasthan,Jodhpur,mustard,2025,7,6953.47,1161.4,4
Rajasthan,Jodhpur,mustard,2025,8,6784.67,1075.11,4
Rajasthan,Pali,mustard,2021,3,5085.42,181.47,4
Rajasthan,Pali,mustard,2021,4,5480.83,171.63,4
Rajasthan,Pali,mustard,2022,2,6437.42,293.49,4
Rajasthan,Pali,mustard,2022,3,6348.13,180.25,4
Rajasthan,Pali,mustard,2023,2,4916.79,169.01,4
Rajasthan,Pali,mustard,2023,3,4863.85,139.32,4
Rajasthan,Pali,mustard,2023,4,4867.1,166.19,4
Rajasthan,Pali,mustard,2023,5,4180.02,858.29,4
Rajasthan,Pali,mustard,2023,7,4879.75,360.04,4
Rajasthan,Pali,mustard,2024,2,4405.54,403.98,4
Rajasthan,Pali,mustard,2024,3,4568.22,263.36,4
Rajasthan,Pali,mustard,2024,4,4755.64,142.19,4
Rajasthan,Pali,mustard,2024,5,5009.51,252.52,4
Rajasthan,Pali,mustard,2025,2,5191.29,572.78,4
Rajasthan,Pali,mustard,2025,3,5273.91,202.75,4
Rajasthan,Pali,mustard,2025,4,5601.91,211.59,4
Rajasthan,Sri Ganganagar,mustard,2021,1,5477.63,161.19,8
Rajasthan,Sri Ganganagar,mustard,2021,2,5431.74,120.89,8
Rajasthan,Sri Ganganagar,mustard,2021,3,5211.75,82.41,10
Rajasthan,Sri Ganganagar,mustard,2021,4,5748.58,225.88,10
Rajasthan,Sri Ganganagar,mustard,2021,5,6620.75,109.71,8
Rajasthan,Sri Ganganagar,mustard,2021,6,6377.68,83.08,9
Rajasthan,Sri Ganganagar,mustard,2021,7,6564.03,95.94,9
Rajasthan,Sri Ganganagar,mustard,2021,8,6970.52,80.43,9
Rajasthan,Sri Ganganagar,mustard,2021,9,7633.14,147.83,9
Rajasthan,Sri Ganganagar,mustard,2021,10,7309.65,85.18,7
Rajasthan,Sri Ganganagar,mustard,2021,11,7337.45,95.78,9
Rajasthan,Sri Ganganagar,mustard,2021,12,7073.18,118.3,9
Rajasthan,Sri Ganganagar,mustard,2022,1,6944.29,94.2,9
Rajasthan,Sri Ganganagar,mustard,2022,2,6793.15,348.08,9
Rajasthan,Sri Ganganagar,mustard,2022,3,6388.87,114.4,9
Rajasthan,Sri Ganganagar,mustard,2022,4,6277.71,195.59,8
Rajasthan,Sri Ganganagar,mustard,2022,5,6346.22,76.84,8
Rajasthan,Sri Ganganagar,mustard,2022,6,6139.33,94.76,10
Rajasthan,Sri Ganganagar,mustard,2022,7,5895.39,92.03,9
Rajasthan,Sri Ganganagar,mustard,2022,8,5887.95,100,9
Rajasthan,Sri Ganganagar,mustard,2022,9,5558.64,73.77,9
Rajasthan,Sri Ganganagar,mustard,2022,10,5737.75,77.13,9
Rajasthan,Sri Ganganagar,mustard,2022,11,6116.94,68.79,9
Rajasthan,Sri Ganganagar,mustard,2022,12,5880.54,111.09,9
Rajasthan,Sri Ganganagar,mustard,2023,1,5590.18,79.14,8
Rajasthan,Sri Ganganagar,mustard,2023,2,5126.14,102.19,9
Rajasthan,Sri Ganganagar,mustard,2023,3,4884.24,79.64,9
Rajasthan,Sri Ganganagar,mustard,2023,4,4666.59,63.94,9
Rajasthan,Sri Ganganagar,mustard,2023,5,4501.47,49.29,9
Rajasthan,Sri Ganganagar,mustard,2023,6,4544.59,59.87,9
Rajasthan,Sri Ganganagar,mustard,2023,7,4924.75,61.89,9
Rajasthan,Sri Ganganagar,mustard,2023,8,5066.5,147.08,9
Rajasthan,Sri Ganganagar,mustard,2023,9,4976.53,55.06,9
Rajasthan,Sri Ganganagar,mustard,2023,10,5045.58,64.99,9
Rajasthan,Sri Ganganagar,mustard,2023,11,5087.15,104.82,9
Rajasthan,Sri Ganganagar,mustard,2023,12,4947.91,89.02,9
Rajasthan,Sri Ganganagar,mustard,2024,1,4811.76,107.64,9
Rajasthan,Sri Ganganagar,mustard,2024,2,4657.49,124.89,9
Rajasthan,Sri Ganganagar,mustard,2024,3,4844.25,67.45,9
Rajasthan,Sri Ganganagar,mustard,2024,4,4719.91,67.68,10
Rajasthan,Sri Ganganagar,mustard,2024,5,5152.13,127.91,10
Rajasthan,Sri Ganganagar,mustard,2024,6,5471.28,93.71,10
Rajasthan,Sri Ganganagar,mustard,2024,7,5438.53,43.04,9
Rajasthan,Sri Ganganagar,mustard,2024,8,5398.34,71.16,9
Rajasthan,Sri Ganganagar,mustard,2024,9,5980.01,106.46,9
Rajasthan,Sri Ganganagar,mustard,2024,10,6039.64,101.1,9
Rajasthan,Sri Ganganagar,mustard,2024,11,5781.92,123.03,8
Rajasthan,Sri Ganganagar,mustard,2024,12,5685.1,64.75,8
Rajasthan,Sri Ganganagar,mustard,2025,1,5578.81,133.11,8
Rajasthan,Sri Ganganagar,mustard,2025,2,5277.23,168.54,9
Rajasthan,Sri Ganganagar,mustard,2025,3,5407.07,63.75,10
Rajasthan,Sri Ganganagar,mustard,2025,4,5506.28,70.85,10
Rajasthan,Sri Ganganagar,mustard,2025,5,5787.25,101.99,10
Rajasthan,Sri Ganganagar,mustard,2025,6,6020.87,112.01,10
Rajasthan,Sri Ganganagar,mustard,2025,7,6554.32,175.62,10
Rajasthan,Sri Ganganagar,mustard,2025,8,6636.46,40.26,9
Rajasthan,Sri Ganganagar,mustard,2025,9,6485.1,57.97,9
Rajasthan,Sri Ganganagar,mustard,2025,10,6234.99,62.84,9
Rajasthan,Sri Ganganagar,mustard,2025,11,6369.59,73.18,9
Rajasthan,Sri Ganganagar,mustard,2025,12,6339.03,59.55,8
Rajasthan,Tonk,mustard,2021,1,5642.28,439.43,5
Rajasthan,Tonk,mustard,2021,2,5249.63,173.7,5
Rajasthan,Tonk,mustard,2021,3,5183.34,140.79,5
Rajasthan,Tonk,mustard,2021,4,5981.27,270.6,5
Rajasthan,Tonk,mustard,2021,6,6466.67,128.46,5
Rajasthan,Tonk,mustard,2021,7,6799.32,176.15,5
Rajasthan,Tonk,mustard,2021,8,7304,147.97,5
Rajasthan,Tonk,mustard,2021,9,8058.08,244.65,5
Rajasthan,Tonk,mustard,2021,10,7882.47,211.29,5
Rajasthan,Tonk,mustard,2021,11,7724.72,166.58,5
Rajasthan,Tonk,mustard,2021,12,7203.66,229.25,5
Rajasthan,Tonk,mustard,2022,1,7222.97,170.76,5
Rajasthan,Tonk,mustard,2022,2,6935.9,537.48,4
Rajasthan,Tonk,mustard,2022,3,6439.44,294.44,5
Rajasthan,Tonk,mustard,2022,4,6630.8,213.2,5
Rajasthan,Tonk,mustard,2022,5,6610.54,114.28,5
Rajasthan,Tonk,mustard,2022,6,6486.06,155.25,5
Rajasthan,Tonk,mustard,2022,7,6289.77,106.56,5
Rajasthan,Tonk,mustard,2022,8,6219.68,104.07,5
Rajasthan,Tonk,mustard,2022,9,5805.41,144,5
Rajasthan,Tonk,mustard,2022,10,6056.48,75.33,5
Rajasthan,Tonk,mustard,2022,11,6313.58,164.77,5
Rajasthan,Tonk,mustard,2022,12,6079.34,213.46,5
Rajasthan,Tonk,mustard,2023,1,5714.81,261.11,5
Rajasthan,Tonk,mustard,2023,2,5159.64,303.2,5
Rajasthan,Tonk,mustard,2023,3,5007.93,147.87,5
Rajasthan,Tonk,mustard,2023,4,5002.23,157.21,6
Rajasthan,Tonk,mustard,2023,5,4709.9,117.72,6
Rajasthan,Tonk,mustard,2023,6,4670.2,114.69,6
Rajasthan,Tonk,mustard,2023,7,5039.55,137.09,6
Rajasthan,Tonk,mustard,2023,8,5298.44,101.14,6
Rajasthan,Tonk,mustard,2023,9,5194.61,113.34,6
Rajasthan,Tonk,mustard,2023,10,5274.98,135.74,6
Rajasthan,Tonk,mustard,2023,11,5268.1,128.86,6
Rajasthan,Tonk,mustard,2023,12,5184.33,185.98,6
Rajasthan,Tonk,mustard,2024,1,4965.09,217.74,6
Rajasthan,Tonk,mustard,2024,2,4874.88,279.54,6
Rajasthan,Tonk,mustard,2024,3,4898.89,194.36,6
Rajasthan,Tonk,mustard,2024,4,4882.28,193.35,6
Rajasthan,Tonk,mustard,2024,5,5209.68,216.46,6
Rajasthan,Tonk,mustard,2024,6,5469.61,209.02,6
Rajasthan,Tonk,mustard,2024,7,5434.59,194.26,6
Rajasthan,Tonk,mustard,2024,8,5503.28,252.98,6
Rajasthan,Tonk,mustard,2024,9,6161.83,191.44,6
Rajasthan,Tonk,mustard,2024,10,6132.95,259.78,6
Rajasthan,Tonk,mustard,2024,11,5954.57,248.96,6
Rajasthan,Tonk,mustard,2024,12,5799.55,175.86,6
Rajasthan,Tonk,mustard,2025,1,5694.88,211.65,6
Rajasthan,Tonk,mustard,2025,2,5473.71,291.58,6
Rajasthan,Tonk,mustard,2025,3,5461.79,187.68,6
Rajasthan,Tonk,mustard,2025,4,5758.44,158,6
Rajasthan,Tonk,mustard,2025,5,5958.32,144.82,6
Rajasthan,Tonk,mustard,2025,6,6181.51,150.47,6
Rajasthan,Tonk,mustard,2025,7,6649.79,212.85,6
Rajasthan,Tonk,mustard,2025,8,6745.34,171.36,6
Rajasthan,Tonk,mustard,2025,9,6638.51,197.91,6
Rajasthan,Tonk,mustard,2025,10,6475.15,152.13,6
Rajasthan,Tonk,mustard,2025,11,6586.71,231.75,6
Rajasthan,Tonk,mustard,2025,12,6512.29,224.16,6
Uttar Pradesh,Badaun,mustard,2021,1,5235.43,65.27,4
Uttar Pradesh,Badaun,mustard,2021,2,4762.77,115.04,4
Uttar Pradesh,Badaun,mustard,2021,3,4888.16,38.2,4
Uttar Pradesh,Badaun,mustard,2021,4,5116.17,31.33,4
Uttar Pradesh,Badaun,mustard,2021,5,6186.77,323.17,4
Uttar Pradesh,Badaun,mustard,2021,6,6255.54,94.99,4
Uttar Pradesh,Badaun,mustard,2021,7,6208.31,66.03,4
Uttar Pradesh,Badaun,mustard,2021,8,6191.6,133.01,4
Uttar Pradesh,Badaun,mustard,2021,9,6213.19,90.19,4
Uttar Pradesh,Badaun,mustard,2021,10,6786.22,17.15,4
Uttar Pradesh,Badaun,mustard,2021,11,7026.31,107.11,4
Uttar Pradesh,Badaun,mustard,2021,12,6936.66,12.03,4
Uttar Pradesh,Badaun,mustard,2022,1,6898.37,15.39,4
Uttar Pradesh,Badaun,mustard,2022,2,6287.21,307.22,4
Uttar Pradesh,Badaun,mustard,2022,3,6293.9,33.36,4
Uttar Pradesh,Badaun,mustard,2022,4,6346.63,13.44,4
Uttar Pradesh,Badaun,mustard,2022,5,6379.63,51.76,4
Uttar Pradesh,Badaun,mustard,2022,6,6375.96,42.67,4
Uttar Pradesh,Badaun,mustard,2022,7,6425.27,34.29,4
Uttar Pradesh,Badaun,mustard,2022,8,6428.71,186.78,4
Uttar Pradesh,Badaun,mustard,2022,9,6232.73,292.1,4
Gujarat,Ahmedabad,paddy,2024,10,2271.65,228.19,4
Gujarat,Ahmedabad,paddy,2024,11,2265.23,221.3,4
Haryana,Ambala,paddy,2022,10,2060,0,4
Haryana,Ambala,paddy,2023,9,2203,0,4
Haryana,Ambala,paddy,2023,10,2203,0,4
Haryana,Ambala,paddy,2024,9,2320,0,4
Haryana,Ambala,paddy,2024,10,2320,0,4
Haryana,Ambala,paddy,2024,11,2320,0,4
Haryana,Hisar,paddy,2023,10,2769.53,660.75,4
Haryana,Hisar,paddy,2025,11,3249.51,562.16,4
Haryana,Jind,paddy,2022,10,2094.94,37.55,4
Haryana,Jind,paddy,2023,9,2203,0,4
Haryana,Jind,paddy,2023,10,2226.06,51.56,5
Haryana,Jind,paddy,2023,11,2605.9,805.79,4
Haryana,Jind,paddy,2024,10,2356.54,74.52,5
Haryana,Jind,paddy,2025,10,2391.4,4.81,4
Haryana,Jind,paddy,2025,11,2575.76,373.52,4
Haryana,Kaithal,paddy,2025,9,2516.8,255.47,4
Haryana,Kaithal,paddy,2025,10,2427.97,87.13,5
Haryana,Karnal,paddy,2024,10,2317.53,4.94,4
Haryana,Karnal,paddy,2025,9,2371.2,39.8,5
Haryana,Karnal,paddy,2025,10,2396.4,23.23,6
Haryana,Karnal,paddy,2025,11,2575.53,344.57,7
Haryana,Kurukshetra,paddy,2023,9,2328.24,281.39,5
Haryana,Kurukshetra,paddy,2023,10,2396.63,304.58,5
Haryana,Kurukshetra,paddy,2023,11,2776.91,532.82,5
Haryana,Kurukshetra,paddy,2024,9,2323.1,10.86,4
Haryana,Kurukshetra,paddy,2024,10,2387.71,155.8,5
Haryana,Kurukshetra,paddy,2024,11,2430.89,148.77,5
Haryana,Kurukshetra,paddy,2025,9,2393.1,14.63,4
Haryana,Kurukshetra,paddy,2025,10,2386.18,4.82,4
Haryana,Kurukshetra,paddy,2025,11,2594.25,410.5,4
Haryana,Sirsa,paddy,2023,10,2660.3,914.59,4
Haryana,Sirsa,paddy,2023,11,2780.92,1073.06,4
Haryana,Sirsa,paddy,2025,11,2836.88,525.26,4
Madhya Pradesh,Chhatarpur,paddy,2025,1,2093.56,246.28,4
Madhya Pradesh,Rewa,paddy,2022,2,1487.72,481.01,4
Madhya Pradesh,Rewa,paddy,2022,3,1607.08,424.47,4
Madhya Pradesh,Rewa,paddy,2022,5,1654.87,510.47,4
Madhya Pradesh,Rewa,paddy,2023,12,2129.06,254.89,4
Madhya Pradesh,Rewa,paddy,2024,2,1828.36,355.1,4
Madhya Pradesh,Rewa,paddy,2024,3,1907.57,385.01,4
Madhya Pradesh,Rewa,paddy,2024,11,2075.8,271.04,4
Madhya Pradesh,Rewa,paddy,2024,12,2284.31,317.74,4
Madhya Pradesh,Rewa,paddy,2025,2,2141.73,161.96,4
Madhya Pradesh,Rewa,paddy,2025,3,2091.42,377.01,4
Madhya Pradesh,Rewa,paddy,2025,11,2051.4,652.81,4
Madhya Pradesh,Rewa,paddy,2025,12,2374.93,538.75,4
Punjab,Bathinda,paddy,2021,10,1960,0,5
Punjab,Bathinda,paddy,2021,11,1960,0,5
Punjab,Mansa,paddy,2021,10,1960,0,4
Punjab,Mansa,paddy,2021,11,1960,0,4
Punjab,Mansa,paddy,2023,10,2203,0,4
Punjab,Mansa,paddy,2023,11,2203,0,4
Punjab,Mansa,paddy,2023,12,2577.25,748.5,4
Punjab,Mansa,paddy,2024,10,2320,0,4
Punjab,Mansa,paddy,2025,11,2389,0,4
Punjab,Patiala,paddy,2021,10,1960,0,4
Punjab,Tarn Taran Sahib,paddy,2021,10,1958.88,2.25,4
Punjab,Tarn Taran Sahib,paddy,2021,11,1960,0,4
Punjab,Tarn Taran Sahib,paddy,2024,10,2402.15,164.29,4
Punjab,Tarn Taran Sahib,paddy,2024,11,2413.65,187.3,4
Rajasthan,Hanumangarh,paddy,2024,10,2261.15,265.81,5
Rajasthan,Hanumangarh,paddy,2024,11,2510.75,489.64,5
Rajasthan,Hanumangarh,paddy,2024,12,2755.05,496.72,4
Tamil Nadu,Cuddalore,paddy,2023,6,1915.09,276.1,4
Tamil Nadu,Cuddalore,paddy,2023,8,1725.06,311.39,4
Tamil Nadu,Cuddalore,paddy,2024,7,1795.4,229.2,4
Tamil Nadu,Cuddalore,paddy,2025,9,2017.06,391.94,4
Tamil Nadu,Dharmapuri,paddy,2024,6,2177.36,358.3,4
Tamil Nadu,Dindigul,paddy,2025,2,2464.74,162.21,4
Tamil Nadu,Dindigul,paddy,2025,6,2194.44,160.4,4
Tamil Nadu,Dindigul,paddy,2025,8,2308.45,164.17,4
Tamil Nadu,Kancheepuram,paddy,2024,6,1713.64,285.66,5
Tamil Nadu,Kancheepuram,paddy,2025,1,1925.56,118.95,5
Tamil Nadu,Kancheepuram,paddy,2025,2,1906.77,92.31,4
Tamil Nadu,Kancheepuram,paddy,2025,3,1916.15,59.83,5
Tamil Nadu,Kancheepuram,paddy,2025,7,1883.55,88.03,4
Tamil Nadu,Kancheepuram,paddy,2025,11,1833.9,71.25,4
Tamil Nadu,Kancheepuram,paddy,2025,12,1825.21,79.9,5
Tamil Nadu,Nagapattinam,paddy,2022,12,2100,0,4
Tamil Nadu,Thanjavur,paddy,2024,6,1965.2,335.87,4
Tamil Nadu,Thanjavur,paddy,2024,7,2133.27,388,6
Tamil Nadu,Thanjavur,paddy,2024,8,2029.06,785.62,4
Tamil Nadu,Thanjavur,paddy,2024,9,2421.97,613.08,5
Tamil Nadu,Thanjavur,paddy,2024,12,2402.15,918.09,4
Tamil Nadu,Thanjavur,paddy,2025,1,2456.86,785.59,6
Tamil Nadu,Thanjavur,paddy,2025,2,2339.97,395.38,6
Tamil Nadu,Thanjavur,paddy,2025,3,2446.14,239.53,6
Tamil Nadu,Thanjavur,paddy,2025,4,2571.78,244.42,5
Tamil Nadu,Thanjavur,paddy,2025,5,2496.45,306.13,6
Tamil Nadu,Thanjavur,paddy,2025,10,2425.04,128.1,5
Tamil Nadu,Thanjavur,paddy,2025,11,2629.95,326.86,5
Tamil Nadu,Thanjavur,paddy,2025,12,2426.22,99.76,5
Tamil Nadu,Tiruvannamalai,paddy,2021,9,1323.02,110.64,5
Tamil Nadu,Tiruvannamalai,paddy,2021,10,1390.85,103.13,4
Tamil Nadu,Tiruvannamalai,paddy,2022,7,1574.55,179.88,6
Tamil Nadu,Tiruvannamalai,paddy,2022,8,1580.5,230.06,6
Tamil Nadu,Tiruvannamalai,paddy,2022,9,1736.88,185.66,6
Tamil Nadu,Tiruvannamalai,paddy,2022,10,1721.08,202.09,6
Tamil Nadu,Tiruvannamalai,paddy,2022,11,1718.61,235.67,6
Tamil Nadu,Tiruvannamalai,paddy,2022,12,1862.43,228.58,6
Tamil Nadu,Tiruvannamalai,paddy,2023,1,1815.47,269.97,6
Tamil Nadu,Tiruvannamalai,paddy,2023,2,2000.35,378.95,6
Tamil Nadu,Tiruvannamalai,paddy,2023,3,1714.84,271.67,5
Tamil Nadu,Tiruvannamalai,paddy,2023,4,2022.56,447.32,6
Tamil Nadu,Tiruvannamalai,paddy,2023,5,1849.99,142.34,5
Tamil Nadu,Tiruvannamalai,paddy,2023,6,2064.72,395.25,5
Tamil Nadu,Tiruvannamalai,paddy,2023,8,2137.92,399.51,5
Tamil Nadu,Tiruvannamalai,paddy,2023,9,2036.13,322.17,6
Tamil Nadu,Tiruvannamalai,paddy,2023,10,2234.14,206.22,6
Tamil Nadu,Tiruvannamalai,paddy,2023,11,2174.69,162.32,4
Tamil Nadu,Tiruvannamalai,paddy,2023,12,2369.39,228.25,4
Tamil Nadu,Tiruvannamalai,paddy,2024,1,2342.12,504.47,5
Tamil Nadu,Tiruvannamalai,paddy,2024,2,2268.56,200.29,4
Tamil Nadu,Tiruvannamalai,paddy,2024,6,2256.43,177.3,7
Tamil Nadu,Tiruvannamalai,paddy,2024,7,2241.26,264.18,7
Tamil Nadu,Tiruvannamalai,paddy,2024,8,2075.87,153.59,6
Tamil Nadu,Tiruvannamalai,paddy,2024,9,2206.02,263.2,4
Tamil Nadu,Tiruvannamalai,paddy,2024,10,2281.6,354.59,4
Tamil Nadu,Tiruvannamalai,paddy,2024,11,2187.96,62.25,4
Tamil Nadu,Tiruvannamalai,paddy,2025,1,2234.91,301.65,4
Tamil Nadu,Tiruvannamalai,paddy,2025,2,2487.59,304.29,6
Tamil Nadu,Tiruvannamalai,paddy,2025,3,2170.01,139.9,7
Tamil Nadu,Tiruvannamalai,paddy,2025,4,2042.56,160.21,7
Tamil Nadu,Tiruvannamalai,paddy,2025,5,1842.59,142.37,7
Tamil Nadu,Tiruvannamalai,paddy,2025,6,1885.93,102.98,5
Tamil Nadu,Tiruvannamalai,paddy,2025,7,1907.08,47.65,4
Tamil Nadu,Tiruvannamalai,paddy,2025,8,1943.04,120.8,5
Tamil Nadu,Tiruvannamalai,paddy,2025,9,1976.26,109.16,6
Tamil Nadu,Tiruvannamalai,paddy,2025,10,2009.39,97.68,6
Tamil Nadu,Tiruvannamalai,paddy,2025,11,1958.24,190.62,6
Tamil Nadu,Tiruvannamalai,paddy,2025,12,2201.23,206.42,6
Tamil Nadu,Vellore,paddy,2021,1,1766.4,744.03,4
Tamil Nadu,Vellore,paddy,2021,2,1651.16,410.96,4
Tamil Nadu,Vellore,paddy,2021,4,1266.93,97.21,4
Tamil Nadu,Vellore,paddy,2021,5,1169.53,207.22,4
Tamil Nadu,Vellore,paddy,2021,6,1300.21,177.92,4
Tamil Nadu,Vellore,paddy,2021,7,1269.78,135.26,4
Tamil Nadu,Vellore,paddy,2021,8,1252.97,75.1,4
Tamil Nadu,Vellore,paddy,2021,9,1361.22,93.9,4
Tamil Nadu,Vellore,paddy,2021,10,1384.78,276.4,4
Tamil Nadu,Vellore,paddy,2023,4,1704.37,40.57,4
Tamil Nadu,Vellore,paddy,2023,5,1830.49,59.97,4
Tamil Nadu,Vellore,paddy,2023,6,1959.96,67.23,4
Tamil Nadu,Vellore,paddy,2023,8,2075.02,190.91,4
Tamil Nadu,Vellore,paddy,2023,10,2180.03,222.37,4
Tamil Nadu,Vellore,paddy,2023,11,2069.72,320.53,4
Tamil Nadu,Vellore,paddy,2024,3,2172.93,137.55,4
Tamil Nadu,Vellore,paddy,2024,6,2169.47,244.56,6
Tamil Nadu,Vellore,paddy,2024,7,2182.89,479.98,5
Tamil Nadu,Vellore,paddy,2024,8,2381.21,381.09,4
Tamil Nadu,Vellore,paddy,2024,11,2211.11,213.46,4
Tamil Nadu,Vellore,paddy,2024,12,1950.62,440.89,4
Tamil Nadu,Vellore,paddy,2025,1,2059.03,207.52,5
Tamil Nadu,Vellore,paddy,2025,2,2200.09,226.39,5
Tamil Nadu,Vellore,paddy,2025,3,2215.03,178.34,5
Tamil Nadu,Vellore,paddy,2025,4,2078.06,234.77,4
Tamil Nadu,Vellore,paddy,2025,5,1794.77,92.94,4
Tamil Nadu,Vellore,paddy,2025,6,1889.84,211.39,5
Tamil Nadu,Vellore,paddy,2025,7,1912.75,188.54,4
Tamil Nadu,Vellore,paddy,2025,8,2051.61,120.32,4
Tamil Nadu,Vellore,paddy,2025,9,1932.59,321.18,4
Tamil Nadu,Vellore,paddy,2025,10,1868.49,423.94,5
Tamil Nadu,Vellore,paddy,2025,11,1992.65,175.92,4
Tamil Nadu,Vellore,paddy,2025,12,2047.14,218.39,4
Tamil Nadu,Villupuram,paddy,2021,1,1462.74,122.55,9
Tamil Nadu,Villupuram,paddy,2021,2,1539.7,240.09,9
Tamil Nadu,Villupuram,paddy,2021,3,1471.59,215.95,9
Tamil Nadu,Villupuram,paddy,2021,4,1300.28,186.26,9
Tamil Nadu,Villupuram,paddy,2021,5,1226.31,135.54,9
Tamil Nadu,Villupuram,paddy,2021,6,1298.59,75.65,8
Tamil Nadu,Villupuram,paddy,2021,7,1287.08,220.37,9
Tamil Nadu,Villupuram,paddy,2021,8,1277.01,76.85,8
Tamil Nadu,Villupuram,paddy,2021,9,1275.2,256.45,6
Tamil Nadu,Villupuram,paddy,2021,10,1348.47,52.57,5
Tamil Nadu,Villupuram,paddy,2021,11,1444.84,82.55,4
Tamil Nadu,Villupuram,paddy,2021,12,1526.73,50.79,5
Tamil Nadu,Villupuram,paddy,2022,1,1589.93,88.12,5
Tamil Nadu,Villupuram,paddy,2022,2,1588.98,81.02,6
Tamil Nadu,Villupuram,paddy,2022,3,1512.61,89.75,6
Tamil Nadu,Villupuram,paddy,2022,4,1461.12,105.35,5
Tamil Nadu,Villupuram,paddy,2022,5,1388.47,188.08,4
Tamil Nadu,Villupuram,paddy,2022,6,1563.08,116.7,4
Tamil Nadu,Villupuram,paddy,2022,7,1566.37,160.08,5
Tamil Nadu,Villupuram,paddy,2022,8,1572.7,133.4,5
Tamil Nadu,Villupuram,paddy,2022,9,1747.37,259.99,5
Tamil Nadu,Villupuram,paddy,2022,10,1734.85,214.09,4
Tamil Nadu,Villupuram,paddy,2022,11,1716.52,221.47,4
Tamil Nadu,Villupuram,paddy,2022,12,1915.39,204.45,4
Tamil Nadu,Villupuram,paddy,2023,1,1781.4,135.6,6
Tamil Nadu,Villupuram,paddy,2023,2,1898.83,53.26,6
Tamil Nadu,Villupuram,paddy,2023,3,1825.23,80.54,5
Tamil Nadu,Villupuram,paddy,2023,4,1745.03,66.62,5
Tamil Nadu,Villupuram,paddy,2023,5,1731.16,227.1,5
Tamil Nadu,Villupuram,paddy,2023,6,1768.81,254.84,5
Tamil Nadu,Villupuram,paddy,2023,7,1883.24,289.31,5
Tamil Nadu,Villupuram,paddy,2023,8,1869.47,241.42,6
Tamil Nadu,Villupuram,paddy,2023,9,2002.25,274.64,6
Tamil Nadu,Villupuram,paddy,2023,10,2053.43,287.93,6
Tamil Nadu,Villupuram,paddy,2023,11,2055.4,301.23,6
Tamil Nadu,Villupuram,paddy,2023,12,2012.72,456.57,7
Tamil Nadu,Villupuram,paddy,2024,1,2294.76,278.62,6
Tamil Nadu,Villupuram,paddy,2024,2,2144.84,272.1,6
Tamil Nadu,Villupuram,paddy,2024,3,2097.54,280.17,6
Tamil Nadu,Villupuram,paddy,2024,4,1992.15,233.5,6
Tamil Nadu,Villupuram,paddy,2024,5,1964.29,264.5,6
Tamil Nadu,Villupuram,paddy,2024,6,1981.32,199.91,7
Tamil Nadu,Villupuram,paddy,2024,7,2019.21,498.95,8
Tamil Nadu,Villupuram,paddy,2024,8,2335.64,803.85,6
Tamil Nadu,Villupuram,paddy,2024,9,2404.07,675.44,4
Tamil Nadu,Villupuram,paddy,2024,10,2400.02,521.91,5
Tamil Nadu,Villupuram,paddy,2024,11,2250.91,443.18,5
Tamil Nadu,Villupuram,paddy,2024,12,1997.22,262.29,7
Tamil Nadu,Villupuram,paddy,2025,1,2058.1,263.52,8
Tamil Nadu,Villupuram,paddy,2025,2,2188.76,409.16,10
Tamil Nadu,Villupuram,paddy,2025,3,2064.77,383.82,10
Tamil Nadu,Villupuram,paddy,2025,4,1934.56,392.83,9
Tamil Nadu,Villupuram,paddy,2025,5,1796.02,468.9,9
Tamil Nadu,Villupuram,paddy,2025,6,1877.05,395.19,9
Tamil Nadu,Villupuram,paddy,2025,7,2037.62,423.44,8
Tamil Nadu,Villupuram,paddy,2025,8,2049.29,547.94,8
Tamil Nadu,Villupuram,paddy,2025,9,1885.52,443.96,9
Tamil Nadu,Villupuram,paddy,2025,10,1982.86,418.37,8
Tamil Nadu,Villupuram,paddy,2025,11,1986.46,191.31,8
Tamil Nadu,Villupuram,paddy,2025,12,2063.19,130.95,8
Uttar Pradesh,Badaun,paddy,2021,10,1990.7,21.37,4
Uttar Pradesh,Badaun,paddy,2021,11,2060.9,49.29,4
Uttar Pradesh,Badaun,paddy,2021,12,2079.5,47.92,4
Uttar Pradesh,Badaun,paddy,2022,1,2122.68,71.99,4
Uttar Pradesh,Badaun,paddy,2022,2,2210.5,10.86,4
Uttarakhand,Udham Singh Nagar,paddy,2023,1,2086.8,393.96,4
Uttarakhand,Udham Singh Nagar,paddy,2023,6,2170.24,203.49,4
Uttarakhand,Udham Singh Nagar,paddy,2023,7,2151.89,166.89,4
Uttarakhand,Udham Singh Nagar,paddy,2023,8,1987.26,335.71,4
Uttarakhand,Udham Singh Nagar,paddy,2023,10,2129.45,49.67,4
Uttarakhand,Udham Singh Nagar,paddy,2023,11,2158.91,38.32,4
Uttarakhand,Udham Singh Nagar,paddy,2023,12,2153.57,37.89,4
Uttarakhand,Udham Singh Nagar,paddy,2024,1,2083.98,57.93,4
Uttarakhand,Udham Singh Nagar,paddy,2024,2,2123.01,172.27,4
Uttarakhand,Udham Singh Nagar,paddy,2024,4,2536.74,466.67,4
Uttarakhand,Udham Singh Nagar,paddy,2024,6,2071.47,245.58,4
Uttarakhand,Udham Singh Nagar,paddy,2024,7,1805.17,265.75,4
Uttarakhand,Udham Singh Nagar,paddy,2024,8,1842.33,210.12,4
Uttarakhand,Udham Singh Nagar,paddy,2024,9,2343.1,788.92,4
Uttarakhand,Udham Singh Nagar,paddy,2024,10,2118.95,120.93,4
Uttarakhand,Udham Singh Nagar,paddy,2024,11,2191.02,125.68,4
Uttarakhand,Udham Singh Nagar,paddy,2024,12,2238.2,81.89,4
Uttarakhand,Udham Singh Nagar,paddy,2025,1,2288.99,70.19,4
Uttarakhand,Udham Singh Nagar,paddy,2025,2,2367.86,275.44,4
Uttarakhand,Udham Singh Nagar,paddy,2025,3,2094.04,222.02,5
Uttarakhand,Udham Singh Nagar,paddy,2025,9,1972.36,237.05,4
Uttarakhand,Udham Singh Nagar,paddy,2025,10,2268.98,128.15,4
Uttarakhand,Udham Singh Nagar,paddy,2025,11,2279.95,115.46,5
Uttarakhand,Udham Singh Nagar,paddy,2025,12,2263.37,95,4
Gujarat,Ahmedabad,wheat,2025,3,2554.64,88.64,4
Gujarat,Amreli,wheat,2021,1,1770.34,34.73,4
Gujarat,Amreli,wheat,2021,2,1734.79,43.65,4
Gujarat,Amreli,wheat,2021,3,1690.14,91.02,4
Gujarat,Amreli,wheat,2021,4,1710.98,154.53,4
Gujarat,Amreli,wheat,2021,6,1600.06,80.64,4
Gujarat,Amreli,wheat,2021,7,1719.53,37.03,4
Gujarat,Amreli,wheat,2021,8,1809.29,60.29,4
Gujarat,Amreli,wheat,2021,9,1979.74,69.33,4
Gujarat,Amreli,wheat,2021,10,2004.4,70.98,4
Gujarat,Amreli,wheat,2021,11,2014.56,60.85,4
Gujarat,Amreli,wheat,2021,12,2043.27,83.64,4
Gujarat,Amreli,wheat,2022,1,2059.72,77.5,4
Gujarat,Amreli,wheat,2022,2,2108.76,44.12,5
Gujarat,Amreli,wheat,2022,3,2265.87,113.64,5
Gujarat,Amreli,wheat,2022,4,2309.19,155.09,5
Gujarat,Amreli,wheat,2022,5,2302.54,108.43,5
Gujarat,Amreli,wheat,2022,6,2253.87,93.79,5
Gujarat,Amreli,wheat,2022,7,2299.68,76.08,5
Gujarat,Amreli,wheat,2022,8,2462.17,37.09,5
Gujarat,Amreli,wheat,2022,9,2352.29,36.74,5
Gujarat,Amreli,wheat,2022,10,2306.16,143.04,5
Gujarat,Amreli,wheat,2022,11,2614.36,89.1,5
Gujarat,Amreli,wheat,2022,12,2653.53,69.15,5
Gujarat,Amreli,wheat,2023,1,2782.26,114.1,5
Gujarat,Amreli,wheat,2023,2,2469.48,130.62,5
Gujarat,Amreli,wheat,2023,3,2298.78,192.89,5
Gujarat,Amreli,wheat,2023,4,2265.02,192.97,5
Gujarat,Amreli,wheat,2023,5,2221.12,124.32,5
Gujarat,Amreli,wheat,2023,6,2282.53,92.61,5
Gujarat,Amreli,wheat,2023,7,2313.6,77.78,5
Gujarat,Amreli,wheat,2023,8,2479.98,103.8,5
Gujarat,Amreli,wheat,2023,9,2540.36,93.18,5
Gujarat,Amreli,wheat,2023,10,2585.81,79.89,5
Gujarat,Amreli,wheat,2023,11,2743.29,49.87,5
Gujarat,Amreli,wheat,2023,12,2714.39,68.04,5
Gujarat,Amreli,wheat,2024,1,2729.18,42.09,5
Gujarat,Amreli,wheat,2024,2,2504.94,115.49,5
Gujarat,Amreli,wheat,2024,3,2414,207.76,5
Gujarat,Amreli,wheat,2024,4,2463.13,166.94,5
Gujarat,Amreli,wheat,2024,5,2509.19,123.79,5
Gujarat,Amreli,wheat,2024,6,2507.27,129.23,5
Gujarat,Amreli,wheat,2024,7,2587.68,110.35,5
Gujarat,Amreli,wheat,2024,8,2669.93,85.02,5
Gujarat,Amreli,wheat,2024,9,2720.47,102.35,6
Gujarat,Amreli,wheat,2024,10,2783.81,126.16,6
Gujarat,Amreli,wheat,2024,11,2942.48,129.18,6
Gujarat,Amreli,wheat,2024,12,2923.71,86.37,6
Gujarat,Amreli,wheat,2025,1,3047.3,108.42,6
Gujarat,Amreli,wheat,2025,2,2932.39,109.42,6
Gujarat,Amreli,wheat,2025,3,2530.38,162.27,6
Gujarat,Amreli,wheat,2025,4,2575.46,158.68,6
Gujarat,Amreli,wheat,2025,5,2566.19,95.43,6
Gujarat,Amreli,wheat,2025,6,2534.44,58.82,6
Gujarat,Amreli,wheat,2025,7,2505.37,113.56,6
Gujarat,Amreli,wheat,2025,8,2579.9,140.84,6
Gujarat,Amreli,wheat,2025,9,2621.41,126.58,6
Gujarat,Amreli,wheat,2025,10,2588.75,156.49,6
Gujarat,Amreli,wheat,2025,11,2653.85,129.44,6
Gujarat,Amreli,wheat,2025,12,2592.63,105.16,6
Gujarat,Anand,wheat,2024,4,2393.31,206.22,4
Gujarat,Anand,wheat,2024,5,2322.49,192.58,4
Gujarat,Anand,wheat,2025,3,2545.34,221.6,4
Gujarat,Aravalli,wheat,2024,7,2533.1,122.55,4
Gujarat,Aravalli,wheat,2024,8,2531.51,223.86,4
Gujarat,Aravalli,wheat,2024,9,2571.47,240.5,4
Gujarat,Aravalli,wheat,2024,10,2533.57,412.61,4
Gujarat,Aravalli,wheat,2025,2,2659.45,562.75,4
Gujarat,Aravalli,wheat,2025,3,2525.12,286.6,4
Gujarat,Aravalli,wheat,2025,4,2666.4,229.4,4
Gujarat,Banaskantha,wheat,2021,1,1720.05,97.57,6
Gujarat,Banaskantha,wheat,2021,2,1722.11,44.07,5
Gujarat,Banaskantha,wheat,2021,3,1688.92,138.65,6
Gujarat,Banaskantha,wheat,2021,4,1821.95,86.35,5
Gujarat,Banaskantha,wheat,2021,5,1812.91,79.71,4
Gujarat,Banaskantha,wheat,2021,6,1779.65,85.98,5
Gujarat,Banaskantha,wheat,2021,7,1721.33,84.61,5
Gujarat,Banaskantha,wheat,2021,8,1770.66,87.06,5
Gujarat,Banaskantha,wheat,2021,9,1969.32,44.6,5
Gujarat,Banaskantha,wheat,2021,10,2001.13,85.46,6
Gujarat,Banaskantha,wheat,2021,11,2088.38,36.12,4
Gujarat,Banaskantha,wheat,2021,12,2051.05,80.95,4
Gujarat,Banaskantha,wheat,2022,1,2050.77,61,4
Gujarat,Banaskantha,wheat,2022,2,2017.96,132.88,5
Gujarat,Banaskantha,wheat,2022,3,2230.59,138.75,5
Gujarat,Banaskantha,wheat,2022,4,2546.17,209.67,5
Gujarat,Banaskantha,wheat,2022,5,2339.64,273.5,5
Gujarat,Banaskantha,wheat,2022,6,2180.13,179.38,6
Gujarat,Banaskantha,wheat,2022,7,2160.96,203.65,5
Gujarat,Banaskantha,wheat,2022,8,2333.31,23.42,5
Gujarat,Banaskantha,wheat,2022,9,2314.06,51.07,4
Gujarat,Banaskantha,wheat,2022,10,2308.25,80.2,4
Gujarat,Banaskantha,wheat,2022,11,2588.78,131.69,4
Gujarat,Banaskantha,wheat,2022,12,2660.62,91.41,4
Gujarat,Banaskantha,wheat,2023,1,2799.29,103.74,5
Gujarat,Banaskantha,wheat,2023,2,2661.16,187.87,5
Gujarat,Banaskantha,wheat,2023,3,2423.2,51.18,4
Gujarat,Banaskantha,wheat,2023,4,2797.65,81.22,4
Gujarat,Banaskantha,wheat,2023,5,2404.97,172.02,4
Gujarat,Banaskantha,wheat,2023,6,2236.25,72.07,4
Gujarat,Banaskantha,wheat,2023,7,2151.31,70.26,5
Gujarat,Banaskantha,wheat,2023,8,2362.23,53.29,5
Gujarat,Banaskantha,wheat,2023,9,2507.96,168.33,5
Gujarat,Banaskantha,wheat,2023,10,2525.56,59.72,4
Gujarat,Banaskantha,wheat,2023,11,2615.68,88.79,5
Gujarat,Banaskantha,wheat,2023,12,2613.96,46.59,5
Gujarat,Banaskantha,wheat,2024,1,2675.58,68.16,4
Gujarat,Banaskantha,wheat,2024,2,2587.51,95.75,5
Gujarat,Banaskantha,wheat,2024,3,2525.07,63.9,4
Gujarat,Banaskantha,wheat,2024,4,2659.22,136.71,5
Gujarat,Banaskantha,wheat,2024,5,2642.69,76.36,5
Gujarat,Banaskantha,wheat,2024,6,2553.99,58.78,5
Gujarat,Banaskantha,wheat,2024,7,2561.64,76.28,5
Gujarat,Banaskantha,wheat,2024,8,2622.6,55.45,5
Gujarat,Banaskantha,wheat,2024,9,2680.92,46.05,5
Gujarat,Banaskantha,wheat,2024,10,2839.99,31.58,5
Gujarat,Banaskantha,wheat,2024,11,2939.19,118.6,5
Gujarat,Banaskantha,wheat,2024,12,2888.83,81.2,5
Gujarat,Banaskantha,wheat,2025,1,3057.33,61.12,5
Gujarat,Banaskantha,wheat,2025,2,3003.96,123.64,5
Gujarat,Banaskantha,wheat,2025,3,2570.02,78.26,5
Gujarat,Banaskantha,wheat,2025,4,2671.35,120.97,6
Gujarat,Banaskantha,wheat,2025,5,2522.98,55.93,5
Gujarat,Banaskantha,wheat,2025,6,2440.94,80.31,5
Gujarat,Banaskantha,wheat,2025,7,2497.37,45.07,5
Gujarat,Banaskantha,wheat,2025,8,2614.7,36.86,5
Gujarat,Banaskantha,wheat,2025,9,2647.93,53.6,5
Gujarat,Banaskantha,wheat,2025,10,2561.58,40.9,5
Gujarat,Banaskantha,wheat,2025,11,2596.89,20.92,4
Gujarat,Banaskantha,wheat,2025,12,2595.68,62.87,4
Gujarat,Jamnagar,wheat,2021,1,1655.22,93.04,4
Gujarat,Jamnagar,wheat,2021,2,1646.8,105.7,4
Gujarat,Jamnagar,wheat,2021,3,1732.27,358.35,4
Gujarat,Jamnagar,wheat,2021,5,1630.01,121.54,4
Gujarat,Jamnagar,wheat,2021,6,1574.13,100.16,4
Gujarat,Jamnagar,wheat,2021,8,1692.95,225.8,4
Gujarat,Jamnagar,wheat,2021,9,1784.05,250.96,4
Gujarat,Jamnagar,wheat,2021,10,1835.68,243.08,4
Gujarat,Jamnagar,wheat,2022,1,1905.8,205.59,4
Gujarat,Jamnagar,wheat,2022,2,1929.95,226.9,4
Gujarat,Jamnagar,wheat,2023,5,2099.07,206.04,4
Gujarat,Jamnagar,wheat,2023,6,2098,121.82,5
Gujarat,Jamnagar,wheat,2023,7,2211.33,102.21,4
Gujarat,Jamnagar,wheat,2024,2,2501.56,147.81,4
Gujarat,Jamnagar,wheat,2024,3,2426.56,150.53,4
Gujarat,Jamnagar,wheat,2024,4,2397.52,172.8,4
Gujarat,Jamnagar,wheat,2024,5,2282.24,219.09,5
Gujarat,Jamnagar,wheat,2024,6,2298.09,273.49,5
Gujarat,Jamnagar,wheat,2024,7,2401.82,282.73,4
Gujarat,Jamnagar,wheat,2024,8,2415.63,262.75,4
Gujarat,Jamnagar,wheat,2024,9,2533.3,233.21,4
Gujarat,Jamnagar,wheat,2024,10,2656.18,297,4
Gujarat,Jamnagar,wheat,2024,11,2767.01,290.34,4
Gujarat,Jamnagar,wheat,2024,12,2724.05,285.54,4
Gujarat,Jamnagar,wheat,2025,1,2801.7,313.09,4
Gujarat,Jamnagar,wheat,2025,2,2782.3,269.61,4
Gujarat,Jamnagar,wheat,2025,3,2423.05,80.03,5
Gujarat,Jamnagar,wheat,2025,4,2373.05,121.13,5
Gujarat,Jamnagar,wheat,2025,5,2341.41,100.99,5
Gujarat,Jamnagar,wheat,2025,6,2325.18,142.93,5
Gujarat,Jamnagar,wheat,2025,7,2370.9,114.87,5
Gujarat,Jamnagar,wheat,2025,8,2454.39,112.28,5
Gujarat,Jamnagar,wheat,2025,9,2460.81,123.01,5
Gujarat,Jamnagar,wheat,2025,10,2455.77,106.5,5
Gujarat,Jamnagar,wheat,2025,11,2523.71,99.84,5
Gujarat,Jamnagar,wheat,2025,12,2431.31,234.17,4
Gujarat,Mehsana,wheat,2021,10,2059.8,28.22,4
Gujarat,Mehsana,wheat,2022,1,2060.04,42.76,4
Gujarat,Mehsana,wheat,2022,2,2070.33,23.97,4
Gujarat,Mehsana,wheat,2022,3,2292.3,57.43,4
Gujarat,Mehsana,wheat,2022,4,2508.1,60.47,4
Gujarat,Mehsana,wheat,2022,5,2405.25,23.84,4
Gujarat,Mehsana,wheat,2022,6,2311.83,52.24,4
Gujarat,Mehsana,wheat,2022,7,2322.19,66.54,4
Gujarat,Mehsana,wheat,2022,8,2387.92,34.98,4
Gujarat,Mehsana,wheat,2022,9,2381.75,22.01,4
Gujarat,Mehsana,wheat,2022,10,2415.27,17.61,4
Gujarat,Mehsana,wheat,2022,11,2675.21,44.8,4
Gujarat,Mehsana,wheat,2022,12,2772.7,48.73,4
Gujarat,Mehsana,wheat,2023,1,2903.44,27.7,4
Gujarat,Mehsana,wheat,2023,2,2714.97,93,4
Gujarat,Mehsana,wheat,2023,4,2357.95,154.92,4
Gujarat,Mehsana,wheat,2023,5,2253.66,95.05,4
Gujarat,Mehsana,wheat,2023,6,2255.02,82.34,4
Gujarat,Mehsana,wheat,2023,7,2287.71,88.54,4
Gujarat,Mehsana,wheat,2023,8,2406.32,33.6,4
Gujarat,Mehsana,wheat,2023,9,2452.41,25.51,4
Gujarat,Mehsana,wheat,2023,10,2569.3,55.49,4
Gujarat,Mehsana,wheat,2023,11,2730.57,86.71,4
Gujarat,Mehsana,wheat,2024,1,2736.21,59.18,4
Gujarat,Mehsana,wheat,2024,2,2628.5,54.98,4
Gujarat,Mehsana,wheat,2024,3,2554.17,123.98,4
Gujarat,Mehsana,wheat,2024,4,2615.23,58.6,4
Gujarat,Mehsana,wheat,2024,5,2591.61,65,4
Gujarat,Mehsana,wheat,2024,6,2607.8,52.3,4
Gujarat,Mehsana,wheat,2024,7,2638.67,46.84,4
Gujarat,Mehsana,wheat,2024,8,2671.29,43.16,4
Gujarat,Mehsana,wheat,2024,9,2741.7,19.95,4
Gujarat,Mehsana,wheat,2024,10,2888,42.31,4
Gujarat,Mehsana,wheat,2024,11,2974.98,24.81,4
Gujarat,Mehsana,wheat,2025,1,3131.52,19.69,4
Gujarat,Mehsana,wheat,2025,2,3121.68,31.05,4
Gujarat,Mehsana,wheat,2025,3,2612.95,53.63,4
Gujarat,Mehsana,wheat,2025,4,2571.15,73.77,4
Gujarat,Mehsana,wheat,2025,5,2529.52,30.58,4
Gujarat,Mehsana,wheat,2025,6,2468.88,12.89,4
Gujarat,Mehsana,wheat,2025,7,2558.94,64.02,4
Gujarat,Mehsana,wheat,2025,8,2635.14,29.76,4
Gujarat,Mehsana,wheat,2025,9,2666.79,8.52,4
Gujarat,Mehsana,wheat,2025,10,2591.65,26.03,4
Gujarat,Mehsana,wheat,2025,11,2563.23,43.56,4
Gujarat,Rajkot,wheat,2022,1,2065.08,88.33,4
Gujarat,Rajkot,wheat,2022,5,2306.42,45.63,4
Gujarat,Rajkot,wheat,2023,4,1832.09,1072.44,4
Gujarat,Rajkot,wheat,2023,5,2239.48,89.19,4
Gujarat,Rajkot,wheat,2023,6,2254.73,90.25,4
Gujarat,Rajkot,wheat,2023,7,2283.41,99.67,5
Gujarat,Rajkot,wheat,2023,8,2384.84,108.21,5
Gujarat,Rajkot,wheat,2023,9,2479.56,90.01,4
Gujarat,Rajkot,wheat,2023,10,2543.43,87.11,4
Gujarat,Rajkot,wheat,2023,11,2720.25,133.82,4
Gujarat,Rajkot,wheat,2023,12,2707.44,172.91,4
Gujarat,Rajkot,wheat,2024,1,2712.53,202.7,4
Gujarat,Rajkot,wheat,2024,2,2497.22,190.09,5
Gujarat,Rajkot,wheat,2024,3,2469.2,161.72,5
Gujarat,Rajkot,wheat,2024,4,2474.65,152.63,5
Gujarat,Rajkot,wheat,2024,5,2550.65,128.74,5
Gujarat,Rajkot,wheat,2024,6,2561.67,137.15,5
Gujarat,Rajkot,wheat,2024,7,2649.07,96.19,5
Gujarat,Rajkot,wheat,2024,8,2701.27,91.82,5
Gujarat,Rajkot,wheat,2024,9,2742.53,77.92,5
Gujarat,Rajkot,wheat,2024,10,2796.46,114,5
Gujarat,Rajkot,wheat,2024,11,2940.26,201,5
Gujarat,Rajkot,wheat,2024,12,2882.05,193.53,5
Gujarat,Rajkot,wheat,2025,1,2969.07,187.8,5
Gujarat,Rajkot,wheat,2025,2,2826.1,160.98,5
Gujarat,Rajkot,wheat,2025,3,2484.69,125.97,5
Gujarat,Rajkot,wheat,2025,4,2449.32,136.3,5
Gujarat,Rajkot,wheat,2025,5,2458.78,95.49,5
Gujarat,Rajkot,wheat,2025,6,2466.28,76.52,5
Gujarat,Rajkot,wheat,2025,7,2528.41,75,5
Gujarat,Rajkot,wheat,2025,8,2621.19,89.64,5
Gujarat,Rajkot,wheat,2025,9,2605.93,78.99,5
Gujarat,Rajkot,wheat,2025,10,2565.67,97.47,5
Gujarat,Rajkot,wheat,2025,11,2595.43,89.49,5
Gujarat,Rajkot,wheat,2025,12,2536.05,112.99,5
Gujarat,Sabarkantha,wheat,2024,7,2633.04,45.19,4
Gujarat,Sabarkantha,wheat,2024,8,2685.74,18.89,4
Gujarat,Sabarkantha,wheat,2024,9,2740.53,57.38,4
Gujarat,Sabarkantha,wheat,2024,10,2854.43,97.77,4
Gujarat,Sabarkantha,wheat,2024,11,3024.87,50.63,4
Gujarat,Sabarkantha,wheat,2024,12,2920.39,68.56,5
Gujarat,Sabarkantha,wheat,2025,1,3046.4,140.24,5
Gujarat,Sabarkantha,wheat,2025,2,3132.59,73.16,4
Gujarat,Sabarkantha,wheat,2025,3,2779.1,148.82,4
Gujarat,Sabarkantha,wheat,2025,8,2669.07,113.2,4
Gujarat,Sabarkantha,wheat,2025,11,2612.35,61.58,4
Haryana,Ambala,wheat,2022,4,2015.03,0.04,4
Haryana,Ambala,wheat,2023,4,2125,0,5
Haryana,Ambala,wheat,2023,5,2137.54,24.97,4
Haryana,Ambala,wheat,2024,4,2275,0,4
Haryana,Ambala,wheat,2024,5,2275,0.01,4
Haryana,Ambala,wheat,2025,4,2425.41,0.5,5
Haryana,Ambala,wheat,2025,5,2425,0,4
Haryana,Hisar,wheat,2023,4,2125.49,1.15,6
Haryana,Hisar,wheat,2023,5,2132.04,13.65,5
Haryana,Hisar,wheat,2024,4,2275.75,1.5,4
Haryana,Hisar,wheat,2024,5,2276.13,2.18,4
Haryana,Hisar,wheat,2025,4,2426.69,2.42,6
Haryana,Hisar,wheat,2025,5,2426.28,2.08,6
Haryana,Jind,wheat,2021,4,1975,0,5
Haryana,Jind,wheat,2022,4,2018.67,4.74,5
Haryana,Jind,wheat,2022,5,2019.44,4.51,5
Haryana,Jind,wheat,2023,4,2126.07,1.56,5
Haryana,Jind,wheat,2023,5,2125.5,0.91,4
Haryana,Jind,wheat,2024,4,2275,0,5
Haryana,Jind,wheat,2024,5,2275.33,0.54,5
Haryana,Jind,wheat,2025,4,2425.04,0.04,5
Haryana,Jind,wheat,2025,5,2426.03,2.05,5
Haryana,Kaithal,wheat,2022,4,2017.53,4.33,5
Haryana,Kaithal,wheat,2023,4,2125.49,0.98,4
Haryana,Kaithal,wheat,2024,4,2275.24,0.47,4
Haryana,Kaithal,wheat,2024,5,2275.07,0.13,4
Haryana,Kaithal,wheat,2025,4,2427.68,3.16,6
Haryana,Kaithal,wheat,2025,5,2425.26,0.57,5
Haryana,Karnal,wheat,2025,4,2425,0,8
Haryana,Karnal,wheat,2025,5,2425.22,0.51,6
Haryana,Kurukshetra,wheat,2022,4,2015.8,0.57,4
Haryana,Kurukshetra,wheat,2023,4,2125.67,0.63,4
Haryana,Kurukshetra,wheat,2023,5,2125.75,1.5,4
Haryana,Kurukshetra,wheat,2024,4,2275,0,6
Haryana,Kurukshetra,wheat,2024,5,2275.01,0.02,5
Haryana,Kurukshetra,wheat,2025,4,2425.11,0.21,4
Haryana,Kurukshetra,wheat,2025,5,2425.03,0.06,4
Haryana,Mohindergarh,wheat,2025,4,2427.6,2.68,4
Haryana,Sirsa,wheat,2023,4,2125.25,0.5,4
Haryana,Sirsa,wheat,2023,5,2135.14,18.31,4
Haryana,Sirsa,wheat,2024,4,2275,0,4
Haryana,Sirsa,wheat,2025,5,2423.41,3.18,4
Madhya Pradesh,Chhatarpur,wheat,2021,2,1618.85,16.91,4
Madhya Pradesh,Chhatarpur,wheat,2021,3,1604.75,14.1,4
Madhya Pradesh,Chhatarpur,wheat,2021,6,1615.82,46.49,4
Madhya Pradesh,Chhatarpur,wheat,2021,7,1596.8,48.43,4
Madhya Pradesh,Chhatarpur,wheat,2021,8,1669.85,26.31,4
Madhya Pradesh,Chhatarpur,wheat,2021,9,1780.01,56.67,4
Madhya Pradesh,Chhatarpur,wheat,2021,10,1824.14,52.72,4
Madhya Pradesh,Chhatarpur,wheat,2021,11,1862,50.15,4
Madhya Pradesh,Chhatarpur,wheat,2021,12,1863.45,39.76,4
Madhya Pradesh,Chhatarpur,wheat,2022,1,1877.73,33.37,4
Madhya Pradesh,Chhatarpur,wheat,2022,2,1885.92,32.91,4
Madhya Pradesh,Chhatarpur,wheat,2022,3,1985.97,32.65,4
Madhya Pradesh,Chhatarpur,wheat,2022,4,1991.04,38.91,4
Madhya Pradesh,Chhatarpur,wheat,2022,5,1971.25,53.38,4
Madhya Pradesh,Chhatarpur,wheat,2022,6,1919.12,16.42,4
Madhya Pradesh,Chhatarpur,wheat,2022,7,2031.94,51.35,4
Madhya Pradesh,Chhatarpur,wheat,2022,8,2243.62,66.88,4
Madhya Pradesh,Chhatarpur,wheat,2022,9,2243.87,67.59,4
Madhya Pradesh,Chhatarpur,wheat,2022,10,2254.42,43.48,4
Madhya Pradesh,Chhatarpur,wheat,2022,11,2441.15,39.49,4
Madhya Pradesh,Chhatarpur,wheat,2022,12,2498.75,53.63,4
Madhya Pradesh,Chhatarpur,wheat,2023,1,2609.49,68.91,4
Madhya Pradesh,Chhatarpur,wheat,2023,2,2261.64,73.69,4
Madhya Pradesh,Chhatarpur,wheat,2023,3,2067.75,120.88,4
Madhya Pradesh,Chhatarpur,wheat,2023,4,2078.28,34.6,4
Madhya Pradesh,Chhatarpur,wheat,2023,5,2142.62,14.86,4
Madhya Pradesh,Chhatarpur,wheat,2023,6,2160.32,39.62,4
Madhya Pradesh,Chhatarpur,wheat,2023,7,2168.14,33.94,4
Madhya Pradesh,Chhatarpur,wheat,2023,8,2261.45,50.04,4
Madhya Pradesh,Chhatarpur,wheat,2023,9,2307.17,42.42,4
Madhya Pradesh,Chhatarpur,wheat,2023,10,2335.47,40.87,4
Madhya Pradesh,Chhatarpur,wheat,2023,12,2356.05,67.75,4
Madhya Pradesh,Chhatarpur,wheat,2024,1,2405.97,72.61,4
Madhya Pradesh,Chhatarpur,wheat,2024,2,2330.75,50.6,4
Madhya Pradesh,Chhatarpur,wheat,2024,3,2271.59,46.84,4
Madhya Pradesh,Chhatarpur,wheat,2024,4,2252.81,28.66,4
Madhya Pradesh,Chhatarpur,wheat,2024,5,2330.32,32.41,4
Madhya Pradesh,Chhatarpur,wheat,2024,6,2392.71,27.96,4
Madhya Pradesh,Chhatarpur,wheat,2024,8,2549.09,63.93,4
Madhya Pradesh,Chhatarpur,wheat,2024,9,2587.17,54.49,4
Madhya Pradesh,Chhatarpur,wheat,2024,10,2675.33,87.57,4
Madhya Pradesh,Chhatarpur,wheat,2024,11,2746.21,131,4
Madhya Pradesh,Chhatarpur,wheat,2024,12,2742.26,136.46,4
Madhya Pradesh,Chhatarpur,wheat,2025,1,2850.04,155.41,4
Madhya Pradesh,Chhatarpur,wheat,2025,2,2834.86,147.58,4
Madhya Pradesh,Chhatarpur,wheat,2025,3,2484.74,49.56,4
Madhya Pradesh,Chhatarpur,wheat,2025,4,2413.94,35.62,4
Madhya Pradesh,Chhatarpur,wheat,2025,5,2470.13,34.3,4
Madhya Pradesh,Chhatarpur,wheat,2025,6,2471.91,30.57,4
Madhya Pradesh,Chhatarpur,wheat,2025,7,2499.48,44.86,4
Madhya Pradesh,Chhatarpur,wheat,2025,8,2570.98,42.44,4
Madhya Pradesh,Chhatarpur,wheat,2025,9,2544.22,31.26,4
Madhya Pradesh,Chhatarpur,wheat,2025,10,2473.71,26.17,4
Madhya Pradesh,Chhatarpur,wheat,2025,11,2437.1,21.3,4
Madhya Pradesh,Chhatarpur,wheat,2025,12,2435.57,24.54,4
Madhya Pradesh,Harda,wheat,2021,1,1726.58,18.06,4
Madhya Pradesh,Harda,wheat,2021,2,1680.15,16.45,4
Madhya Pradesh,Harda,wheat,2021,3,1728.93,28.97,4
Madhya Pradesh,Harda,wheat,2021,4,1746.96,13.77,4
Madhya Pradesh,Harda,wheat,2021,5,1764.73,48.14,4
Madhya Pradesh,Harda,wheat,2021,6,1667.04,15.14,4
Madhya Pradesh,Harda,wheat,2021,7,1701.94,17.54,4
Madhya Pradesh,Harda,wheat,2021,8,1771.48,19.19,4
Madhya Pradesh,Harda,wheat,2021,9,1868.96,19.42,4
Madhya Pradesh,Harda,wheat,2021,10,1911.09,27.22,4
Madhya Pradesh,Harda,wheat,2021,11,1897.11,15.57,4
Madhya Pradesh,Harda,wheat,2021,12,1898.57,13.25,4
Madhya Pradesh,Harda,wheat,2022,1,1955.86,16.12,4
Madhya Pradesh,Harda,wheat,2022,2,1959.22,17.8,4
Madhya Pradesh,Harda,wheat,2022,3,2110.21,12.77,4
Madhya Pradesh,Harda,wheat,2022,4,2032.95,14.24,4
Madhya Pradesh,Harda,wheat,2022,5,2045.54,10.51,4
Madhya Pradesh,Harda,wheat,2022,6,1968.98,16.54,4
Madhya Pradesh,Harda,wheat,2022,7,2152.07,12.35,4
Madhya Pradesh,Harda,wheat,2022,8,2287.59,19.61,4
Madhya Pradesh,Harda,wheat,2022,9,2269.82,21.08,4
Madhya Pradesh,Harda,wheat,2022,10,2333.72,23.78,4
Madhya Pradesh,Harda,wheat,2022,11,2484.3,37.66,4
Madhya Pradesh,Harda,wheat,2022,12,2601.26,20.75,4
Madhya Pradesh,Harda,wheat,2023,1,2670.79,33.26,4
Madhya Pradesh,Harda,wheat,2023,2,2209.64,142.44,4
Madhya Pradesh,Harda,wheat,2023,3,2074.78,17.62,4
Madhya Pradesh,Harda,wheat,2023,4,2094.02,11.19,4
Madhya Pradesh,Harda,wheat,2023,5,2193.09,34.4,4
Madhya Pradesh,Harda,wheat,2023,6,2232.64,10.58,4
Madhya Pradesh,Harda,wheat,2023,7,2258.22,34.88,4
Madhya Pradesh,Harda,wheat,2023,8,2426.18,21.01,4
Madhya Pradesh,Harda,wheat,2023,9,2487.07,44.07,4
Madhya Pradesh,Harda,wheat,2023,10,2483.11,25.87,4
Madhya Pradesh,Harda,wheat,2023,11,2594.48,26.45,4
Madhya Pradesh,Harda,wheat,2023,12,2509.18,39.22,4
Madhya Pradesh,Harda,wheat,2024,1,2598.26,20.02,4
Madhya Pradesh,Harda,wheat,2024,2,2355.49,123.37,4
Madhya Pradesh,Harda,wheat,2024,3,2327.8,14.27,4
Madhya Pradesh,Harda,wheat,2024,4,2327.68,8.34,4
Madhya Pradesh,Harda,wheat,2024,5,2378.15,16.23,4
Madhya Pradesh,Harda,wheat,2024,6,2453.94,13.42,4
Madhya Pradesh,Harda,wheat,2024,7,2536.68,42.42,4
Madhya Pradesh,Harda,wheat,2024,8,2658.18,30.24,4
Madhya Pradesh,Harda,wheat,2024,9,2682.05,6.11,4
Madhya Pradesh,Harda,wheat,2024,10,2772.66,25.67,4
Madhya Pradesh,Harda,wheat,2024,11,2815.46,21.64,4
Madhya Pradesh,Harda,wheat,2024,12,2822.61,26.51,4
Madhya Pradesh,Harda,wheat,2025,1,3020.05,16.76,4
Madhya Pradesh,Harda,wheat,2025,2,2885.34,120.53,4
Madhya Pradesh,Harda,wheat,2025,3,2508.08,19.27,4
Madhya Pradesh,Harda,wheat,2025,4,2488.87,14.18,4
Madhya Pradesh,Harda,wheat,2025,5,2516.61,6.71,4
Madhya Pradesh,Harda,wheat,2025,6,2507.65,13.57,4
Madhya Pradesh,Harda,wheat,2025,7,2555.2,9.25,4
Madhya Pradesh,Harda,wheat,2025,8,2667.17,8.52,4
Madhya Pradesh,Harda,wheat,2025,9,2607.86,21.67,4
Madhya Pradesh,Harda,wheat,2025,10,2513.52,12.73,4
Madhya Pradesh,Harda,wheat,2025,11,2481.61,21.58,4
Madhya Pradesh,Harda,wheat,2025,12,2486.31,17.1,4
Madhya Pradesh,Indore,wheat,2021,1,1744.26,59.8,4
Madhya Pradesh,Indore,wheat,2021,2,1713.6,43.92,4
Madhya Pradesh,Indore,wheat,2021,3,1769.82,79.81,4
Madhya Pradesh,Indore,wheat,2021,4,1865.28,91.12,4
Madhya Pradesh,Indore,wheat,2021,6,1817.87,113.84,4
Madhya Pradesh,Indore,wheat,2021,7,1826.03,143.29,4
Madhya Pradesh,Indore,wheat,2021,8,1909.95,175.66,4
Madhya Pradesh,Indore,wheat,2021,9,1970.48,106.16,4
Madhya Pradesh,Indore,wheat,2021,10,1963.54,70.91,4
Madhya Pradesh,Indore,wheat,2021,11,2016.06,18.18,4
Madhya Pradesh,Indore,wheat,2021,12,1987.06,80.52,4
Madhya Pradesh,Indore,wheat,2022,1,1989.89,100.72,4
Madhya Pradesh,Indore,wheat,2022,2,1997.17,68.98,4
Madhya Pradesh,Indore,wheat,2022,3,2100.14,58.58,4
Madhya Pradesh,Indore,wheat,2022,4,2080.11,71.84,4
Madhya Pradesh,Indore,wheat,2022,5,2101.2,47.8,4
Madhya Pradesh,Indore,wheat,2022,6,2023.18,117.92,4
Madhya Pradesh,Indore,wheat,2022,7,2116.72,89.71,4
Madhya Pradesh,Indore,wheat,2022,8,2163.22,85.93,4
Madhya Pradesh,Indore,wheat,2022,9,2132.18,79.88,4
Madhya Pradesh,Indore,wheat,2022,10,2197.82,85.43,4
Madhya Pradesh,Indore,wheat,2022,11,2355.99,104.48,4
Madhya Pradesh,Indore,wheat,2022,12,2657.65,556.87,4
Madhya Pradesh,Indore,wheat,2023,1,2552.4,120.69,4
Madhya Pradesh,Indore,wheat,2023,2,2439.37,252.09,4
Madhya Pradesh,Indore,wheat,2023,3,2049.85,113.92,4
Madhya Pradesh,Indore,wheat,2023,4,2067.43,130.15,4
Madhya Pradesh,Indore,wheat,2023,5,2135.81,101.36,4
Madhya Pradesh,Indore,wheat,2023,6,2188.23,82.37,4
Madhya Pradesh,Indore,wheat,2023,7,2243.65,83.49,4
Madhya Pradesh,Indore,wheat,2023,8,2401.35,85.94,4
Madhya Pradesh,Indore,wheat,2023,9,2498.05,145.44,4
Madhya Pradesh,Indore,wheat,2023,10,2511.28,114.42,4
Madhya Pradesh,Indore,wheat,2023,11,2571.52,93.82,4
Madhya Pradesh,Indore,wheat,2023,12,2475.79,68.53,4
Madhya Pradesh,Indore,wheat,2024,2,2359.05,106.68,4
Madhya Pradesh,Indore,wheat,2024,3,2284.25,84.37,4
Madhya Pradesh,Indore,wheat,2024,4,2327.65,88.7,4
Madhya Pradesh,Indore,wheat,2024,5,2383.41,61.72,4
Madhya Pradesh,Indore,wheat,2024,6,2416.37,81.27,4
Madhya Pradesh,Indore,wheat,2024,7,2509.95,56.61,4
Madhya Pradesh,Indore,wheat,2024,8,2646.65,150.07,4
Madhya Pradesh,Indore,wheat,2024,9,2652.06,90.08,4
Madhya Pradesh,Indore,wheat,2024,10,2748.37,71.07,4
Madhya Pradesh,Indore,wheat,2024,11,2802.48,95.33,4
Madhya Pradesh,Indore,wheat,2024,12,2801.02,92.13,4
Madhya Pradesh,Indore,wheat,2025,1,2940.44,175.62,4
Madhya Pradesh,Indore,wheat,2025,2,2845.76,114,4
Madhya Pradesh,Indore,wheat,2025,3,2501.24,67.09,4
Madhya Pradesh,Indore,wheat,2025,4,2479.81,93.35,4
Madhya Pradesh,Indore,wheat,2025,5,2521.51,58.06,4
Madhya Pradesh,Indore,wheat,2025,6,2507.63,57.36,4
Madhya Pradesh,Indore,wheat,2025,7,2539.13,69.85,4
Madhya Pradesh,Indore,wheat,2025,8,2626.85,68.2,4
Madhya Pradesh,Indore,wheat,2025,9,2615.07,72.35,4
Madhya Pradesh,Indore,wheat,2025,10,2568.57,81.33,4
Madhya Pradesh,Indore,wheat,2025,11,2487.03,75.91,4
Madhya Pradesh,Indore,wheat,2025,12,2501.1,95,4
Madhya Pradesh,Rewa,wheat,2021,6,1558.54,42.14,4
Madhya Pradesh,Rewa,wheat,2021,7,1564.27,38.75,4
Madhya Pradesh,Rewa,wheat,2021,8,1632.24,59.03,4
Madhya Pradesh,Rewa,wheat,2021,9,1732.32,44.36,4
Madhya Pradesh,Rewa,wheat,2021,10,1801.06,85.34,4
Madhya Pradesh,Rewa,wheat,2021,11,1807.94,70.67,4
Madhya Pradesh,Rewa,wheat,2021,12,1791.16,53.49,4
Madhya Pradesh,Rewa,wheat,2022,1,1820.22,77.53,4
Madhya Pradesh,Rewa,wheat,2022,2,1848.24,67.4,4
Madhya Pradesh,Rewa,wheat,2022,3,1954.5,62.36,4
Madhya Pradesh,Rewa,wheat,2022,4,1950.54,13.88,4
Madhya Pradesh,Rewa,wheat,2022,5,1975.86,33.19,4
Madhya Pradesh,Rewa,wheat,2022,6,1907.44,17.79,4
Madhya Pradesh,Rewa,wheat,2022,7,2066.36,70.35,4
Madhya Pradesh,Rewa,wheat,2022,8,2265.85,50.22,4
Madhya Pradesh,Rewa,wheat,2022,9,2266.22,38.93,4
Madhya Pradesh,Rewa,wheat,2022,10,2299.05,49.86,4
Madhya Pradesh,Rewa,wheat,2022,11,2461.68,87.72,4
Madhya Pradesh,Rewa,wheat,2022,12,2514,84.05,4
Madhya Pradesh,Rewa,wheat,2023,3,2122.29,224.42,4
Madhya Pradesh,Rewa,wheat,2023,4,2065.22,68.27,4
Madhya Pradesh,Rewa,wheat,2023,5,2129.02,22.23,4
Madhya Pradesh,Rewa,wheat,2023,6,2217.29,63.24,4
Madhya Pradesh,Rewa,wheat,2023,7,2171.67,48.05,4
Madhya Pradesh,Rewa,wheat,2023,8,2248.32,55.37,4
Madhya Pradesh,Rewa,wheat,2023,9,2283.36,48.24,4
Madhya Pradesh,Rewa,wheat,2023,10,2337.35,40.52,4
Madhya Pradesh,Rewa,wheat,2023,11,2425,55.58,4
Madhya Pradesh,Rewa,wheat,2023,12,2361.68,46.92,4
Madhya Pradesh,Rewa,wheat,2024,1,2394.94,48.06,4
Madhya Pradesh,Rewa,wheat,2024,2,2290.84,21.42,4
Madhya Pradesh,Rewa,wheat,2024,3,2346.14,67.93,4
Madhya Pradesh,Rewa,wheat,2024,4,2275.32,47.59,4
Madhya Pradesh,Rewa,wheat,2024,5,2317.92,36.68,4
Madhya Pradesh,Rewa,wheat,2024,6,2353.97,57.25,4
Madhya Pradesh,Rewa,wheat,2024,7,2390.07,68.32,4
Madhya Pradesh,Rewa,wheat,2024,8,2489.86,69.1,4
Madhya Pradesh,Rewa,wheat,2024,9,2532.72,47.91,4
Madhya Pradesh,Rewa,wheat,2024,10,2649.21,62.76,4
Madhya Pradesh,Rewa,wheat,2024,11,2717.04,76.13,4
Madhya Pradesh,Rewa,wheat,2024,12,2700.28,87.2,4
Madhya Pradesh,Rewa,wheat,2025,1,2767.47,119.83,4
Madhya Pradesh,Rewa,wheat,2025,2,2766.62,81.23,4
Madhya Pradesh,Rewa,wheat,2025,3,2623.1,75.66,4
Madhya Pradesh,Rewa,wheat,2025,4,2480.6,81.41,4
Madhya Pradesh,Rewa,wheat,2025,5,2447.14,26.43,4
Madhya Pradesh,Rewa,wheat,2025,6,2441.89,29.24,4
Madhya Pradesh,Rewa,wheat,2025,7,2451.61,35.04,4
Madhya Pradesh,Rewa,wheat,2025,8,2510.11,45.77,4
Madhya Pradesh,Rewa,wheat,2025,9,2491.33,22.79,4
Madhya Pradesh,Rewa,wheat,2025,10,2456.7,14.58,4
Madhya Pradesh,Rewa,wheat,2025,11,2453.38,11.76,4
Madhya Pradesh,Rewa,wheat,2025,12,2446.86,32,4
Madhya Pradesh,Sagar,wheat,2021,1,1787.73,414.82,5
Madhya Pradesh,Sagar,wheat,2021,2,1754.35,281.89,5
Madhya Pradesh,Sagar,wheat,2021,3,1684.31,116.94,5
Madhya Pradesh,Sagar,wheat,2021,4,1813.99,157.95,5
Madhya Pradesh,Sagar,wheat,2021,6,1691.28,160.36,5
Madhya Pradesh,Sagar,wheat,2021,7,1688.12,140.12,5
Madhya Pradesh,Sagar,wheat,2021,8,1722.57,89.78,5
Madhya Pradesh,Sagar,wheat,2021,9,1799,42.02,5
Madhya Pradesh,Sagar,wheat,2021,10,1863.5,53.73,5
Madhya Pradesh,Sagar,wheat,2021,11,1880.35,72.66,5
Madhya Pradesh,Sagar,wheat,2021,12,1881.74,76.47,5
Madhya Pradesh,Sagar,wheat,2022,1,1891.69,90.34,5
Madhya Pradesh,Sagar,wheat,2022,2,1916.38,94.52,5
Madhya Pradesh,Sagar,wheat,2022,3,2008.36,57.61,5
Madhya Pradesh,Sagar,wheat,2022,4,1990.97,76.51,5
Madhya Pradesh,Sagar,wheat,2022,5,2011.36,63.42,5
Madhya Pradesh,Sagar,wheat,2022,6,1954.9,73.54,5
Madhya Pradesh,Sagar,wheat,2022,7,2079.81,118.05,5
Madhya Pradesh,Sagar,wheat,2022,8,2252.97,43.25,5
Madhya Pradesh,Sagar,wheat,2022,9,2245.44,41.6,5
Madhya Pradesh,Sagar,wheat,2022,10,2268.91,52.85,5
Madhya Pradesh,Sagar,wheat,2022,11,2450.6,108.93,5
Madhya Pradesh,Sagar,wheat,2022,12,2500.28,86.69,5
Madhya Pradesh,Sagar,wheat,2023,1,2627.14,84.53,5
Madhya Pradesh,Sagar,wheat,2023,2,2362.67,134.15,5
Madhya Pradesh,Sagar,wheat,2023,3,2064.72,101.23,5
Madhya Pradesh,Sagar,wheat,2023,4,2046.93,56.03,5
Madhya Pradesh,Sagar,wheat,2023,5,2150.9,36.36,5
Madhya Pradesh,Sagar,wheat,2023,6,2198.12,42.22,5
Madhya Pradesh,Sagar,wheat,2023,7,2204.55,35.78,5
Madhya Pradesh,Sagar,wheat,2023,8,2341.66,45.47,5
Madhya Pradesh,Sagar,wheat,2023,9,2352.6,29.31,5
Madhya Pradesh,Sagar,wheat,2023,10,2372.14,39.84,5
Madhya Pradesh,Sagar,wheat,2023,11,2385.61,99.26,5
Madhya Pradesh,Sagar,wheat,2023,12,2399.32,51.35,5
Madhya Pradesh,Sagar,wheat,2024,2,2275.75,83.15,5
Madhya Pradesh,Sagar,wheat,2024,3,2313.01,45.12,5
Madhya Pradesh,Sagar,wheat,2024,4,2311.85,24.9,5
Madhya Pradesh,Sagar,wheat,2024,5,2400.26,48.55,5
Madhya Pradesh,Sagar,wheat,2024,6,2477.28,57.46,5
Madhya Pradesh,Sagar,wheat,2024,8,2570.77,33.49,5
Madhya Pradesh,Sagar,wheat,2024,9,2603.3,20.93,5
Madhya Pradesh,Sagar,wheat,2024,10,2736.91,32.98,5
Madhya Pradesh,Sagar,wheat,2024,11,2774.49,22.86,5
Madhya Pradesh,Sagar,wheat,2024,12,2756.32,32.27,5
Madhya Pradesh,Sagar,wheat,2025,1,2904.08,63.95,5
Madhya Pradesh,Sagar,wheat,2025,2,2857.15,70.26,5
Madhya Pradesh,Sagar,wheat,2025,3,2464.74,36.97,5
Madhya Pradesh,Sagar,wheat,2025,4,2451.89,22.6,5
Madhya Pradesh,Sagar,wheat,2025,5,2512.19,27.26,5
Madhya Pradesh,Sagar,wheat,2025,6,2474.23,16.93,5
Madhya Pradesh,Sagar,wheat,2025,7,2506.27,25.19,5
Madhya Pradesh,Sagar,wheat,2025,8,2586.09,12.64,5
Madhya Pradesh,Sagar,wheat,2025,9,2547.04,15.76,5
Madhya Pradesh,Sagar,wheat,2025,10,2461.6,21.86,5
Madhya Pradesh,Sagar,wheat,2025,11,2409.69,18.65,5
Madhya Pradesh,Sagar,wheat,2025,12,2379.52,28.25,5
Maharashtra,Ahmednagar,wheat,2021,1,1710.01,156.85,6
Maharashtra,Ahmednagar,wheat,2021,2,1811.94,284.88,6
Maharashtra,Ahmednagar,wheat,2021,3,1754.6,151.53,6
Maharashtra,Ahmednagar,wheat,2021,4,1767.44,159.93,6
Maharashtra,Ahmednagar,wheat,2021,6,1766.26,142.41,6
Maharashtra,Ahmednagar,wheat,2021,7,1763.61,143,5
Maharashtra,Ahmednagar,wheat,2021,8,1725.89,75.66,5
Maharashtra,Ahmednagar,wheat,2021,9,1837.66,117.5,6
Maharashtra,Ahmednagar,wheat,2021,10,1844.36,135.88,6
Maharashtra,Ahmednagar,wheat,2021,11,1913.42,148.21,5
Maharashtra,Ahmednagar,wheat,2021,12,1908.73,76.83,5
Maharashtra,Ahmednagar,wheat,2022,1,1965.94,111.24,6
Maharashtra,Ahmednagar,wheat,2022,2,1956.6,67.8,5
Maharashtra,Ahmednagar,wheat,2022,3,2173.06,171.96,6
Maharashtra,Ahmednagar,wheat,2022,4,2213.53,59.55,6
Maharashtra,Ahmednagar,wheat,2022,5,2169.93,79.11,6
Maharashtra,Ahmednagar,wheat,2022,6,2175.08,114.46,6
Maharashtra,Ahmednagar,wheat,2022,7,2130.67,76.23,5
Maharashtra,Ahmednagar,wheat,2022,8,2219.98,86.15,4
Maharashtra,Ahmednagar,wheat,2022,9,2250.95,94.8,5
Maharashtra,Ahmednagar,wheat,2022,10,2401.89,68.47,5
Maharashtra,Ahmednagar,wheat,2022,11,2622.46,215.48,5
Maharashtra,Ahmednagar,wheat,2022,12,2592.57,199.82,5
Maharashtra,Ahmednagar,wheat,2023,1,2650.1,114.51,5
Maharashtra,Ahmednagar,wheat,2023,2,2363.65,114.41,5
Maharashtra,Ahmednagar,wheat,2023,3,2151.99,95.98,6
Maharashtra,Ahmednagar,wheat,2023,4,2199.23,82.77,6
Maharashtra,Ahmednagar,wheat,2023,5,2239.02,59.63,5
Maharashtra,Ahmednagar,wheat,2023,6,2265.39,99.38,6
Maharashtra,Ahmednagar,wheat,2023,7,2250.38,52.79,5
Maharashtra,Ahmednagar,wheat,2023,8,2432.31,117.76,6
Maharashtra,Ahmednagar,wheat,2023,9,2449.32,122.71,4
Maharashtra,Ahmednagar,wheat,2023,10,2481.73,100.68,5
Maharashtra,Ahmednagar,wheat,2023,11,2595.53,112.69,5
Maharashtra,Ahmednagar,wheat,2023,12,2593.51,121.81,6
Maharashtra,Ahmednagar,wheat,2024,1,2579.72,108.57,6
Maharashtra,Ahmednagar,wheat,2024,2,2510.49,58.79,5
Maharashtra,Ahmednagar,wheat,2024,3,2492.83,55.67,6
Maharashtra,Ahmednagar,wheat,2024,4,2443.19,40.92,6
Maharashtra,Ahmednagar,wheat,2024,5,2559.3,186.82,6
Maharashtra,Ahmednagar,wheat,2024,6,2647.84,312.25,6
Maharashtra,Ahmednagar,wheat,2024,7,2655.36,212.02,6
Maharashtra,Ahmednagar,wheat,2024,8,2744.24,279.63,5
Maharashtra,Ahmednagar,wheat,2024,9,2680.07,186.62,6
Maharashtra,Ahmednagar,wheat,2024,10,2726.67,120.32,6
Maharashtra,Ahmednagar,wheat,2024,11,2879.35,118.73,5
Maharashtra,Ahmednagar,wheat,2024,12,2814.52,127.11,6
Maharashtra,Ahmednagar,wheat,2025,1,2873.48,171.5,6
Maharashtra,Ahmednagar,wheat,2025,2,2769.1,106.8,6
Maharashtra,Ahmednagar,wheat,2025,3,2604.24,85.93,6
Maharashtra,Ahmednagar,wheat,2025,4,2568.07,52.25,6
Maharashtra,Ahmednagar,wheat,2025,5,2579.45,39.75,6
Maharashtra,Ahmednagar,wheat,2025,6,2568.72,29.59,5
Maharashtra,Ahmednagar,wheat,2025,7,2567.29,42.66,5
Maharashtra,Ahmednagar,wheat,2025,8,2621.26,57.6,5
Maharashtra,Ahmednagar,wheat,2025,9,2628.66,68.63,5
Maharashtra,Ahmednagar,wheat,2025,10,2594.1,33.65,5
Maharashtra,Ahmednagar,wheat,2025,11,2581.03,46.06,5
Maharashtra,Ahmednagar,wheat,2025,12,2590.21,77.31,6
Maharashtra,Amrawati,wheat,2021,3,1635.33,35.24,4
Maharashtra,Amrawati,wheat,2021,4,1673.88,65.33,4
Maharashtra,Amrawati,wheat,2021,5,1710.78,65.9,5
Maharashtra,Amrawati,wheat,2021,7,1665.11,54.77,4
Maharashtra,Amrawati,wheat,2022,1,1796.37,45.51,4
Maharashtra,Amrawati,wheat,2022,2,1728.79,116.21,4
Maharashtra,Amrawati,wheat,2022,6,1988.56,29.33,4
Maharashtra,Amrawati,wheat,2022,7,2060.31,50.03,4
Maharashtra,Amrawati,wheat,2022,11,2371.78,98.04,4
Maharashtra,Amrawati,wheat,2023,2,2364.78,213.54,4
Maharashtra,Amrawati,wheat,2023,3,2095.46,79.67,4
Maharashtra,Amrawati,wheat,2023,5,2220.74,80.72,4
Maharashtra,Amrawati,wheat,2023,6,2316.13,100.6,4
Maharashtra,Amrawati,wheat,2023,7,2256.89,42.42,4
Maharashtra,Amrawati,wheat,2023,8,2358.8,61.81,4
Maharashtra,Amrawati,wheat,2023,9,2362.94,78.9,5
Maharashtra,Amrawati,wheat,2023,10,2359.23,144.17,5
Maharashtra,Amrawati,wheat,2024,1,2400.33,168.96,4
Maharashtra,Amrawati,wheat,2024,3,2272.31,136.54,5
Maharashtra,Amrawati,wheat,2024,4,2326.94,225.2,5
Maharashtra,Amrawati,wheat,2024,5,2392.98,263.97,5
Maharashtra,Amrawati,wheat,2024,6,2449.67,215.9,5
Maharashtra,Amrawati,wheat,2024,7,2412.13,195.24,4
Maharashtra,Amrawati,wheat,2024,9,2490.8,171.02,4
Maharashtra,Amrawati,wheat,2024,10,2572.4,188.28,4
Maharashtra,Amrawati,wheat,2025,1,2765.58,210.11,4
Maharashtra,Amrawati,wheat,2025,2,2838.46,98.37,4
Maharashtra,Amrawati,wheat,2025,3,2580.59,98.33,4
Maharashtra,Amrawati,wheat,2025,4,2597.65,92.65,4
Maharashtra,Amrawati,wheat,2025,5,2599.05,105.74,4
Maharashtra,Amrawati,wheat,2025,6,2539.34,119.45,4
Maharashtra,Amrawati,wheat,2025,7,2470.67,67.93,4
Maharashtra,Amrawati,wheat,2025,8,2500.23,119.12,4
Maharashtra,Amrawati,wheat,2025,9,2485.99,118.81,4
Maharashtra,Beed,wheat,2021,1,1497.85,142.92,4
Maharashtra,Beed,wheat,2021,7,1708.61,113.53,4
Maharashtra,Beed,wheat,2021,8,1653.81,188.9,4
Maharashtra,Beed,wheat,2021,9,1727.71,117.13,4
Maharashtra,Beed,wheat,2021,11,1845.85,157.43,4
Maharashtra,Beed,wheat,2022,2,2034.28,177.35,4
Maharashtra,Beed,wheat,2022,3,2197.11,110.65,5
Maharashtra,Beed,wheat,2022,4,2373.77,110.14,4
Maharashtra,Beed,wheat,2022,7,2482.18,258.98,4
Maharashtra,Beed,wheat,2022,8,2638.03,201.83,4
Maharashtra,Beed,wheat,2022,9,2497.9,234.97,4
Maharashtra,Beed,wheat,2022,10,2644.07,205.89,4
Maharashtra,Beed,wheat,2022,11,2860.04,280.82,4
Maharashtra,Beed,wheat,2023,3,2250.63,310.2,4
Maharashtra,Beed,wheat,2023,4,2465.82,408.18,4
Maharashtra,Beed,wheat,2023,5,2614.4,171.71,4
Maharashtra,Beed,wheat,2023,7,2358.77,205.04,4
Maharashtra,Beed,wheat,2023,8,2487.98,104.57,4
Maharashtra,Beed,wheat,2023,9,2523.35,225.76,4
Maharashtra,Beed,wheat,2023,10,2529.44,213.97,4
Maharashtra,Beed,wheat,2024,3,2650.53,194.82,5
Maharashtra,Beed,wheat,2024,8,2591.78,316.24,4
Maharashtra,Beed,wheat,2025,1,3150.74,575.02,4
Maharashtra,Beed,wheat,2025,2,2864.95,116.02,4
Maharashtra,Beed,wheat,2025,3,2560.37,208.98,4
Maharashtra,Beed,wheat,2025,4,2655.77,228.61,5
Maharashtra,Beed,wheat,2025,5,2588.65,207.38,5
Maharashtra,Beed,wheat,2025,6,2541.62,61.69,4
Maharashtra,Beed,wheat,2025,7,2592.19,197.69,5
Maharashtra,Beed,wheat,2025,8,2641.34,205.89,5
Maharashtra,Beed,wheat,2025,9,2552.19,72.28,4
Maharashtra,Beed,wheat,2025,10,2500.88,109.73,4
Maharashtra,Beed,wheat,2025,11,2538.34,113.34,4
Maharashtra,Beed,wheat,2025,12,2554.81,150.9,4
Maharashtra,Buldhana,wheat,2021,1,1602.03,107.84,5
Maharashtra,Buldhana,wheat,2021,2,1567.22,56.79,5
Maharashtra,Buldhana,wheat,2021,3,1788.59,373.87,5
Maharashtra,Buldhana,wheat,2021,4,1801.67,153.19,4
Maharashtra,Buldhana,wheat,2021,5,1741.14,132.45,5
Maharashtra,Buldhana,wheat,2021,6,1671.41,68.38,5
Maharashtra,Buldhana,wheat,2021,7,1669.53,57.05,5
Maharashtra,Buldhana,wheat,2021,8,1668.28,68.87,5
Maharashtra,Buldhana,wheat,2021,9,1765.92,89,5
Maharashtra,Buldhana,wheat,2021,10,1740.57,141.98,5
Maharashtra,Buldhana,wheat,2021,11,1810.19,179.49,5
Maharashtra,Buldhana,wheat,2021,12,1834.29,121.46,5
Maharashtra,Buldhana,wheat,2022,1,1943.32,317.79,5
Maharashtra,Buldhana,wheat,2022,2,1860.12,164.11,5
Maharashtra,Buldhana,wheat,2022,3,2050.66,135.76,5
Maharashtra,Buldhana,wheat,2022,4,2147.61,113.07,5
Maharashtra,Buldhana,wheat,2022,5,2119.7,127.4,5
Maharashtra,Buldhana,wheat,2022,6,2082.19,166.57,5
Maharashtra,Buldhana,wheat,2022,7,2150.13,231.53,5
Maharashtra,Buldhana,wheat,2022,8,2326.87,195.13,5
Maharashtra,Buldhana,wheat,2022,9,2269.9,106.66,5
Maharashtra,Buldhana,wheat,2022,10,2292.82,113.36,5
Maharashtra,Buldhana,wheat,2022,11,2445.83,207.75,5
Maharashtra,Buldhana,wheat,2022,12,2516.65,131.21,5
Maharashtra,Buldhana,wheat,2023,1,2631.41,115.31,5
Maharashtra,Buldhana,wheat,2023,2,2378.33,168.34,5
Maharashtra,Buldhana,wheat,2023,3,2126.21,150.78,4
Maharashtra,Buldhana,wheat,2023,4,2260.66,168.78,4
Maharashtra,Buldhana,wheat,2023,5,2231.21,134.99,4
Maharashtra,Buldhana,wheat,2023,6,2199.13,111.76,5
Maharashtra,Buldhana,wheat,2023,7,2251.71,83.42,5
Maharashtra,Buldhana,wheat,2023,8,2333.42,99.76,5
Maharashtra,Buldhana,wheat,2023,9,2375.4,69.07,5
Maharashtra,Buldhana,wheat,2023,10,2404.17,81.85,5
Maharashtra,Buldhana,wheat,2023,11,2591.07,158.09,5
Maharashtra,Buldhana,wheat,2023,12,2565.25,103.89,5
Maharashtra,Buldhana,wheat,2024,1,2514.07,60.26,5
Maharashtra,Buldhana,wheat,2024,2,2375.52,83.65,5
Maharashtra,Buldhana,wheat,2024,3,2334.55,116.02,5
Maharashtra,Buldhana,wheat,2024,4,2372.06,112.3,5
Maharashtra,Buldhana,wheat,2024,5,2392.62,166.55,5
Maharashtra,Buldhana,wheat,2024,6,2431.88,233.18,5
Maharashtra,Buldhana,wheat,2024,7,2454.01,133.49,5
Maharashtra,Buldhana,wheat,2024,8,2513.11,164.29,5
Maharashtra,Buldhana,wheat,2024,9,2565.63,174.55,5
Maharashtra,Buldhana,wheat,2024,10,2651.31,137.06,5
Maharashtra,Buldhana,wheat,2024,11,2719.08,173.62,5
Maharashtra,Buldhana,wheat,2024,12,2725.22,187.89,5
Maharashtra,Buldhana,wheat,2025,1,2740.18,104.68,5
Maharashtra,Buldhana,wheat,2025,2,2696.53,116.66,5
Maharashtra,Buldhana,wheat,2025,3,2537.51,88.46,5
Maharashtra,Buldhana,wheat,2025,4,2493.54,110.83,5
Maharashtra,Buldhana,wheat,2025,5,2490.44,82.85,5
Maharashtra,Buldhana,wheat,2025,6,2434.99,89.1,5
Maharashtra,Buldhana,wheat,2025,7,2436.31,117.98,5
Maharashtra,Buldhana,wheat,2025,8,2502.7,86.77,5
Maharashtra,Buldhana,wheat,2025,9,2511.93,86.78,5
Maharashtra,Buldhana,wheat,2025,10,2464.73,93.62,5
Maharashtra,Buldhana,wheat,2025,11,2416.25,145.52,5
Maharashtra,Buldhana,wheat,2025,12,2375.98,126.53,5
Maharashtra,Nashik,wheat,2021,1,1669.91,121.14,5
Maharashtra,Nashik,wheat,2021,2,1652.23,50.76,5
Maharashtra,Nashik,wheat,2021,3,1726.59,70.93,5
Maharashtra,Nashik,wheat,2021,4,1798.25,223.29,5
Maharashtra,Nashik,wheat,2021,5,1779.11,116.98,5
Maharashtra,Nashik,wheat,2021,6,1787.75,133.52,5
Maharashtra,Nashik,wheat,2021,7,1717.64,145.18,5
Maharashtra,Nashik,wheat,2021,8,1752.62,51.25,5
Maharashtra,Nashik,wheat,2021,9,1846.13,105.7,5
Maharashtra,Nashik,wheat,2021,10,1849.09,142.54,5
Maharashtra,Nashik,wheat,2021,11,1869.58,170.5,5
Maharashtra,Nashik,wheat,2021,12,1939.05,97.25,4
Maharashtra,Nashik,wheat,2022,1,1980.65,136.01,5
Maharashtra,Nashik,wheat,2022,2,2097.63,388.56,5
Maharashtra,Nashik,wheat,2022,3,2199.49,62.82,4
Maharashtra,Nashik,wheat,2022,4,2277.54,104.51,4
Maharashtra,Nashik,wheat,2022,5,2257.42,100.53,4
Maharashtra,Nashik,wheat,2022,6,2206.05,112.14,4
Maharashtra,Nashik,wheat,2022,7,2264.5,79.64,4
Maharashtra,Nashik,wheat,2022,8,2444.59,122.75,4
Maharashtra,Nashik,wheat,2022,9,2369.11,83.39,4
Maharashtra,Nashik,wheat,2022,10,2444.26,80.51,4
Maharashtra,Nashik,wheat,2022,11,2635.96,94.01,4
Maharashtra,Nashik,wheat,2022,12,2709.22,210,4
Maharashtra,Nashik,wheat,2023,1,2806.05,149.41,4
Maharashtra,Nashik,wheat,2023,2,2428.25,82.27,4
Maharashtra,Nashik,wheat,2023,3,2295.01,115.87,5
Maharashtra,Nashik,wheat,2023,4,2369.35,186.79,4
Maharashtra,Nashik,wheat,2023,5,2289.28,151.87,4
Maharashtra,Nashik,wheat,2023,6,2301.89,79.52,4
Maharashtra,Nashik,wheat,2023,7,2385.56,64.94,4
Maharashtra,Nashik,wheat,2023,8,2525.22,80.26,4
Maharashtra,Nashik,wheat,2023,9,2589.15,127.06,4
Maharashtra,Nashik,wheat,2023,10,2662.85,79.97,4
Maharashtra,Nashik,wheat,2023,11,2798.27,159.91,4
Maharashtra,Nashik,wheat,2023,12,2745.46,159.54,4
Maharashtra,Nashik,wheat,2024,1,2738.3,120.84,4
Maharashtra,Nashik,wheat,2024,2,2625.46,134.41,4
Maharashtra,Nashik,wheat,2024,3,2645.45,164.57,4
Maharashtra,Nashik,wheat,2024,5,2770.32,138.27,4
Maharashtra,Nashik,wheat,2024,6,2800.29,167.39,4
Maharashtra,Nashik,wheat,2024,7,2851.64,161.63,4
Maharashtra,Nashik,wheat,2024,8,2760.42,229.67,4
Maharashtra,Nashik,wheat,2024,9,2835.03,61.79,4
Maharashtra,Nashik,wheat,2024,10,2995.46,147.84,4
Maharashtra,Nashik,wheat,2024,11,3102.3,173.94,4
Maharashtra,Nashik,wheat,2024,12,3008.69,198.55,4
Maharashtra,Nashik,wheat,2025,1,3060.18,211.18,4
Maharashtra,Nashik,wheat,2025,2,2839.86,162.64,4
Maharashtra,Nashik,wheat,2025,3,2594.56,59.27,4
Maharashtra,Nashik,wheat,2025,4,2574.1,149.15,4
Maharashtra,Nashik,wheat,2025,5,2604.07,54.31,4
Maharashtra,Nashik,wheat,2025,6,2586.23,53.87,4
Maharashtra,Nashik,wheat,2025,7,2597.83,41.07,4
Maharashtra,Nashik,wheat,2025,8,2663.19,36.19,4
Maharashtra,Nashik,wheat,2025,9,2639.14,76.77,4
Maharashtra,Nashik,wheat,2025,10,2570.69,65.18,4
Maharashtra,Nashik,wheat,2025,11,2604.83,93.2,4
Maharashtra,Nashik,wheat,2025,12,2603.03,68.33,4
Maharashtra,Pune,wheat,2021,1,2175.83,1062.96,5
Maharashtra,Pune,wheat,2021,2,2279.33,1285.8,4
Maharashtra,Pune,wheat,2021,3,2381.26,1250.86,4
Maharashtra,Pune,wheat,2021,4,2415.8,1321.25,4
Maharashtra,Pune,wheat,2021,5,2308.94,1238.17,5
Maharashtra,Pune,wheat,2021,6,2062.18,766.75,5
Maharashtra,Pune,wheat,2021,7,2340.01,1365.72,4
Maharashtra,Pune,wheat,2021,8,2300.67,1225.08,4
Maharashtra,Pune,wheat,2021,9,2335.22,1202.69,4
Maharashtra,Pune,wheat,2021,10,2334.44,1213.23,4
Maharashtra,Pune,wheat,2021,11,2124.82,704.53,4
Maharashtra,Pune,wheat,2021,12,2430.95,1199.67,4
Maharashtra,Pune,wheat,2022,1,2450.08,1137.58,4
Maharashtra,Pune,wheat,2022,2,2274.44,821.45,4
Maharashtra,Pune,wheat,2022,3,2422.36,929.84,5
Maharashtra,Pune,wheat,2022,4,2582.64,834.96,5
Maharashtra,Pune,wheat,2022,5,2577.27,1071.13,4
Maharashtra,Pune,wheat,2022,6,2368.14,904.88,5
Maharashtra,Pune,wheat,2022,7,2647.29,1137.85,4
Maharashtra,Pune,wheat,2022,8,2690.2,1012.8,5
Maharashtra,Pune,wheat,2022,9,2736.1,1189.13,5
Maharashtra,Pune,wheat,2022,10,2708.93,834.33,5
Maharashtra,Pune,wheat,2022,11,3003.68,1015.33,5
Maharashtra,Pune,wheat,2022,12,3103.94,1081.43,4
Maharashtra,Pune,wheat,2023,1,3073.68,1016.49,5
Maharashtra,Pune,wheat,2023,2,2821.96,822.65,5
Maharashtra,Pune,wheat,2023,3,2824.22,951.4,5
Maharashtra,Pune,wheat,2023,4,2850.34,840.2,4
Maharashtra,Pune,wheat,2023,5,2672.8,784.08,4
Maharashtra,Pune,wheat,2023,6,2805.27,1132.23,4
Maharashtra,Pune,wheat,2023,7,2920.71,1062.39,4
Maharashtra,Pune,wheat,2023,8,3031.68,1228.19,4
Maharashtra,Pune,wheat,2023,12,3244.9,1182.61,4
Maharashtra,Pune,wheat,2024,4,3157.96,1043.09,4
Maharashtra,Pune,wheat,2024,6,2851.97,505.1,4
Maharashtra,Pune,wheat,2024,8,2979.16,547.51,4
Maharashtra,Pune,wheat,2024,11,2831.07,50.6,4
Maharashtra,Pune,wheat,2024,12,3251.91,810.61,4
Maharashtra,Pune,wheat,2025,1,3284.57,777.23,4
Maharashtra,Pune,wheat,2025,3,2598.36,122.45,4
Maharashtra,Pune,wheat,2025,4,3012.13,966.32,5
Maharashtra,Pune,wheat,2025,8,3173.72,1057.81,4
Maharashtra,Pune,wheat,2025,9,3153.27,1077.26,4
Maharashtra,Pune,wheat,2025,10,3122.83,1091.55,4
Maharashtra,Pune,wheat,2025,11,3175.8,1071.56,4
Maharashtra,Pune,wheat,2025,12,3189.41,1060.75,4
Maharashtra,Solapur,wheat,2021,1,1762.81,442.64,5
Maharashtra,Solapur,wheat,2021,2,1837.14,451.25,4
Maharashtra,Solapur,wheat,2021,3,2069.46,364.5,5
Maharashtra,Solapur,wheat,2021,4,2156.23,366.27,5
Maharashtra,Solapur,wheat,2021,6,2078.72,426.7,4
Maharashtra,Solapur,wheat,2021,7,2027.52,395.65,4
Maharashtra,Solapur,wheat,2021,8,1993.36,347.43,5
Maharashtra,Solapur,wheat,2021,9,1917.82,444.41,5
Maharashtra,Solapur,wheat,2021,10,1962.86,419.15,5
Maharashtra,Solapur,wheat,2021,11,2082.81,369.23,5
Maharashtra,Solapur,wheat,2021,12,2047.58,387.38,5
Maharashtra,Solapur,wheat,2022,1,3072.73,2073.39,4
Maharashtra,Solapur,wheat,2022,2,2100.79,396.07,5
Maharashtra,Solapur,wheat,2022,3,2424.96,319.24,4
Maharashtra,Solapur,wheat,2022,4,2593.36,242.71,4
Maharashtra,Solapur,wheat,2022,5,2391.14,179.73,5
Maharashtra,Solapur,wheat,2022,6,2444.16,332.15,4
Maharashtra,Solapur,wheat,2022,7,2473.95,148.16,4
Maharashtra,Solapur,wheat,2022,8,2527.74,203.62,4
Maharashtra,Solapur,wheat,2022,9,2533.06,283.13,5
Maharashtra,Solapur,wheat,2022,10,2515.23,177.45,4
Maharashtra,Solapur,wheat,2022,11,2642.75,252.63,5
Maharashtra,Solapur,wheat,2022,12,2829.47,174.27,4
Maharashtra,Solapur,wheat,2023,1,2951.06,233.75,4
Maharashtra,Solapur,wheat,2023,2,2814.46,303.7,4
Maharashtra,Solapur,wheat,2023,3,2583.57,214.1,4
Maharashtra,Solapur,wheat,2023,4,2722.15,216.45,4
Maharashtra,Solapur,wheat,2023,5,2585.46,151.63,4
Maharashtra,Solapur,wheat,2023,6,2550.12,186.74,5
Maharashtra,Solapur,wheat,2023,7,2571.78,208.92,4
Maharashtra,Solapur,wheat,2023,8,2642.92,252.19,4
Maharashtra,Solapur,wheat,2023,9,2730.13,321.82,4
Maharashtra,Solapur,wheat,2023,10,2719.14,240.6,4
Maharashtra,Solapur,wheat,2023,11,3095.56,245.79,4
Maharashtra,Solapur,wheat,2023,12,2782.28,317.06,4
Maharashtra,Solapur,wheat,2024,1,2788.95,202.91,4
Maharashtra,Solapur,wheat,2024,2,2961.25,218.8,4
Maharashtra,Solapur,wheat,2024,3,3014.03,185.12,5
Maharashtra,Solapur,wheat,2024,4,3067.9,328.09,4
Maharashtra,Solapur,wheat,2024,5,3061.94,306.83,4
Maharashtra,Solapur,wheat,2024,6,3029.93,204.2,4
Maharashtra,Solapur,wheat,2024,7,2954.79,298.49,4
Maharashtra,Solapur,wheat,2024,8,3022.13,276.56,4
Maharashtra,Solapur,wheat,2024,9,3016.21,300.8,4
Maharashtra,Solapur,wheat,2024,10,2881.19,409.5,4
Maharashtra,Solapur,wheat,2024,12,3339.09,307.64,4
Maharashtra,Solapur,wheat,2025,1,3233.4,458.21,4
Maharashtra,Solapur,wheat,2025,2,3129.01,330.04,4
Maharashtra,Solapur,wheat,2025,4,2905.56,301.67,4
Maharashtra,Solapur,wheat,2025,5,2849.38,352.17,4
Maharashtra,Solapur,wheat,2025,6,2838.48,369.47,4
Maharashtra,Solapur,wheat,2025,7,2755.68,435.65,4
Maharashtra,Solapur,wheat,2025,8,2872.1,355.56,4
Maharashtra,Solapur,wheat,2025,9,2824.6,377.92,4
Maharashtra,Solapur,wheat,2025,10,2823.58,421.17,4
Maharashtra,Solapur,wheat,2025,11,2780.59,412.03,4
Maharashtra,Solapur,wheat,2025,12,2823.11,480.32,4
Maharashtra,Wardha,wheat,2025,4,2491.79,93.11,4
Maharashtra,Wardha,wheat,2025,5,2456.29,119.91,4
Maharashtra,Wardha,wheat,2025,6,2432.19,110.11,4
Maharashtra,Washim,wheat,2021,2,1623.52,43.33,4
Maharashtra,Washim,wheat,2021,3,1688.24,33.05,4
Maharashtra,Washim,wheat,2021,4,1762.65,109.13,4
Maharashtra,Washim,wheat,2021,5,1738.25,54.36,4
Maharashtra,Washim,wheat,2021,6,1693.58,38.59,4
Maharashtra,Washim,wheat,2021,7,1675.12,65.45,4
Maharashtra,Washim,wheat,2021,8,1710.6,63.11,4
Maharashtra,Washim,wheat,2021,9,1778.98,75.81,4
Maharashtra,Washim,wheat,2021,10,1807.19,53.64,4
Maharashtra,Washim,wheat,2021,12,1856.35,75.05,4
Maharashtra,Washim,wheat,2022,2,1824.29,67.74,4
Maharashtra,Washim,wheat,2022,3,2130.28,95.18,4
Maharashtra,Washim,wheat,2022,4,2088.1,79.22,4
Maharashtra,Washim,wheat,2022,5,2131.88,90.06,4
Maharashtra,Washim,wheat,2022,6,2070.04,91.5,4
Maharashtra,Washim,wheat,2022,7,2165.09,131.91,4
Maharashtra,Washim,wheat,2022,8,2281.86,184.62,4
Maharashtra,Washim,wheat,2022,9,2281.91,189.42,4
Maharashtra,Washim,wheat,2022,10,2290.62,169.13,4
Maharashtra,Washim,wheat,2022,11,2538.9,174.1,4
Maharashtra,Washim,wheat,2023,1,2577.99,200.11,4
Maharashtra,Washim,wheat,2023,2,2162.81,46.91,4
Maharashtra,Washim,wheat,2023,3,2056.9,79.64,4
Maharashtra,Washim,wheat,2023,4,2146.81,70.69,4
Maharashtra,Washim,wheat,2023,5,2178.08,104.7,4
Maharashtra,Washim,wheat,2023,6,2274.18,97.7,4
Maharashtra,Washim,wheat,2023,7,2300.63,120.07,4
Maharashtra,Washim,wheat,2023,8,2426.64,143.35,4
Maharashtra,Washim,wheat,2023,9,2500.97,247.13,4
Maharashtra,Washim,wheat,2023,10,2431.05,142.4,4
Maharashtra,Washim,wheat,2023,11,2627.42,103.79,4
Maharashtra,Washim,wheat,2024,1,2603.85,107.34,4
Maharashtra,Washim,wheat,2024,2,2359.38,113.43,4
Maharashtra,Washim,wheat,2024,3,2331.48,98.39,4
Maharashtra,Washim,wheat,2024,4,2429.64,82.24,4
Maharashtra,Washim,wheat,2024,5,2454.49,107.37,4
Maharashtra,Washim,wheat,2024,6,2437.49,82.69,4
Maharashtra,Washim,wheat,2024,7,2519.07,103.07,4
Maharashtra,Washim,wheat,2024,8,2572.19,91.44,4
Maharashtra,Washim,wheat,2024,9,2610.86,84.83,4
Maharashtra,Washim,wheat,2024,10,2706.01,64.92,4
Maharashtra,Washim,wheat,2024,11,2828.49,66.93,4
Maharashtra,Washim,wheat,2024,12,2724.74,94.41,4
Maharashtra,Washim,wheat,2025,1,2858.46,99.44,4
Maharashtra,Washim,wheat,2025,2,2777.73,113.13,4
Maharashtra,Washim,wheat,2025,3,2573.74,47.23,4
Maharashtra,Washim,wheat,2025,4,2603.7,88.19,4
Maharashtra,Washim,wheat,2025,5,2540.48,31.32,4
Maharashtra,Washim,wheat,2025,6,2550.45,64.31,4
Maharashtra,Washim,wheat,2025,7,2553.59,81.31,4
Maharashtra,Washim,wheat,2025,8,2654.77,85.53,4
Maharashtra,Washim,wheat,2025,9,2596.72,77.59,4
Maharashtra,Washim,wheat,2025,10,2518.35,39.28,4
Maharashtra,Washim,wheat,2025,11,2515.37,60.09,4
Maharashtra,Washim,wheat,2025,12,2508.16,45.65,4
Punjab,Bathinda,wheat,2021,4,1975,0,4
Punjab,Bathinda,wheat,2021,5,1975.01,0.01,4
Punjab,Mansa,wheat,2021,4,1975,0,5
Punjab,Mansa,wheat,2021,5,1975,0,4
Punjab,Mansa,wheat,2022,4,2015,0,4
Punjab,Mansa,wheat,2023,4,2125,0,4
Punjab,Mansa,wheat,2023,5,2125,0,4
Punjab,Mansa,wheat,2024,4,2275.27,0.6,5
Punjab,Mansa,wheat,2024,5,2275,0,5
Punjab,Mansa,wheat,2025,4,2425,0,4
Punjab,Mansa,wheat,2025,5,2425,0,4
Punjab,Patiala,wheat,2021,4,1974.06,2.1,5
Punjab,Patiala,wheat,2022,4,2015.02,0.03,4
Punjab,Tarn Taran Sahib,wheat,2024,4,2275,0,4
Punjab,Tarn Taran Sahib,wheat,2024,5,2275,0,4
Rajasthan,Alwar,wheat,2021,1,1754.67,23.79,4
Rajasthan,Alwar,wheat,2021,2,1680.45,15.58,4
Rajasthan,Alwar,wheat,2021,3,1683.52,11.97,4
Rajasthan,Alwar,wheat,2021,4,1763.92,6.04,4
Rajasthan,Alwar,wheat,2021,5,1740.23,17.29,4
Rajasthan,Alwar,wheat,2021,6,1687.11,22.31,4
Rajasthan,Alwar,wheat,2021,7,1685.97,16.69,4
Rajasthan,Alwar,wheat,2021,8,1778.59,19.24,4
Rajasthan,Alwar,wheat,2021,9,1881.29,17.01,4
Rajasthan,Alwar,wheat,2021,10,1940.56,18.24,4
Rajasthan,Alwar,wheat,2021,11,1968.3,28.33,4
Rajasthan,Alwar,wheat,2021,12,1993.29,17.61,4
Rajasthan,Alwar,wheat,2022,1,2043.01,29.1,4
Rajasthan,Alwar,wheat,2022,2,2060.29,23.3,4
Rajasthan,Alwar,wheat,2022,3,2129.18,22.92,4
Rajasthan,Alwar,wheat,2022,4,2165.16,42.74,4
Rajasthan,Alwar,wheat,2022,5,2182.53,42.99,4
Rajasthan,Alwar,wheat,2022,6,2075.91,15.35,4
Rajasthan,Alwar,wheat,2022,7,2121.57,25.81,4
Rajasthan,Alwar,wheat,2022,8,2238.23,19.41,4
Rajasthan,Alwar,wheat,2022,9,2239.04,20.33,4
Rajasthan,Alwar,wheat,2022,10,2332.44,43.08,4
Rajasthan,Alwar,wheat,2022,11,2539.76,41.95,4
Rajasthan,Alwar,wheat,2022,12,2616.23,29.91,4
Rajasthan,Alwar,wheat,2023,1,2705.09,25.38,4
Rajasthan,Alwar,wheat,2023,2,2462.62,79.38,4
Rajasthan,Alwar,wheat,2023,3,2182.07,81.11,4
Rajasthan,Alwar,wheat,2023,4,2075.55,6.16,4
Rajasthan,Alwar,wheat,2023,5,2129.37,24.87,4
Rajasthan,Alwar,wheat,2023,6,2201.24,20.96,4
Rajasthan,Alwar,wheat,2023,8,2256.01,16.78,4
Rajasthan,Alwar,wheat,2023,9,2282.66,42.21,4
Rajasthan,Alwar,wheat,2023,10,2429.16,54.34,4
Rajasthan,Alwar,wheat,2023,11,2511.5,17.44,4
Rajasthan,Alwar,wheat,2023,12,2462.27,23.7,4
Rajasthan,Alwar,wheat,2024,1,2400.7,48.46,4
Rajasthan,Alwar,wheat,2024,2,2342.13,27.71,4
Rajasthan,Alwar,wheat,2024,3,2388.8,23.95,4
Rajasthan,Alwar,wheat,2024,4,2296.89,19.83,4
Rajasthan,Alwar,wheat,2024,5,2351.1,31.75,4
Rajasthan,Alwar,wheat,2024,6,2435.34,24.97,4
Rajasthan,Alwar,wheat,2024,7,2447.56,30.06,4
Rajasthan,Alwar,wheat,2024,8,2528.43,42.38,4
Rajasthan,Alwar,wheat,2024,9,2593.13,44.15,4
Rajasthan,Alwar,wheat,2024,10,2708.8,43.75,4
Rajasthan,Alwar,wheat,2024,11,2813.86,53.64,4
Rajasthan,Alwar,wheat,2024,12,2847.73,52.7,4
Rajasthan,Alwar,wheat,2025,1,2989.65,49.91,4
Rajasthan,Alwar,wheat,2025,2,2921.04,32.52,4
Rajasthan,Alwar,wheat,2025,3,2638.18,48.82,4
Rajasthan,Alwar,wheat,2025,4,2468.87,58.02,4
Rajasthan,Alwar,wheat,2025,5,2488.99,41.28,4
Rajasthan,Alwar,wheat,2025,6,2474.74,26.96,4
Rajasthan,Alwar,wheat,2025,7,2500.67,40.21,4
Rajasthan,Alwar,wheat,2025,8,2563.29,27.77,4
Rajasthan,Alwar,wheat,2025,9,2514.51,70.59,4
Rajasthan,Alwar,wheat,2025,10,2525.86,43.71,4
Rajasthan,Alwar,wheat,2025,12,2525.97,35.63,4
Rajasthan,Baran,wheat,2021,1,1684.82,81.6,4
Rajasthan,Baran,wheat,2021,2,1655.52,24.75,4
Rajasthan,Baran,wheat,2021,3,1724.46,44.7,4
Rajasthan,Baran,wheat,2021,4,1787.42,44.21,4
Rajasthan,Baran,wheat,2021,6,1785.84,63.38,4
Rajasthan,Baran,wheat,2021,7,1797.92,89.72,4
Rajasthan,Baran,wheat,2021,8,1839.74,70.43,4
Rajasthan,Baran,wheat,2021,9,1931.29,70.76,4
Rajasthan,Baran,wheat,2021,10,1988.76,60.35,4
Rajasthan,Baran,wheat,2021,11,2014.33,59.44,4
Rajasthan,Baran,wheat,2021,12,1954.49,54.81,4
Rajasthan,Baran,wheat,2022,1,2019.35,107.13,4
Rajasthan,Baran,wheat,2022,2,2032.83,122.28,4
Rajasthan,Baran,wheat,2022,3,2142.6,91.14,4
Rajasthan,Baran,wheat,2022,4,2193.55,83.23,4
Rajasthan,Baran,wheat,2022,5,2180.56,78.59,4
Rajasthan,Baran,wheat,2022,6,2050.44,28.6,4
Rajasthan,Baran,wheat,2022,7,2115.01,47.86,4
Rajasthan,Baran,wheat,2022,8,2226.84,52.15,4
Rajasthan,Baran,wheat,2022,9,2207.27,48.93,4
Rajasthan,Baran,wheat,2022,10,2326.82,69.39,4
Rajasthan,Baran,wheat,2022,11,2453.49,44.5,4
Rajasthan,Baran,wheat,2022,12,2519.36,59.31,4
Rajasthan,Baran,wheat,2023,1,2648.93,103.75,4
Rajasthan,Baran,wheat,2023,2,2421.98,42.15,4
Rajasthan,Baran,wheat,2023,3,2251,167.85,4
Rajasthan,Baran,wheat,2023,4,2258.52,114.97,4
Rajasthan,Baran,wheat,2023,5,2234.29,126.47,4
Rajasthan,Baran,wheat,2023,6,2222.41,58.95,4
Rajasthan,Baran,wheat,2023,7,2333.58,158.18,4
Rajasthan,Baran,wheat,2023,8,2419.06,62.48,4
Rajasthan,Baran,wheat,2023,9,2474.91,90.97,4
Rajasthan,Baran,wheat,2023,10,2523.06,71.59,4
Rajasthan,Baran,wheat,2023,11,2554.9,70.94,4
Rajasthan,Baran,wheat,2023,12,2509.32,88.28,4
Rajasthan,Baran,wheat,2024,1,2554.01,106.13,4
Rajasthan,Baran,wheat,2024,2,2418.58,73.51,4
Rajasthan,Baran,wheat,2024,3,2425.54,121.21,4
Rajasthan,Baran,wheat,2024,4,2398.26,82.85,4
Rajasthan,Baran,wheat,2024,5,2463.76,76.04,4
Rajasthan,Baran,wheat,2024,6,2524.72,29.68,4
Rajasthan,Baran,wheat,2024,7,2522.31,57.92,4
Rajasthan,Baran,wheat,2024,8,2586.68,71.37,4
Rajasthan,Baran,wheat,2024,9,2624.83,55.26,4
Rajasthan,Baran,wheat,2024,10,2710.7,25.08,4
Rajasthan,Baran,wheat,2024,11,2765.99,33.3,4
Rajasthan,Baran,wheat,2024,12,2803.12,61.05,4
Rajasthan,Baran,wheat,2025,1,2954.18,114.57,4
Rajasthan,Baran,wheat,2025,2,3029.77,91.2,4
Rajasthan,Baran,wheat,2025,3,2411.91,80.83,4
Rajasthan,Baran,wheat,2025,4,2408.12,39.79,4
Rajasthan,Baran,wheat,2025,5,2453.88,39.42,4
Rajasthan,Baran,wheat,2025,6,2452.64,31.88,4
Rajasthan,Baran,wheat,2025,7,2496.76,46.18,4
Rajasthan,Baran,wheat,2025,8,2595.95,52.22,4
Rajasthan,Baran,wheat,2025,9,2556.75,40.96,4
Rajasthan,Baran,wheat,2025,11,2551.45,141.3,4
Rajasthan,Baran,wheat,2025,12,2849.22,717.54,4
Rajasthan,Bharatpur,wheat,2021,1,1746.76,25.38,4
Rajasthan,Bharatpur,wheat,2021,2,1666.33,18.51,5
Rajasthan,Bharatpur,wheat,2021,3,1646.95,24.11,5
Rajasthan,Bharatpur,wheat,2021,4,1739.26,21.14,4
Rajasthan,Bharatpur,wheat,2021,6,1659.52,36.88,4
Rajasthan,Bharatpur,wheat,2021,7,1652,50.05,4
Rajasthan,Bharatpur,wheat,2021,8,1683.28,70.44,4
Rajasthan,Bharatpur,wheat,2021,9,1853.37,4.96,4
Rajasthan,Bharatpur,wheat,2021,10,1916.59,20.41,5
Rajasthan,Bharatpur,wheat,2021,11,1943.14,20.58,5
Rajasthan,Bharatpur,wheat,2021,12,1964.32,21.48,4
Rajasthan,Bharatpur,wheat,2022,1,2032.89,35.48,4
Rajasthan,Bharatpur,wheat,2022,2,2041.73,26.56,4
Rajasthan,Bharatpur,wheat,2022,3,2083.89,41.8,4
Rajasthan,Bharatpur,wheat,2022,4,2104.94,55.35,4
Rajasthan,Bharatpur,wheat,2022,7,2097.55,57.52,4
Rajasthan,Bharatpur,wheat,2022,11,2515.75,71.19,4
Rajasthan,Bharatpur,wheat,2023,2,2528.19,100.85,4
Rajasthan,Bharatpur,wheat,2023,3,2230.18,186.02,4
Rajasthan,Bharatpur,wheat,2023,4,2043.8,26.19,4
Rajasthan,Bharatpur,wheat,2023,5,2102.64,40.68,5
Rajasthan,Bharatpur,wheat,2023,6,2187.34,53.65,5
Rajasthan,Bharatpur,wheat,2023,7,2171.93,42.73,5
Rajasthan,Bharatpur,wheat,2023,8,2235.45,30.89,4
Rajasthan,Bharatpur,wheat,2023,9,2292.25,44.84,4
Rajasthan,Bharatpur,wheat,2023,10,2401.09,83.98,4
Rajasthan,Bharatpur,wheat,2023,11,2485.43,51.4,4
Rajasthan,Bharatpur,wheat,2023,12,2467.85,26.79,4
Rajasthan,Bharatpur,wheat,2024,1,2460.49,52.65,4
Rajasthan,Bharatpur,wheat,2024,2,2375.57,40.27,4
Rajasthan,Bharatpur,wheat,2024,3,2347.19,73.13,4
Rajasthan,Bharatpur,wheat,2024,4,2254.26,28.83,5
Rajasthan,Bharatpur,wheat,2024,5,2339.23,26.18,4
Rajasthan,Bharatpur,wheat,2024,6,2419.21,28.45,4
Rajasthan,Bharatpur,wheat,2024,7,2428.78,32.78,4
Rajasthan,Bharatpur,wheat,2024,8,2506.33,37.32,4
Rajasthan,Bharatpur,wheat,2024,9,2567.34,38.38,5
Rajasthan,Bharatpur,wheat,2024,10,2708.83,47.75,4
Rajasthan,Bharatpur,wheat,2024,11,2812.38,20.43,5
Rajasthan,Bharatpur,wheat,2024,12,2813.86,38.86,5
Rajasthan,Bharatpur,wheat,2025,1,2996.88,18.73,5
Rajasthan,Bharatpur,wheat,2025,2,2971.14,62.82,5
Rajasthan,Bharatpur,wheat,2025,3,2640.37,108.86,4
Rajasthan,Bharatpur,wheat,2025,4,2425.98,36.24,5
Rajasthan,Bharatpur,wheat,2025,5,2467.83,50.19,4
Rajasthan,Bharatpur,wheat,2025,6,2462.92,34.46,4
Rajasthan,Bharatpur,wheat,2025,7,2485.36,48.39,4
Rajasthan,Bharatpur,wheat,2025,8,2548.46,17.31,4
Rajasthan,Bharatpur,wheat,2025,9,2520.88,51.7,4
Rajasthan,Bharatpur,wheat,2025,10,2518.05,20.78,4
Rajasthan,Bharatpur,wheat,2025,11,2531.8,21.18,4
Rajasthan,Bikaner,wheat,2021,4,1787.95,68.84,4
Rajasthan,Bikaner,wheat,2021,5,1735.14,59.52,4
Rajasthan,Bikaner,wheat,2021,6,1773.45,60.67,4
Rajasthan,Bundi,wheat,2021,7,1729.04,31.12,4
Rajasthan,Bundi,wheat,2021,8,1800.35,63.48,4
Rajasthan,Bundi,wheat,2021,9,1888.34,6.1,4
Rajasthan,Bundi,wheat,2021,10,1961.27,9.84,4
Rajasthan,Bundi,wheat,2021,11,1981.68,18.09,4
Rajasthan,Bundi,wheat,2021,12,1945.99,31.22,4
Rajasthan,Bundi,wheat,2022,1,1998.54,67.7,4
Rajasthan,Bundi,wheat,2022,2,1981.48,27.43,4
Rajasthan,Bundi,wheat,2022,3,2128.18,35.93,4
Rajasthan,Bundi,wheat,2022,4,2139.87,33.3,4
Rajasthan,Bundi,wheat,2022,5,2158.12,34.92,4
Rajasthan,Bundi,wheat,2022,6,2023.07,25.03,4
Rajasthan,Bundi,wheat,2022,7,2086.66,21.98,4
Rajasthan,Bundi,wheat,2022,8,2142.94,104.81,4
Rajasthan,Bundi,wheat,2022,9,2193.09,21.29,4
Rajasthan,Bundi,wheat,2022,10,2221.99,30.74,4
Rajasthan,Bundi,wheat,2022,11,2421.53,28.94,4
Rajasthan,Bundi,wheat,2022,12,2523.31,33.93,4
Rajasthan,Bundi,wheat,2023,1,2615.34,28.22,4
Rajasthan,Bundi,wheat,2023,2,2817.72,680.55,4
Rajasthan,Bundi,wheat,2023,5,2132.99,59.47,4
Rajasthan,Bundi,wheat,2023,6,2172.85,29.59,4
Rajasthan,Bundi,wheat,2023,7,2193.99,12.58,4
Rajasthan,Bundi,wheat,2023,8,2357.39,27.83,4
Rajasthan,Bundi,wheat,2023,9,2451.18,98.3,4
Rajasthan,Bundi,wheat,2023,10,2444.91,21.81,4
Rajasthan,Bundi,wheat,2023,11,2498.05,66.99,4
Rajasthan,Bundi,wheat,2023,12,2429.16,51.98,4
Rajasthan,Bundi,wheat,2024,2,2308.96,76.66,4
Rajasthan,Bundi,wheat,2024,3,2392.94,30.74,4
Rajasthan,Bundi,wheat,2024,4,2364.58,19.55,4
Rajasthan,Bundi,wheat,2024,5,2452.05,38.37,4
Rajasthan,Bundi,wheat,2024,6,2516.77,49.64,4
Rajasthan,Bundi,wheat,2024,7,2526.04,13.48,4
Rajasthan,Bundi,wheat,2024,8,2596.73,34.62,4
Rajasthan,Bundi,wheat,2024,9,2667.76,35.25,4
Rajasthan,Bundi,wheat,2024,10,2726.48,23.65,4
Rajasthan,Bundi,wheat,2024,11,2824.7,31.41,4
Rajasthan,Bundi,wheat,2024,12,2831.74,37.58,4
Rajasthan,Bundi,wheat,2025,1,3016.55,38.73,4
Rajasthan,Bundi,wheat,2025,2,2971.09,72.53,4
Rajasthan,Bundi,wheat,2025,3,2471.45,31.92,4
Rajasthan,Bundi,wheat,2025,4,2437.84,12.87,4
Rajasthan,Bundi,wheat,2025,5,2488.47,9.68,4
Rajasthan,Bundi,wheat,2025,6,2463.2,23.06,4
Rajasthan,Bundi,wheat,2025,7,2509.96,15.53,4
Rajasthan,Bundi,wheat,2025,8,2598.19,30,4
Rajasthan,Bundi,wheat,2025,9,2561.07,38.13,4
Rajasthan,Bundi,wheat,2025,10,2501.66,43.34,4
Rajasthan,Bundi,wheat,2025,11,2497.35,46.59,4
Rajasthan,Chittorgarh,wheat,2021,1,1681.43,77.87,4
Rajasthan,Chittorgarh,wheat,2021,2,1691.33,100.93,4
Rajasthan,Chittorgarh,wheat,2021,3,1760.73,101.11,4
Rajasthan,Chittorgarh,wheat,2021,4,1807.34,119.76,4
Rajasthan,Chittorgarh,wheat,2021,6,1805.09,100.95,4
Rajasthan,Chittorgarh,wheat,2021,7,1823.72,108.82,4
Rajasthan,Chittorgarh,wheat,2021,8,1851.94,118.56,4
Rajasthan,Chittorgarh,wheat,2021,9,1896.5,173.64,4
Rajasthan,Chittorgarh,wheat,2021,10,1931.22,207.55,4
Rajasthan,Chittorgarh,wheat,2024,7,2592.64,140.97,4
Rajasthan,Chittorgarh,wheat,2024,8,2630.88,201.64,4
Rajasthan,Chittorgarh,wheat,2024,9,2661.71,181.28,4
Rajasthan,Chittorgarh,wheat,2024,10,2695.39,186.2,4
Rajasthan,Chittorgarh,wheat,2025,6,2548.34,87.65,4
Rajasthan,Chittorgarh,wheat,2025,7,2561.02,114.67,4
Rajasthan,Chittorgarh,wheat,2025,8,2593.65,137.48,4
Rajasthan,Chittorgarh,wheat,2025,9,2563.45,107.07,4
Rajasthan,Chittorgarh,wheat,2025,10,2586.05,119.38,4
Rajasthan,Chittorgarh,wheat,2025,11,2615.11,113.38,4
Rajasthan,Chittorgarh,wheat,2025,12,2549.93,109.21,4
Rajasthan,Dausa,wheat,2021,1,1703.16,22.01,4
Rajasthan,Dausa,wheat,2021,2,1640.72,29.94,4
Rajasthan,Dausa,wheat,2021,3,1635.11,15.14,4
Rajasthan,Dausa,wheat,2021,4,1728.81,16.23,4
Rajasthan,Dausa,wheat,2021,5,1746.22,26.11,4
Rajasthan,Dausa,wheat,2021,6,1724.45,32.07,4
Rajasthan,Dausa,wheat,2021,7,1730.97,22.92,4
Rajasthan,Dausa,wheat,2021,8,1763.39,48.72,4
Rajasthan,Dausa,wheat,2021,9,1868.47,42.61,4
Rajasthan,Dausa,wheat,2021,10,1906.93,52.9,4
Rajasthan,Dausa,wheat,2021,11,1972.35,20.2,4
Rajasthan,Dausa,wheat,2021,12,1987.32,22.44,4
Rajasthan,Dausa,wheat,2022,1,2040.74,33.51,4
Rajasthan,Dausa,wheat,2022,2,2026.56,29.25,4
Rajasthan,Dausa,wheat,2022,3,2131.86,40.55,4
Rajasthan,Dausa,wheat,2022,4,2180.1,33.13,4
Rajasthan,Dausa,wheat,2022,5,2239.25,37.42,4
Rajasthan,Dausa,wheat,2022,6,2140.88,57.33,4
Rajasthan,Dausa,wheat,2022,7,2127.57,25.64,4
Rajasthan,Dausa,wheat,2022,8,2193.52,19.9,4
Rajasthan,Dausa,wheat,2022,9,2221.44,46.18,4
Rajasthan,Dausa,wheat,2022,10,2251.96,22.08,4
Rajasthan,Dausa,wheat,2022,11,2438.3,44.19,4
Rajasthan,Dausa,wheat,2022,12,2557.7,35.79,4
Rajasthan,Dausa,wheat,2023,1,2693.09,34.98,4
Rajasthan,Dausa,wheat,2023,2,2486.89,123.25,4
Rajasthan,Dausa,wheat,2023,3,2289.13,35.96,4
Rajasthan,Dausa,wheat,2023,4,2211.47,41.6,4
Rajasthan,Dausa,wheat,2023,5,2209.59,51.92,4
Rajasthan,Dausa,wheat,2023,6,2179.34,14.64,4
Rajasthan,Dausa,wheat,2023,7,2205.64,51.61,4
Rajasthan,Dausa,wheat,2023,10,2445.37,23.41,4
Rajasthan,Dausa,wheat,2023,11,2498.16,41.73,4
Rajasthan,Dausa,wheat,2023,12,2452.52,90.14,4
Rajasthan,Dausa,wheat,2024,1,2475.73,35.1,4
Rajasthan,Dausa,wheat,2024,2,2387.7,56.15,4
Rajasthan,Dausa,wheat,2024,3,2435.13,57.07,4
Rajasthan,Dausa,wheat,2024,4,2331.57,43.45,4
Rajasthan,Dausa,wheat,2024,5,2395.76,65.23,4
Rajasthan,Dausa,wheat,2024,6,2433.08,37.64,4
Rajasthan,Dausa,wheat,2024,7,2433.72,29.79,4
Rajasthan,Dausa,wheat,2024,8,2502.65,24.3,4
Rajasthan,Dausa,wheat,2024,9,2581.69,22.38,4
Rajasthan,Dausa,wheat,2024,10,2650.88,28.94,4
Rajasthan,Dausa,wheat,2024,11,2761.68,39.51,4
Rajasthan,Dausa,wheat,2024,12,2796.01,40.14,4
Rajasthan,Dausa,wheat,2025,1,2973.07,46.97,4
Rajasthan,Dausa,wheat,2025,2,2965.03,45.79,4
Rajasthan,Dausa,wheat,2025,3,2552.21,70.59,4
Rajasthan,Dausa,wheat,2025,4,2400.76,19.99,4
Rajasthan,Dausa,wheat,2025,5,2430.5,17.95,4
Rajasthan,Dausa,wheat,2025,6,2404.09,9.92,4
Rajasthan,Dausa,wheat,2025,7,2481.59,12.47,4
Rajasthan,Dausa,wheat,2025,8,2543.54,20.12,4
Rajasthan,Dausa,wheat,2025,9,2520.17,23.04,4
Rajasthan,Dausa,wheat,2025,10,2486.32,17.12,4
Rajasthan,Dausa,wheat,2025,11,2491.72,8.76,4
Rajasthan,Dausa,wheat,2025,12,2491.85,23.59,4
Rajasthan,Hanumangarh,wheat,2021,1,1737.14,99.31,4
Rajasthan,Hanumangarh,wheat,2021,2,1751.97,33.2,5
Rajasthan,Hanumangarh,wheat,2021,3,1745.8,63.52,6
Rajasthan,Hanumangarh,wheat,2021,4,1931.87,60.26,6
Rajasthan,Hanumangarh,wheat,2021,5,1937.67,69.88,5
Rajasthan,Hanumangarh,wheat,2021,6,1916.37,102.37,6
Rajasthan,Hanumangarh,wheat,2021,7,1710.36,43.08,4
Rajasthan,Hanumangarh,wheat,2021,8,1776.88,58.54,6
Rajasthan,Hanumangarh,wheat,2021,9,1895.19,50.91,5
Rajasthan,Hanumangarh,wheat,2021,10,1900.75,45.54,5
Rajasthan,Hanumangarh,wheat,2021,11,1925.27,65.03,4
Rajasthan,Hanumangarh,wheat,2022,1,1938.26,46.21,5
Rajasthan,Hanumangarh,wheat,2022,3,2102.84,81.92,7
Rajasthan,Hanumangarh,wheat,2022,4,2103.26,33.27,8
Rajasthan,Hanumangarh,wheat,2022,5,2139.22,65.71,8
Rajasthan,Hanumangarh,wheat,2022,6,2007.17,40.11,8
Rajasthan,Hanumangarh,wheat,2022,7,2052.97,31.49,7
Rajasthan,Hanumangarh,wheat,2022,8,2172.35,71.96,8
Rajasthan,Hanumangarh,wheat,2022,9,2168.94,22.6,8
Rajasthan,Hanumangarh,wheat,2022,10,2290.49,52.59,7
Rajasthan,Hanumangarh,wheat,2022,11,2500.24,51.27,8
Rajasthan,Hanumangarh,wheat,2022,12,2546.09,45.25,7
Rajasthan,Hanumangarh,wheat,2023,1,2645.52,115.54,6
Rajasthan,Hanumangarh,wheat,2023,2,2595.67,560.29,5
Rajasthan,Hanumangarh,wheat,2023,3,2179.45,142.57,6
Rajasthan,Hanumangarh,wheat,2023,4,2016.28,18.18,8
Rajasthan,Hanumangarh,wheat,2023,5,2077.69,39.71,8
Rajasthan,Hanumangarh,wheat,2023,6,2167.57,17.05,8
Rajasthan,Hanumangarh,wheat,2023,7,2165.19,37.54,8
Rajasthan,Hanumangarh,wheat,2023,8,2253.89,37.17,8
Rajasthan,Hanumangarh,wheat,2023,9,2362.69,155.26,7
Rajasthan,Hanumangarh,wheat,2023,10,2446.32,107.93,8
Rajasthan,Hanumangarh,wheat,2023,11,2523.63,86.48,7
Rajasthan,Hanumangarh,wheat,2023,12,2452.37,105.01,7
Rajasthan,Hanumangarh,wheat,2024,1,2456.05,103.17,4
Rajasthan,Hanumangarh,wheat,2024,2,2371.21,97.14,7
Rajasthan,Hanumangarh,wheat,2024,3,2379.95,96.21,7
Rajasthan,Hanumangarh,wheat,2024,4,2308.27,45.02,8
Rajasthan,Hanumangarh,wheat,2024,5,2350.8,41.54,7
Rajasthan,Hanumangarh,wheat,2024,6,2378.75,39.1,8
Rajasthan,Hanumangarh,wheat,2024,7,2400.1,29.25,8
Rajasthan,Hanumangarh,wheat,2024,8,2485.06,24.18,8
Rajasthan,Hanumangarh,wheat,2024,9,2537.64,30.89,8
Rajasthan,Hanumangarh,wheat,2024,10,2650.18,142.3,7
Rajasthan,Hanumangarh,wheat,2024,11,2843.44,51.16,7
Rajasthan,Hanumangarh,wheat,2024,12,2810.62,66.59,5
Rajasthan,Hanumangarh,wheat,2025,1,3006.16,95.5,5
Rajasthan,Hanumangarh,wheat,2025,3,2705.49,104.47,6
Rajasthan,Hanumangarh,wheat,2025,4,2545.01,58.66,8
Rajasthan,Hanumangarh,wheat,2025,5,2523.45,54.58,6
Rajasthan,Hanumangarh,wheat,2025,6,2534.62,68.42,7
Rajasthan,Hanumangarh,wheat,2025,7,2498.57,68.45,8
Rajasthan,Hanumangarh,wheat,2025,8,2558.94,95.38,8
Rajasthan,Hanumangarh,wheat,2025,9,2561.69,27.97,8
Rajasthan,Hanumangarh,wheat,2025,10,2504.16,96.14,8
Rajasthan,Hanumangarh,wheat,2025,11,2451.34,94.4,7
Rajasthan,Hanumangarh,wheat,2025,12,2486.67,52.09,7
Rajasthan,Jaipur,wheat,2022,1,2095.49,142.34,4
Rajasthan,Jaipur,wheat,2022,2,2104.77,149.45,4
Rajasthan,Jaipur,wheat,2022,3,2143.49,151.27,4
Rajasthan,Jaipur,wheat,2022,4,2154.73,34.59,4
Rajasthan,Jaipur,wheat,2022,5,2299.62,211.53,4
Rajasthan,Jaipur,wheat,2022,6,2219.57,199.38,4
Rajasthan,Jaipur,wheat,2022,7,2179.67,143.99,4
Rajasthan,Jaipur,wheat,2022,8,2249.93,114.93,4
Rajasthan,Jaipur,wheat,2024,5,2442.97,97.41,4
Rajasthan,Jaipur,wheat,2024,6,2402.82,80.31,4
Rajasthan,Jaipur,wheat,2024,7,2441.86,68.91,4
Rajasthan,Jaipur,wheat,2024,10,2704.62,142.07,4
Rajasthan,Jaipur,wheat,2024,11,2817.61,156.88,4
Rajasthan,Jaipur,wheat,2024,12,2829.11,126.08,4
Rajasthan,Jaipur,wheat,2025,4,2442.2,90.6,4
Rajasthan,Jaipur,wheat,2025,5,2519.98,108.23,4
Rajasthan,Jaipur,wheat,2025,6,2542.04,193.36,5
Rajasthan,Jaipur,wheat,2025,7,2529.54,120.84,4
Rajasthan,Jaipur,wheat,2025,8,2559.65,120.07,4
Rajasthan,Jhalawar,wheat,2021,1,1689.58,43.7,4
Rajasthan,Jhalawar,wheat,2021,2,1747.07,206.05,4
Rajasthan,Jhalawar,wheat,2021,3,1714.76,77.02,4
Rajasthan,Jhalawar,wheat,2021,4,1775.65,42.57,4
Rajasthan,Jhalawar,wheat,2021,5,1773.82,61.69,4
Rajasthan,Jhalawar,wheat,2021,6,1729.87,49.86,4
Rajasthan,Jhalawar,wheat,2021,7,1743.55,75.81,4
Rajasthan,Jhalawar,wheat,2021,8,1783.71,59.61,4
Rajasthan,Jhalawar,wheat,2021,9,1889.91,61.99,4
Rajasthan,Jhalawar,wheat,2021,10,1949.73,49.86,4
Rajasthan,Jhalawar,wheat,2021,11,1971.22,37.22,4
Rajasthan,Jhalawar,wheat,2021,12,1936.88,35.19,4
Rajasthan,Jhalawar,wheat,2022,1,2004.78,101.19,4
Rajasthan,Jhalawar,wheat,2022,2,1980.37,31.59,4
Rajasthan,Jhalawar,wheat,2022,3,2129.85,47.04,4
Rajasthan,Jhalawar,wheat,2022,4,2145.59,48.32,4
Rajasthan,Jhalawar,wheat,2022,5,2150.76,18.43,4
Rajasthan,Jhalawar,wheat,2022,6,2077.93,69.73,4
Rajasthan,Jhalawar,wheat,2022,7,2157.71,75.45,4
Rajasthan,Jhalawar,wheat,2022,8,2217.5,41.85,4
Rajasthan,Jhalawar,wheat,2022,9,2215.54,58.9,4
Rajasthan,Jhalawar,wheat,2022,10,2266.95,10.69,4
Rajasthan,Jhalawar,wheat,2022,11,2441,13.31,4
Rajasthan,Jhalawar,wheat,2022,12,2521.06,59.49,4
Rajasthan,Jhalawar,wheat,2023,1,2620.8,52.14,4
Rajasthan,Jhalawar,wheat,2023,2,2421.52,61.96,4
Rajasthan,Jhalawar,wheat,2023,3,2344.23,334.41,4
Rajasthan,Jhalawar,wheat,2023,4,2205.17,79.1,4
Rajasthan,Jhalawar,wheat,2023,5,2175.06,29.71,4
Rajasthan,Jhalawar,wheat,2023,6,2212.88,28.51,4
Rajasthan,Jhalawar,wheat,2023,8,2418.42,83.03,4
Rajasthan,Jhalawar,wheat,2023,9,2443.86,82.54,4
Rajasthan,Jhalawar,wheat,2023,10,2487.48,52.27,4
Rajasthan,Jhalawar,wheat,2023,11,2555.31,42.06,4
Rajasthan,Jhalawar,wheat,2023,12,2513.42,36.3,4
Rajasthan,Jhalawar,wheat,2024,1,2580.86,37.46,4
Rajasthan,Jhalawar,wheat,2024,2,2476.9,33.95,4
Rajasthan,Jhalawar,wheat,2024,3,2375.01,43.87,4
Rajasthan,Jhalawar,wheat,2024,4,2371.56,27.85,4
Rajasthan,Jhalawar,wheat,2024,5,2456.01,42.33,4
Rajasthan,Jhalawar,wheat,2024,6,2460.07,30.03,4
Rajasthan,Jhalawar,wheat,2024,7,2490.61,25.91,4
Rajasthan,Jhalawar,wheat,2024,8,2590.69,29.27,4
Rajasthan,Jhalawar,wheat,2024,9,2622.37,16.7,4
Rajasthan,Jhalawar,wheat,2024,10,2697.62,35.05,4
Rajasthan,Jhalawar,wheat,2024,11,2799.07,54.4,4
Rajasthan,Jhalawar,wheat,2024,12,2786.56,39.83,4
Rajasthan,Jhalawar,wheat,2025,1,3001.61,33.99,4
Rajasthan,Jhalawar,wheat,2025,2,2946.37,57.26,4
Rajasthan,Jhalawar,wheat,2025,3,2392.17,106.98,4
Rajasthan,Jhalawar,wheat,2025,4,2409.54,42.09,4
Rajasthan,Jhalawar,wheat,2025,5,2442.28,24.24,4
Rajasthan,Jhalawar,wheat,2025,6,2417.09,29.08,4
Rajasthan,Jhalawar,wheat,2025,7,2466.11,55.42,4
Rajasthan,Jhalawar,wheat,2025,8,2577.28,30.2,4
Rajasthan,Jhalawar,wheat,2025,9,2545.8,45.62,4
Rajasthan,Jhalawar,wheat,2025,10,2498.23,37.87,4
Rajasthan,Jhalawar,wheat,2025,11,2478.06,35.52,4
Rajasthan,Jhalawar,wheat,2025,12,2470.91,42.46,4
Rajasthan,Jodhpur,wheat,2021,4,1985.06,321.22,4
Rajasthan,Jodhpur,wheat,2022,5,2775.27,346.42,4
Rajasthan,Jodhpur,wheat,2024,5,3085.19,313.97,4
Rajasthan,Pali,wheat,2021,3,1699,128.66,4
Rajasthan,Pali,wheat,2025,11,2514.72,79.58,4
Rajasthan,Sri Ganganagar,wheat,2021,1,1724.06,37.81,8
Rajasthan,Sri Ganganagar,wheat,2021,2,1736.38,42.12,7
Rajasthan,Sri Ganganagar,wheat,2021,3,1741.48,23.87,8
Rajasthan,Sri Ganganagar,wheat,2021,4,1899.72,44.7,9
Rajasthan,Sri Ganganagar,wheat,2021,5,1918.86,58.64,7
Rajasthan,Sri Ganganagar,wheat,2021,6,1909.7,242.91,9
Rajasthan,Sri Ganganagar,wheat,2021,7,1737.06,69.14,9
Rajasthan,Sri Ganganagar,wheat,2021,8,1835.36,76.58,9
Rajasthan,Sri Ganganagar,wheat,2021,9,1926.47,53.6,8
Rajasthan,Sri Ganganagar,wheat,2021,10,1913.69,49.52,7
Rajasthan,Sri Ganganagar,wheat,2021,11,1931.44,36.96,8
Rajasthan,Sri Ganganagar,wheat,2021,12,1980.06,32.59,8
Rajasthan,Sri Ganganagar,wheat,2022,1,1975.39,56.28,9
Rajasthan,Sri Ganganagar,wheat,2022,2,2034.2,32,9
Rajasthan,Sri Ganganagar,wheat,2022,3,2107.64,44.79,9
Rajasthan,Sri Ganganagar,wheat,2022,4,2167.23,63.58,8
Rajasthan,Sri Ganganagar,wheat,2022,5,2123.07,81.27,8
Rajasthan,Sri Ganganagar,wheat,2022,6,1982.35,42.79,10
Rajasthan,Sri Ganganagar,wheat,2022,7,2053.51,40.74,9
Rajasthan,Sri Ganganagar,wheat,2022,8,2174.98,22.26,9
Rajasthan,Sri Ganganagar,wheat,2022,9,2142.35,29.42,9
Rajasthan,Sri Ganganagar,wheat,2022,10,2215.6,50.38,9
Rajasthan,Sri Ganganagar,wheat,2022,11,2441.54,66.5,9
Rajasthan,Sri Ganganagar,wheat,2022,12,2483.23,43.11,9
Rajasthan,Sri Ganganagar,wheat,2023,1,2577.46,110.31,7
Rajasthan,Sri Ganganagar,wheat,2023,2,2348.86,76.08,9
Rajasthan,Sri Ganganagar,wheat,2023,3,2215.52,53.73,6
Rajasthan,Sri Ganganagar,wheat,2023,4,2025.84,44.57,9
Rajasthan,Sri Ganganagar,wheat,2023,5,2072.1,39.25,9
Rajasthan,Sri Ganganagar,wheat,2023,6,2152.13,19.27,9
Rajasthan,Sri Ganganagar,wheat,2023,7,2165.29,29.3,9
Rajasthan,Sri Ganganagar,wheat,2023,8,2263.36,45.64,9
Rajasthan,Sri Ganganagar,wheat,2023,9,2304.61,48.19,9
Rajasthan,Sri Ganganagar,wheat,2023,10,2374.51,56.09,9
Rajasthan,Sri Ganganagar,wheat,2023,11,2449.82,75.02,9
Rajasthan,Sri Ganganagar,wheat,2023,12,2375.05,99.41,9
Rajasthan,Sri Ganganagar,wheat,2024,1,2403.25,86.22,5
Rajasthan,Sri Ganganagar,wheat,2024,2,2406.32,112.54,6
Rajasthan,Sri Ganganagar,wheat,2024,3,2440.32,67.21,5
Rajasthan,Sri Ganganagar,wheat,2024,4,2328.26,46.61,10
Rajasthan,Sri Ganganagar,wheat,2024,5,2352.36,25.72,10
Rajasthan,Sri Ganganagar,wheat,2024,6,2381.23,22.04,10
Rajasthan,Sri Ganganagar,wheat,2024,7,2398.95,16.27,9
Rajasthan,Sri Ganganagar,wheat,2024,8,2473.83,28.22,9
Rajasthan,Sri Ganganagar,wheat,2024,9,2532.55,39.26,9
Rajasthan,Sri Ganganagar,wheat,2024,10,2603.92,56.13,9
Rajasthan,Sri Ganganagar,wheat,2024,11,2768.11,70.84,9
Rajasthan,Sri Ganganagar,wheat,2024,12,2689.35,97.3,7
Rajasthan,Sri Ganganagar,wheat,2025,1,2916.7,60.84,8
Rajasthan,Sri Ganganagar,wheat,2025,2,2834.77,28.17,8
Rajasthan,Sri Ganganagar,wheat,2025,3,2687.41,147.26,10
Rajasthan,Sri Ganganagar,wheat,2025,4,2515.66,37.97,10
Rajasthan,Sri Ganganagar,wheat,2025,5,2529.52,57.67,9
Rajasthan,Sri Ganganagar,wheat,2025,6,2551.23,50.61,10
Rajasthan,Sri Ganganagar,wheat,2025,7,2560.16,31.46,9
Rajasthan,Sri Ganganagar,wheat,2025,8,2615.85,52.98,9
Rajasthan,Sri Ganganagar,wheat,2025,9,2569.6,33.19,9
Rajasthan,Sri Ganganagar,wheat,2025,10,2525.1,28.72,9
Rajasthan,Sri Ganganagar,wheat,2025,11,2521.82,81.92,8
Rajasthan,Sri Ganganagar,wheat,2025,12,2482.43,33.62,7
Rajasthan,Tonk,wheat,2021,1,1659.7,13.81,5
Rajasthan,Tonk,wheat,2021,2,1605.22,11.7,5
Rajasthan,Tonk,wheat,2021,3,1608.95,31.17,5
Rajasthan,Tonk,wheat,2021,4,1704.25,30.97,5
Rajasthan,Tonk,wheat,2021,6,1629.66,70.09,5
Rajasthan,Tonk,wheat,2021,7,1702.53,48.41,5
Rajasthan,Tonk,wheat,2021,8,1817.61,169.92,5
Rajasthan,Tonk,wheat,2021,9,1830.3,69.59,5
Rajasthan,Tonk,wheat,2021,10,1936.46,22.7,5
Rajasthan,Tonk,wheat,2021,11,1941.65,10.06,5
Rajasthan,Tonk,wheat,2021,12,1923.33,26.66,5
Rajasthan,Tonk,wheat,2022,1,1963.04,55.23,5
Rajasthan,Tonk,wheat,2022,2,1962.4,74.01,5
Rajasthan,Tonk,wheat,2022,3,2107.61,27.03,5
Rajasthan,Tonk,wheat,2022,4,2131.06,27.45,5
Rajasthan,Tonk,wheat,2022,5,2159.33,67.56,5
Rajasthan,Tonk,wheat,2022,6,2022.86,40.37,5
Rajasthan,Tonk,wheat,2022,7,2074.02,30.21,5
Rajasthan,Tonk,wheat,2022,8,2186.38,19.32,5
Rajasthan,Tonk,wheat,2022,9,2174.81,8.13,5
Rajasthan,Tonk,wheat,2022,10,2244.42,22.77,5
Rajasthan,Tonk,wheat,2022,11,2485.73,120.93,5
Rajasthan,Tonk,wheat,2022,12,2513.26,13.51,5
Rajasthan,Tonk,wheat,2023,1,2618.97,30.25,5
Rajasthan,Tonk,wheat,2023,2,2436.83,56.56,5
Rajasthan,Tonk,wheat,2023,3,2174.73,27.53,5
Rajasthan,Tonk,wheat,2023,4,2085.53,94.43,6
Rajasthan,Tonk,wheat,2023,5,2184.52,108.46,6
Rajasthan,Tonk,wheat,2023,6,2211.17,117.6,6
Rajasthan,Tonk,wheat,2023,7,2161.77,18.49,6
Rajasthan,Tonk,wheat,2023,8,2286.24,25.04,6
Rajasthan,Tonk,wheat,2023,9,2320.05,36.75,6
Rajasthan,Tonk,wheat,2023,10,2375.87,47.38,6
Rajasthan,Tonk,wheat,2023,11,2425.62,53.24,6
Rajasthan,Tonk,wheat,2023,12,2425.25,34.54,5
Rajasthan,Tonk,wheat,2024,1,2400.6,83.77,6
Rajasthan,Tonk,wheat,2024,2,2360.58,76.04,6
Rajasthan,Tonk,wheat,2024,3,2361.98,36.74,6
Rajasthan,Tonk,wheat,2024,4,2306.42,41.5,6
Rajasthan,Tonk,wheat,2024,5,2359.52,50.89,6
Rajasthan,Tonk,wheat,2024,6,2421.02,40.21,6
Rajasthan,Tonk,wheat,2024,7,2412.69,42.42,6
Rajasthan,Tonk,wheat,2024,8,2506.36,52.24,6
Rajasthan,Tonk,wheat,2024,9,2592.02,31.29,6
Rajasthan,Tonk,wheat,2024,10,2680,23.6,6
Rajasthan,Tonk,wheat,2024,11,2781.68,26.76,6
Rajasthan,Tonk,wheat,2024,12,2791.49,39.37,5
Rajasthan,Tonk,wheat,2025,1,2940.86,124.28,6
Rajasthan,Tonk,wheat,2025,2,2930.89,49.09,5
Rajasthan,Tonk,wheat,2025,3,2542.77,96.03,6
Rajasthan,Tonk,wheat,2025,4,2368.72,21.77,6
Rajasthan,Tonk,wheat,2025,5,2415.97,23.21,6
Rajasthan,Tonk,wheat,2025,6,2399.22,27.63,6
Rajasthan,Tonk,wheat,2025,7,2460.82,42.81,6
Rajasthan,Tonk,wheat,2025,8,2525.69,36.95,5
Rajasthan,Tonk,wheat,2025,9,2500.69,28.5,6
Rajasthan,Tonk,wheat,2025,10,2460.4,32.43,6
Rajasthan,Tonk,wheat,2025,11,2445.1,34.35,6
Rajasthan,Tonk,wheat,2025,12,2460.61,33.52,6
Uttar Pradesh,Badaun,wheat,2021,1,1714.57,5.98,4
Uttar Pradesh,Badaun,wheat,2021,2,1722.79,2.6,4
Uttar Pradesh,Badaun,wheat,2021,3,1728.49,1.26,4
Uttar Pradesh,Badaun,wheat,2021,4,1952.11,34.57,4
Uttar Pradesh,Badaun,wheat,2021,5,1975,0,4
Uttar Pradesh,Badaun,wheat,2021,6,1939.7,27.85,4
Uttar Pradesh,Badaun,wheat,2021,7,1727.35,42.58,4
Uttar Pradesh,Badaun,wheat,2021,8,1709.06,23.03,4
Uttar Pradesh,Badaun,wheat,2021,9,1810.85,15.28,4
Uttar Pradesh,Badaun,wheat,2021,10,1892.61,8.77,4
Uttar Pradesh,Badaun,wheat,2021,11,1963.51,7.09,4
Uttar Pradesh,Badaun,wheat,2021,12,1956.94,5.03,4
Uttar Pradesh,Badaun,wheat,2022,1,1964.42,9.49,4
Uttar Pradesh,Badaun,wheat,2022,2,1984.14,17.07,4
Uttar Pradesh,Badaun,wheat,2022,3,2071.44,52.35,4
Uttar Pradesh,Badaun,wheat,2022,4,2051.72,33.34,4
Uttar Pradesh,Badaun,wheat,2022,5,2075.75,18.14,4
Uttar Pradesh,Badaun,wheat,2022,6,2065.86,13.74,4
Uttar Pradesh,Badaun,wheat,2022,7,2059.68,13.23,4
Uttar Pradesh,Badaun,wheat,2022,8,2223,76.34,4
Uttar Pradesh,Badaun,wheat,2022,9,2264.06,43.95,4
Uttar Pradesh,Badaun,wheat,2023,7,2280.01,27.67,4
Uttar Pradesh,Badaun,wheat,2023,8,1820.48,998.13,4
Uttar Pradesh,Badaun,wheat,2024,1,2526.37,12.33,4
Uttar Pradesh,Badaun,wheat,2024,2,2531.55,25.24,4
Uttar Pradesh,Badaun,wheat,2024,3,2506.84,34.97,4
Uttar Pradesh,Badaun,wheat,2024,4,2321.04,5.66,4
Uttar Pradesh,Badaun,wheat,2024,5,2323.74,10.02,4
Uttar Pradesh,Badaun,wheat,2024,6,2381.4,5.41,4
Uttar Pradesh,Badaun,wheat,2024,7,2398.66,17.55,4
Uttar Pradesh,Badaun,wheat,2024,8,2437.77,22.38,4
Uttar Pradesh,Badaun,wheat,2024,11,2714.78,12.57,4
Uttar Pradesh,Badaun,wheat,2024,12,2729.57,20.53,4
Uttar Pradesh,Badaun,wheat,2025,1,2810.56,58.86,4
Uttar Pradesh,Badaun,wheat,2025,2,2907.83,45.44,4
Uttar Pradesh,Badaun,wheat,2025,3,2834.43,58.12,4
Uttar Pradesh,Badaun,wheat,2025,4,2441.59,22.25,4
Uttar Pradesh,Badaun,wheat,2025,5,2444.77,19.14,4
Uttar Pradesh,Badaun,wheat,2025,6,2474.17,17.69,4
Uttar Pradesh,Badaun,wheat,2025,7,2475.81,16.3,4
Uttar Pradesh,Badaun,wheat,2025,8,2499.15,22.74,4
Uttar Pradesh,Badaun,wheat,2025,9,2502.75,19.87,4
Uttar Pradesh,Badaun,wheat,2025,10,2512.16,25.24,4
Uttar Pradesh,Badaun,wheat,2025,11,2532.26,20.94,4
Uttar Pradesh,Badaun,wheat,2025,12,2533.68,23.49,4
Uttar Pradesh,Firozabad,wheat,2021,1,1715.98,68.33,4
Uttar Pradesh,Firozabad,wheat,2021,2,1769.23,67.1,4
Uttar Pradesh,Firozabad,wheat,2021,4,1964.99,11.4,4
Uttar Pradesh,Firozabad,wheat,2021,5,1975,0,4
Uttar Pradesh,Firozabad,wheat,2021,6,1966.76,14.77,4
Uttar Pradesh,Firozabad,wheat,2021,7,1716.12,24.27,4
Uttar Pradesh,Firozabad,wheat,2021,8,1693.82,44.02,4
Uttar Pradesh,Firozabad,wheat,2021,9,1824.29,68.72,4
Uttar Pradesh,Firozabad,wheat,2021,10,1909.11,52.8,4
Uttar Pradesh,Firozabad,wheat,2021,11,1953.42,49.13,4
Uttar Pradesh,Firozabad,wheat,2021,12,1954.9,50.72,4
Uttar Pradesh,Firozabad,wheat,2022,1,1972.5,59.09,4
Uttar Pradesh,Firozabad,wheat,2022,2,2046.74,122.68,4
Uttar Pradesh,Firozabad,wheat,2022,3,2103.24,101.16,4
Uttar Pradesh,Firozabad,wheat,2022,4,2114.89,25.56,4
Uttar Pradesh,Firozabad,wheat,2022,5,2142.53,27.02,4
Uttar Pradesh,Firozabad,wheat,2022,6,2077.58,17.97,4
Uttar Pradesh,Firozabad,wheat,2022,7,2084.86,55.24,4
Uttar Pradesh,Firozabad,wheat,2022,8,2300.22,30.23,4
Uttar Pradesh,Firozabad,wheat,2022,9,2340.98,86.59,4
Uttar Pradesh,Firozabad,wheat,2023,1,2780.48,37.01,4
Uttar Pradesh,Firozabad,wheat,2023,2,2508.3,46.7,4
Uttar Pradesh,Firozabad,wheat,2023,3,2302.44,99.17,4
Uttar Pradesh,Firozabad,wheat,2023,4,2172.4,30.6,4
Uttar Pradesh,Firozabad,wheat,2023,5,2187.41,28.45,4
Uttar Pradesh,Firozabad,wheat,2023,6,2263.05,50.95,4
Uttar Pradesh,Firozabad,wheat,2023,7,2249.01,42.77,4
Uttar Pradesh,Firozabad,wheat,2023,8,2316.56,6.53,4
Uttar Pradesh,Firozabad,wheat,2023,9,2364.36,15.09,4
Uttar Pradesh,Firozabad,wheat,2023,10,2387.09,37.36,4
Uttarakhand,Udham Singh Nagar,wheat,2022,4,2083.29,78.86,4
Uttarakhand,Udham Singh Nagar,wheat,2022,5,2029.98,18.23,4
Uttarakhand,Udham Singh Nagar,wheat,2023,4,2163.54,45.79,5
Uttarakhand,Udham Singh Nagar,wheat,2023,5,2180.36,48.1,5
Uttarakhand,Udham Singh Nagar,wheat,2023,6,2256.59,130.12,5
Uttarakhand,Udham Singh Nagar,wheat,2023,7,2491.27,476.04,4
Uttarakhand,Udham Singh Nagar,wheat,2023,8,2224.96,114,4
Uttarakhand,Udham Singh Nagar,wheat,2025,4,2462.61,33.39,4
Uttarakhand,Udham Singh Nagar,wheat,2025,5,2467.5,33.49,4
Uttarakhand,Udham Singh Nagar,wheat,2025,6,2488.81,43.62,4
