state_name,commodity,year,month,price_mean,price_sd,n_mandis
Andhra Pradesh,cotton,2022,1,8701.41,0,1
Andhra Pradesh,cotton,2022,2,9152.51,0,1
Andhra Pradesh,cotton,2022,3,9182.75,0,1
Andhra Pradesh,cotton,2022,4,9798.45,0,1
Andhra Pradesh,cotton,2022,5,11837.78,0,1
Andhra Pradesh,cotton,2022,6,11145.81,0,1
Andhra Pradesh,cotton,2022,7,9416.35,0,1
Andhra Pradesh,cotton,2022,8,10246.4,0,1
Andhra Pradesh,cotton,2022,9,8951.68,0,1
Andhra Pradesh,cotton,2022,10,8326.95,0,1
Andhra Pradesh,cotton,2022,11,8485.23,0,1
Andhra Pradesh,cotton,2022,12,8230.7,0,1
Andhra Pradesh,cotton,2023,1,8047.01,0,1
Andhra Pradesh,cotton,2023,2,7768.84,0,1
Andhra Pradesh,cotton,2023,3,7415.86,0,1
Andhra Pradesh,cotton,2023,4,7559.25,0,1
Andhra Pradesh,cotton,2023,5,7143.89,0,1
Andhra Pradesh,cotton,2023,6,6984.28,0,1
Andhra Pradesh,cotton,2023,7,6917.55,0,1
Andhra Pradesh,cotton,2023,8,7309.8,0,1
Andhra Pradesh,cotton,2023,9,7353.95,0,1
Andhra Pradesh,cotton,2023,10,7363.64,0,1
Andhra Pradesh,cotton,2023,11,7263.28,0,1
Andhra Pradesh,cotton,2023,12,6999.12,0,1
Andhra Pradesh,cotton,2024,1,6930.62,0,1
Andhra Pradesh,cotton,2024,2,6935.78,0,1
Andhra Pradesh,cotton,2024,3,7507.22,0,1
Andhra Pradesh,cotton,2024,4,7452.06,0,1
Andhra Pradesh,cotton,2024,5,7339.55,0,1
Andhra Pradesh,cotton,2024,6,7311.9,0,1
Andhra Pradesh,cotton,2024,7,7367.58,0,1
Andhra Pradesh,cotton,2024,8,7437.36,0,1
Andhra Pradesh,cotton,2024,9,7512.6,0,1
Andhra Pradesh,cotton,2024,10,7305.57,0,1
Andhra Pradesh,cotton,2024,11,7141.78,0,1
Andhra Pradesh,cotton,2024,12,7076.85,0,1
Andhra Pradesh,cotton,2025,1,7269.55,4.07,2
Andhra Pradesh,cotton,2025,2,7221.1,0,1
Andhra Pradesh,cotton,2025,3,7364.98,0,1
Andhra Pradesh,cotton,2025,4,7612.3,0,1
Andhra Pradesh,cotton,2025,5,7541.6,0,1
Andhra Pradesh,cotton,2025,6,7714.68,0,1
Andhra Pradesh,cotton,2025,7,7960.04,0,1
Andhra Pradesh,cotton,2025,8,7778.32,0,1
Andhra Pradesh,cotton,2025,9,7365.06,0,1
Andhra Pradesh,cotton,2025,10,7290.84,0,1
Andhra Pradesh,cotton,2025,11,7190.82,0,1
Andhra Pradesh,cotton,2025,12,7285.06,0,1
Gujarat,cotton,2021,1,5529.51,902.85,36
Gujarat,cotton,2021,2,5511.64,238.12,35
Gujarat,cotton,2021,3,5844.69,570.4,31
Gujarat,cotton,2021,4,5860.29,366.09,25
Gujarat,cotton,2021,5,5928.11,614.81,14
Gujarat,cotton,2021,6,6302.2,563.67,18
Gujarat,cotton,2021,7,6512.34,845.31,10
Gujarat,cotton,2021,8,7154.17,1727.8,11
Gujarat,cotton,2021,9,5249.43,653.08,18
Gujarat,cotton,2021,10,7096.28,487.55,36
Gujarat,cotton,2021,11,7791.57,480.78,35
Gujarat,cotton,2021,12,7981.08,515.2,35
Gujarat,cotton,2022,1,8835.76,502.74,37
Gujarat,cotton,2022,2,8993.32,651.62,34
Gujarat,cotton,2022,3,9078.89,619.8,32
Gujarat,cotton,2022,4,10327.43,978.87,29
Gujarat,cotton,2022,5,10699.72,826.96,28
Gujarat,cotton,2022,6,10442.99,1185.69,22
Gujarat,cotton,2022,7,8878.78,1499.96,11
Gujarat,cotton,2022,8,10142.32,787.53,9
Gujarat,cotton,2022,9,8507.54,499.76,24
Gujarat,cotton,2022,10,8388.38,281.5,32
Gujarat,cotton,2022,11,8712.44,245.16,32
Gujarat,cotton,2022,12,8240.13,218.54,32
Gujarat,cotton,2023,1,8143.75,295.57,31
Gujarat,cotton,2023,2,7880.9,270.28,32
Gujarat,cotton,2023,3,7569.76,273.42,28
Gujarat,cotton,2023,4,7833.66,269.84,31
Gujarat,cotton,2023,5,7225.51,411.4,32
Gujarat,cotton,2023,6,6923.6,305.49,30
Gujarat,cotton,2023,7,6742.26,380.58,22
Gujarat,cotton,2023,8,6867.96,1299.96,21
Gujarat,cotton,2023,9,6647.88,1134.44,27
Gujarat,cotton,2023,10,6781.69,975.83,35
Gujarat,cotton,2023,11,6878.99,866.31,35
Gujarat,cotton,2023,12,6733.07,344.91,35
Gujarat,cotton,2024,1,6571.23,376.9,34
Gujarat,cotton,2024,2,6644.17,337.27,35
Gujarat,cotton,2024,3,7232.76,368.11,32
Gujarat,cotton,2024,4,7037.16,359.21,37
Gujarat,cotton,2024,5,6869.36,346.91,36
Gujarat,cotton,2024,6,6810.74,360.55,28
Gujarat,cotton,2024,7,6955.65,485.46,23
Gujarat,cotton,2024,8,7068.26,475.09,23
Gujarat,cotton,2024,9,7068.13,512.92,32
Gujarat,cotton,2024,10,6978.61,442.24,46
Gujarat,cotton,2024,11,7149.65,253.27,46
Gujarat,cotton,2024,12,7012.79,225.85,44
Gujarat,cotton,2025,1,7020.11,285.94,44
Gujarat,cotton,2025,2,6899.38,294.5,44
Gujarat,cotton,2025,3,6897.17,302.17,45
Gujarat,cotton,2025,4,6939.42,342.64,38
Gujarat,cotton,2025,5,7017.8,295.85,31
Gujarat,cotton,2025,6,7099.05,451.69,26
Gujarat,cotton,2025,7,7352.94,586.18,23
Gujarat,cotton,2025,8,7431.49,552.39,22
Gujarat,cotton,2025,9,6772.67,547.96,34
Gujarat,cotton,2025,10,6877.58,368.01,41
Gujarat,cotton,2025,11,6896.86,325.53,41
Gujarat,cotton,2025,12,7092.55,372.67,39
Haryana,cotton,2021,3,6019.38,143.56,3
Haryana,cotton,2021,4,6100,0,1
Haryana,cotton,2021,6,7000,0,1
Haryana,cotton,2021,10,6906.78,591.69,2
Haryana,cotton,2021,12,7762.57,645.31,12
Haryana,cotton,2022,1,8005.14,623.19,16
Haryana,cotton,2022,2,8397.47,919.79,12
Haryana,cotton,2022,3,8658.93,1008.59,9
Haryana,cotton,2022,4,9295.49,1139.77,9
Haryana,cotton,2022,5,9181.14,1665.05,7
Haryana,cotton,2022,6,10221.67,1231.31,2
Haryana,cotton,2022,8,9480,0,1
Haryana,cotton,2022,9,9037.37,471.41,10
Haryana,cotton,2022,10,8151.94,611.37,9
Haryana,cotton,2022,11,8231.26,355.52,12
Haryana,cotton,2022,12,8251.85,410.5,11
Haryana,cotton,2023,1,8194.93,420.04,12
Haryana,cotton,2023,2,7795.17,242.89,10
Haryana,cotton,2023,3,7355.42,428.66,10
Haryana,cotton,2023,4,7631.72,178.93,7
Haryana,cotton,2023,5,7260.82,171.8,10
Haryana,cotton,2023,6,6801.42,721.47,8
Haryana,cotton,2023,7,6683.85,333.15,5
Haryana,cotton,2023,8,6510.56,295.61,13
Haryana,cotton,2023,9,7012.82,283.97,25
Haryana,cotton,2023,10,6915.85,323.57,19
Haryana,cotton,2023,11,6593.44,411.38,15
Haryana,cotton,2023,12,6302.93,536.43,16
Haryana,cotton,2024,1,6261.43,261.25,17
Haryana,cotton,2024,2,6225.67,353.03,13
Haryana,cotton,2024,3,6514.29,468.13,13
Haryana,cotton,2024,4,6567.32,256.95,11
Haryana,cotton,2024,5,6558.92,266.14,5
Haryana,cotton,2024,6,6729.5,126.34,6
Haryana,cotton,2024,7,6943.73,234.74,6
Haryana,cotton,2024,8,6758.18,200.57,2
Haryana,cotton,2024,9,6862.29,244.32,11
Haryana,cotton,2024,10,7464.73,363.09,17
Haryana,cotton,2024,11,7277.14,261.4,18
Haryana,cotton,2024,12,7142.97,243.66,17
Haryana,cotton,2025,1,7112.3,277.05,17
Haryana,cotton,2025,2,7109.63,169.16,21
Haryana,cotton,2025,3,7130.82,206.28,16
Haryana,cotton,2025,4,7269.88,159.84,12
Haryana,cotton,2025,5,7594.55,106.55,7
Haryana,cotton,2025,6,7645,119.84,6
Haryana,cotton,2025,7,7584.9,223.34,4
Haryana,cotton,2025,8,7010.25,763.74,7
Haryana,cotton,2025,9,6739.84,505.51,15
Haryana,cotton,2025,10,6718.4,441.96,18
Haryana,cotton,2025,11,6672.38,670.17,24
Haryana,cotton,2025,12,6827.79,645.59,21
Madhya Pradesh,cotton,2021,1,6281.83,1044.46,9
Madhya Pradesh,cotton,2021,2,6161.03,891.7,14
Madhya Pradesh,cotton,2021,3,5713.83,833.07,12
Madhya Pradesh,cotton,2021,4,5673.4,574.41,8
Madhya Pradesh,cotton,2021,5,5556.09,643.48,5
Madhya Pradesh,cotton,2021,6,5919.13,804.32,4
Madhya Pradesh,cotton,2021,8,7125,0,1
Madhya Pradesh,cotton,2021,9,4738.44,504.53,7
Madhya Pradesh,cotton,2021,10,6197.32,795.34,8
Madhya Pradesh,cotton,2021,11,8560.76,1719.21,13
Madhya Pradesh,cotton,2021,12,8518.32,1288.45,13
Madhya Pradesh,cotton,2022,1,9115.4,774.54,15
Madhya Pradesh,cotton,2022,2,9030.64,666.94,16
Madhya Pradesh,cotton,2022,3,9231.04,539.71,15
Madhya Pradesh,cotton,2022,4,9592.61,1294.02,14
Madhya Pradesh,cotton,2022,5,9463.69,825.96,11
Madhya Pradesh,cotton,2022,6,9976.36,994.43,5
Madhya Pradesh,cotton,2022,7,11000,0,1
Madhya Pradesh,cotton,2022,8,9860,0,1
Madhya Pradesh,cotton,2022,9,7785.62,596.91,8
Madhya Pradesh,cotton,2022,10,7532.15,601.15,14
Madhya Pradesh,cotton,2022,11,8233.97,328.49,16
Madhya Pradesh,cotton,2022,12,7710.7,453.39,16
Madhya Pradesh,cotton,2023,1,7524.32,413.77,16
Madhya Pradesh,cotton,2023,2,7578.74,144.49,16
Madhya Pradesh,cotton,2023,3,7505.88,192.29,16
Madhya Pradesh,cotton,2023,4,7482.61,465.14,13
Madhya Pradesh,cotton,2023,5,7015.96,337.66,13
Madhya Pradesh,cotton,2023,6,6847.12,266.75,11
Madhya Pradesh,cotton,2023,7,6562.32,303.59,8
Madhya Pradesh,cotton,2023,8,6647.48,591.35,7
Madhya Pradesh,cotton,2023,9,5987.11,1054.59,10
Madhya Pradesh,cotton,2023,10,6476.35,433.37,14
Madhya Pradesh,cotton,2023,11,7006.23,429.16,15
Madhya Pradesh,cotton,2023,12,6963.99,548.87,15
Madhya Pradesh,cotton,2024,8,7060.54,277.02,5
Madhya Pradesh,cotton,2024,9,6016.81,653.82,7
Madhya Pradesh,cotton,2024,10,6281.61,596.83,12
Madhya Pradesh,cotton,2024,11,7563.04,1148.67,18
Madhya Pradesh,cotton,2024,12,7414.51,1092.33,18
Madhya Pradesh,cotton,2025,1,7325.39,596.21,18
Madhya Pradesh,cotton,2025,2,7308.54,594.4,17
Madhya Pradesh,cotton,2025,3,7023.24,418.97,14
Madhya Pradesh,cotton,2025,4,7110.92,465.45,13
Madhya Pradesh,cotton,2025,5,6991.36,365.74,8
Madhya Pradesh,cotton,2025,6,6662.98,592.43,7
Madhya Pradesh,cotton,2025,7,7700,0,1
Madhya Pradesh,cotton,2025,8,8807.9,1687.3,2
Madhya Pradesh,cotton,2025,9,5521.84,383.25,8
Madhya Pradesh,cotton,2025,10,6538.67,541.16,14
Madhya Pradesh,cotton,2025,11,6612.58,481.84,17
Madhya Pradesh,cotton,2025,12,6990.71,401.41,17
Maharashtra,cotton,2021,1,5568.57,134.86,18
Maharashtra,cotton,2021,2,5736.34,193.03,14
Maharashtra,cotton,2021,3,5833.13,356.85,10
Maharashtra,cotton,2021,4,5730.88,381.55,6
Maharashtra,cotton,2021,5,5500,707.11,2
Maharashtra,cotton,2021,10,7611.04,593.28,9
Maharashtra,cotton,2021,11,8112.03,171.79,13
Maharashtra,cotton,2021,12,8308.96,163.84,16
Maharashtra,cotton,2022,1,9472.25,279.83,16
Maharashtra,cotton,2022,2,9637.28,414.64,15
Maharashtra,cotton,2022,3,9682.51,622.21,12
Maharashtra,cotton,2022,4,10815.67,754.18,9
Maharashtra,cotton,2022,5,10527.74,709.65,6
Maharashtra,cotton,2022,10,7581.25,521.49,2
Maharashtra,cotton,2022,11,8833.54,211.32,11
Maharashtra,cotton,2022,12,8230.99,153.83,18
Maharashtra,cotton,2023,1,8082.85,248.89,16
Maharashtra,cotton,2023,2,7900.82,138.46,15
Maharashtra,cotton,2023,3,7643.63,183.39,14
Maharashtra,cotton,2023,4,7693.38,263.5,13
Maharashtra,cotton,2023,5,7245.78,197.88,12
Maharashtra,cotton,2023,6,7098.71,124.16,11
Maharashtra,cotton,2023,7,7001.56,304.19,8
Maharashtra,cotton,2023,8,7218.93,341.58,5
Maharashtra,cotton,2023,9,7439.09,189.48,3
Maharashtra,cotton,2023,10,6617.51,1021.17,6
Maharashtra,cotton,2023,11,7014.37,261.46,14
Maharashtra,cotton,2023,12,6764.13,259.89,17
Maharashtra,cotton,2024,1,6547.43,419.25,16
Maharashtra,cotton,2024,2,6695.09,421.45,16
Maharashtra,cotton,2024,3,7283.45,412.94,14
Maharashtra,cotton,2024,4,7257.41,331.39,13
Maharashtra,cotton,2024,5,7111.51,339.99,12
Maharashtra,cotton,2024,6,7056.7,308.66,10
Maharashtra,cotton,2024,7,7415.33,474.64,4
Maharashtra,cotton,2024,8,7250,0,1
Maharashtra,cotton,2024,9,7366.67,0,1
Maharashtra,cotton,2024,10,6872.8,246.03,3
Maharashtra,cotton,2024,11,7155.2,215.72,19
Maharashtra,cotton,2024,12,7132.34,233.59,18
Maharashtra,cotton,2025,1,7124.71,345.5,17
Maharashtra,cotton,2025,2,7026.97,383.16,16
Maharashtra,cotton,2025,3,6975.83,457.6,15
Maharashtra,cotton,2025,4,7333.23,689.55,14
Maharashtra,cotton,2025,5,7221.85,897.81,12
Maharashtra,cotton,2025,6,7008.63,1575.06,5
Maharashtra,cotton,2025,10,6842.46,324.94,3
Maharashtra,cotton,2025,11,7251.2,474.21,16
Maharashtra,cotton,2025,12,7489.39,504.9,16
Odisha,cotton,2021,1,5613.95,180.43,6
Odisha,cotton,2021,2,5576.73,217.58,5
Odisha,cotton,2021,3,5538.62,307.37,3
Odisha,cotton,2021,4,5316.67,0,1
Odisha,cotton,2021,11,7181.21,442.67,3
Odisha,cotton,2021,12,6917.24,738.61,4
Odisha,cotton,2022,1,7529.78,1006.97,3
Odisha,cotton,2022,2,8067.1,1456.01,3
Odisha,cotton,2022,3,8777.23,315.04,2
Odisha,cotton,2022,11,8306.41,987.87,3
Odisha,cotton,2022,12,7569.67,516.29,4
Odisha,cotton,2023,1,7509.13,312.75,4
Odisha,cotton,2023,2,7475.17,98.55,3
Odisha,cotton,2023,3,7298.37,290.18,5
Odisha,cotton,2023,12,6898.91,243.95,4
Odisha,cotton,2024,1,6906.07,127.32,4
Odisha,cotton,2024,2,6835.87,113.95,4
Odisha,cotton,2024,3,6740.47,115.39,3
Odisha,cotton,2024,11,7250,0,1
Odisha,cotton,2024,12,7215.44,253.39,4
Odisha,cotton,2025,1,7207.46,239.85,4
Odisha,cotton,2025,2,7300,212.13,2
Odisha,cotton,2025,3,7025,176.78,2
Odisha,cotton,2025,4,7000,0,1
Odisha,cotton,2025,5,7000,0,1
Odisha,cotton,2025,6,7000,0,1
Odisha,cotton,2025,7,7000,0,1
Odisha,cotton,2025,11,6277.03,0,1
Odisha,cotton,2025,12,7759.45,461.62,3
Puducherry,cotton,2021,6,6144,0,1
Puducherry,cotton,2021,7,5674.31,0,1
Puducherry,cotton,2022,7,6800,0,1
Puducherry,cotton,2023,6,5350,0,1
Puducherry,cotton,2023,7,5487.57,0,1
Puducherry,cotton,2024,7,6510.05,0,1
Puducherry,cotton,2024,8,6597.49,0,1
Punjab,cotton,2021,1,5692.76,107.05,8
Punjab,cotton,2021,2,5898.47,144.12,5
Punjab,cotton,2021,3,5972.47,170.25,6
Punjab,cotton,2021,4,6351.24,0,1
Punjab,cotton,2021,8,6421,0,1
Punjab,cotton,2021,9,6537.71,217.51,6
Punjab,cotton,2021,10,7273.9,361.03,8
Punjab,cotton,2021,11,7863.74,606.79,4
Punjab,cotton,2021,12,7639.12,523.97,7
Punjab,cotton,2022,1,8574.36,839.64,8
Punjab,cotton,2022,2,8575.86,879.68,5
Punjab,cotton,2022,3,8100.71,1564.35,5
Punjab,cotton,2022,4,7327.67,4771.9,3
Punjab,cotton,2022,9,8865.53,463.83,5
Punjab,cotton,2022,10,8312.83,407.29,6
Punjab,cotton,2022,11,8726.07,294.47,5
Punjab,cotton,2022,12,8338,411.12,5
Punjab,cotton,2023,1,7218.56,2760.09,7
Punjab,cotton,2023,2,6752.9,3012.45,5
Punjab,cotton,2023,3,8135.46,1124.63,4
Punjab,cotton,2023,6,6771.2,0,1
Punjab,cotton,2023,8,6593.55,102.64,2
Punjab,cotton,2023,9,7075.53,178.45,7
Punjab,cotton,2023,10,6934.72,167.58,8
Punjab,cotton,2023,11,6652,50.12,3
Punjab,cotton,2023,12,6535.42,213.3,8
Punjab,cotton,2024,1,6428.78,237.92,8
Punjab,cotton,2024,2,6346.21,235.21,8
Punjab,cotton,2024,3,6639.67,280.46,6
Punjab,cotton,2024,4,6223.02,420.23,2
Punjab,cotton,2024,9,7497.87,421.24,2
Punjab,cotton,2024,10,7479.99,259.94,8
Punjab,cotton,2024,11,7328.93,141.18,4
Punjab,cotton,2024,12,7138.72,145.26,10
Punjab,cotton,2025,1,7253.98,109.49,4
Punjab,cotton,2025,2,7090.29,172.18,4
Punjab,cotton,2025,3,6839.69,126.84,2
Punjab,cotton,2025,4,7078.04,0,1
Punjab,cotton,2025,8,7156.88,0,1
Punjab,cotton,2025,9,6574.02,820.6,3
Punjab,cotton,2025,10,7090.63,121.28,4
Punjab,cotton,2025,11,7224.02,350,6
Punjab,cotton,2025,12,7236.97,364.8,7
Rajasthan,cotton,2021,1,5624.28,210.3,22
Rajasthan,cotton,2021,2,5812.13,357.55,21
Rajasthan,cotton,2021,3,6056.91,300.04,18
Rajasthan,cotton,2021,4,6502.11,73.69,2
Rajasthan,cotton,2021,8,6670.56,251.69,7
Rajasthan,cotton,2021,9,6929.07,382.06,19
Rajasthan,cotton,2021,10,8006.4,303.45,22
Rajasthan,cotton,2021,11,8168.72,336.03,26
Rajasthan,cotton,2021,12,8070.26,491,26
Rajasthan,cotton,2022,1,8970.4,682.59,26
Rajasthan,cotton,2022,2,9619.34,816.66,23
Rajasthan,cotton,2022,3,9723.15,863.35,21
Rajasthan,cotton,2022,4,11051.5,971.88,11
Rajasthan,cotton,2022,5,10346.99,2839.21,11
Rajasthan,cotton,2022,6,11154.65,2371.28,4
Rajasthan,cotton,2022,8,9589.05,558.99,5
Rajasthan,cotton,2022,9,8558.95,544.56,24
Rajasthan,cotton,2022,10,8459.99,296.08,28
Rajasthan,cotton,2022,11,8664.41,311.13,28
Rajasthan,cotton,2022,12,8518.95,306.63,27
Rajasthan,cotton,2023,1,8409.37,322.46,24
Rajasthan,cotton,2023,2,8133.4,365.99,24
Rajasthan,cotton,2023,3,7788.01,306.29,23
Rajasthan,cotton,2023,4,7891.82,272.86,22
Rajasthan,cotton,2023,5,7683.09,183.71,18
Rajasthan,cotton,2023,6,7190.83,172.98,11
Rajasthan,cotton,2023,7,6947.46,434.97,6
Rajasthan,cotton,2023,8,6547.36,458.4,15
Rajasthan,cotton,2023,9,7028.58,241.67,23
Rajasthan,cotton,2023,10,6881.85,187.63,26
Rajasthan,cotton,2023,11,6785.09,243.27,28
Rajasthan,cotton,2023,12,6444.52,452.13,26
Rajasthan,cotton,2024,1,6315.67,420.8,26
Rajasthan,cotton,2024,2,6287.35,416.67,26
Rajasthan,cotton,2024,3,6846.25,308.77,26
Rajasthan,cotton,2024,4,6638.78,387.41,17
Rajasthan,cotton,2024,5,6069.62,409.05,8
Rajasthan,cotton,2024,6,6394,393.53,5
Rajasthan,cotton,2024,9,6813.05,539.1,8
Rajasthan,cotton,2024,10,7708.62,300.18,26
Rajasthan,cotton,2024,11,7406.63,204.65,27
Rajasthan,cotton,2024,12,7229.2,199.28,27
Rajasthan,cotton,2025,1,7265.2,260.8,26
Rajasthan,cotton,2025,2,7144.12,250.48,25
Rajasthan,cotton,2025,3,7041.79,248.17,24
Rajasthan,cotton,2025,4,7260.98,179.53,12
Rajasthan,cotton,2025,5,7337.81,604.7,6
Rajasthan,cotton,2025,6,7914.31,0,1
Rajasthan,cotton,2025,7,7610,0,1
Rajasthan,cotton,2025,8,6236,374.77,2
Rajasthan,cotton,2025,9,7002.52,393.91,23
Rajasthan,cotton,2025,10,7121.35,278.23,28
Rajasthan,cotton,2025,11,7062.48,261.08,27
Rajasthan,cotton,2025,12,6973.64,261.47,26
Tamil Nadu,cotton,2021,1,5187.38,877.81,4
Tamil Nadu,cotton,2021,2,5476.09,547.92,7
Tamil Nadu,cotton,2021,3,5906.69,1156.44,10
Tamil Nadu,cotton,2021,4,5901.5,151.68,5
Tamil Nadu,cotton,2021,5,6126.75,187.46,4
Tamil Nadu,cotton,2021,6,6420.78,785.49,9
Tamil Nadu,cotton,2021,7,6844.01,545.57,11
Tamil Nadu,cotton,2021,8,7248.57,539.93,10
Tamil Nadu,cotton,2021,9,7080.11,380.45,10
Tamil Nadu,cotton,2021,10,7229.49,605.08,8
Tamil Nadu,cotton,2021,11,6947.7,760.67,7
Tamil Nadu,cotton,2021,12,7329.05,540.52,5
Tamil Nadu,cotton,2022,1,8927.44,975.85,7
Tamil Nadu,cotton,2022,2,9449.84,912.97,7
Tamil Nadu,cotton,2022,3,10294.84,872.73,7
Tamil Nadu,cotton,2022,4,11224.22,1520.5,6
Tamil Nadu,cotton,2022,5,12066.86,1203.37,6
Tamil Nadu,cotton,2022,6,9814.03,630.43,9
Tamil Nadu,cotton,2022,7,8858.34,811.33,15
Tamil Nadu,cotton,2022,8,10358.53,1639.67,13
Tamil Nadu,cotton,2022,9,8318.84,906.91,10
Tamil Nadu,cotton,2022,10,7609.89,821.13,7
Tamil Nadu,cotton,2022,11,6890.03,1728.63,7
Tamil Nadu,cotton,2022,12,6221.75,2098.06,5
Tamil Nadu,cotton,2023,1,6417.09,2529.53,6
Tamil Nadu,cotton,2023,2,7374.4,860.65,8
Tamil Nadu,cotton,2023,3,7542.93,213.34,5
Tamil Nadu,cotton,2023,4,7133.29,627.14,8
Tamil Nadu,cotton,2023,5,6780.27,1223.34,8
Tamil Nadu,cotton,2023,6,6242.57,419.46,9
Tamil Nadu,cotton,2023,7,6176.12,406.91,9
Tamil Nadu,cotton,2023,8,6869.17,492.14,13
Tamil Nadu,cotton,2023,9,6597.62,449.41,10
Tamil Nadu,cotton,2023,10,6479.35,436.13,10
Tamil Nadu,cotton,2023,11,6422.95,575.86,6
Tamil Nadu,cotton,2023,12,5862.32,1083.24,6
Tamil Nadu,cotton,2024,1,5580.28,1348.34,6
Tamil Nadu,cotton,2024,2,6223.51,743.94,5
Tamil Nadu,cotton,2024,3,7083.53,719.28,5
Tamil Nadu,cotton,2024,4,7190.56,720.74,4
Tamil Nadu,cotton,2024,5,6690.33,876.92,8
Tamil Nadu,cotton,2024,6,6587.35,729.51,15
Tamil Nadu,cotton,2024,7,6705.32,483.34,9
Tamil Nadu,cotton,2024,8,6730.41,0,1
Tamil Nadu,cotton,2024,9,7760,0,1
Telangana,cotton,2021,1,5188.78,275.42,10
Telangana,cotton,2021,2,5487.63,343.67,11
Telangana,cotton,2021,3,5496.95,510.04,11
Telangana,cotton,2021,10,7877.25,194.54,12
Telangana,cotton,2021,11,7737.66,209.94,13
Telangana,cotton,2021,12,7930.55,290.25,13
Telangana,cotton,2022,1,8862.56,1109.87,17
Telangana,cotton,2022,2,9031.49,1148.12,16
Telangana,cotton,2022,3,8851.79,1914.97,15
Telangana,cotton,2022,4,10276.33,1256.13,13
Telangana,cotton,2022,5,10706.11,1357.49,9
Telangana,cotton,2022,6,8732.47,2998.1,10
Telangana,cotton,2022,7,8468.91,1520.8,9
Telangana,cotton,2022,8,10218.42,920.31,6
Telangana,cotton,2022,9,8827.07,592.61,7
Telangana,cotton,2022,10,7597.79,1047.54,16
Telangana,cotton,2022,11,8346.54,356.48,19
Telangana,cotton,2022,12,7829.76,478.52,20
Telangana,cotton,2023,1,7787.26,257.52,22
Telangana,cotton,2023,2,7451.4,289.88,23
Telangana,cotton,2023,3,7181.48,360.87,21
Telangana,cotton,2023,4,7419.42,253.46,21
Telangana,cotton,2023,5,7099.05,281.01,18
Telangana,cotton,2023,6,6570.18,1284.25,17
Telangana,cotton,2023,7,6645.84,446.34,15
Telangana,cotton,2023,8,7037.46,321.03,13
Telangana,cotton,2023,9,7055.19,322.66,13
Telangana,cotton,2023,10,6851.94,297.43,13
Telangana,cotton,2023,11,6797.01,237.73,19
Telangana,cotton,2023,12,6566.23,277.68,17
Telangana,cotton,2024,1,6444.12,342.21,13
Telangana,cotton,2024,2,6489.78,243.12,12
Telangana,cotton,2024,3,7046.28,294.54,12
Telangana,cotton,2024,4,6882.61,325.98,8
Telangana,cotton,2024,5,6615.57,457.84,7
Telangana,cotton,2024,6,6782.39,413.05,5
Telangana,cotton,2024,7,7084.05,338.86,5
Telangana,cotton,2024,8,7064.82,401.16,4
Telangana,cotton,2024,9,7239,424.84,4
Telangana,cotton,2024,10,6567.27,375.91,11
Telangana,cotton,2024,11,6699.35,233.2,14
Telangana,cotton,2024,12,6879.85,265.77,15
Telangana,cotton,2025,1,6894.03,296.52,13
Telangana,cotton,2025,2,6646.33,325.96,11
Telangana,cotton,2025,3,6549.14,361.41,7
Telangana,cotton,2025,4,6908.47,436.76,6
Telangana,cotton,2025,5,6990.57,430.18,6
Telangana,cotton,2025,6,6865.57,512.72,5
Telangana,cotton,2025,7,7441.17,82.61,4
Telangana,cotton,2025,8,7413.39,207.9,4
Telangana,cotton,2025,9,6725.03,622.74,4
Telangana,cotton,2025,10,6389.59,451.03,11
Telangana,cotton,2025,11,6888.9,667.77,15
Telangana,cotton,2025,12,7202.56,637.58,13
Uttar Pradesh,cotton,2021,10,6624.01,0,1
Uttar Pradesh,cotton,2021,11,6541.4,0,1
Uttar Pradesh,cotton,2021,12,6450.91,0,1
Uttar Pradesh,cotton,2022,1,6342.47,0,1
Uttar Pradesh,cotton,2022,8,9889.47,0,1
Uttar Pradesh,cotton,2022,9,9339.37,0,1
Uttar Pradesh,cotton,2022,10,8250,0,1
Uttar Pradesh,cotton,2023,8,6400,0,1
Uttar Pradesh,cotton,2023,9,6361.25,0,1
Uttar Pradesh,cotton,2023,10,5836.11,0,1
Uttar Pradesh,cotton,2023,11,6000,0,1
Uttar Pradesh,cotton,2024,11,7609.26,0,1
Uttar Pradesh,cotton,2024,12,6600,0,1
Andhra Pradesh,maize,2021,1,1276.76,39.94,2
Andhra Pradesh,maize,2021,2,1329.43,15.7,2
Andhra Pradesh,maize,2021,3,1392.37,0,1
Andhra Pradesh,maize,2021,4,1311.21,0,1
Andhra Pradesh,maize,2021,5,1340.52,0,1
Andhra Pradesh,maize,2021,6,1417.54,0,1
Andhra Pradesh,maize,2021,7,1524.9,0,1
Andhra Pradesh,maize,2021,8,1386.8,0,1
Andhra Pradesh,maize,2021,9,1140.15,0,1
Andhra Pradesh,maize,2021,10,1509.14,155.7,2
Andhra Pradesh,maize,2021,11,1579.51,152.73,2
Andhra Pradesh,maize,2021,12,1542.37,20.89,2
Andhra Pradesh,maize,2022,1,1620.99,29.68,2
Andhra Pradesh,maize,2022,2,1650.84,57.06,2
Andhra Pradesh,maize,2022,3,1886.69,73.63,2
Andhra Pradesh,maize,2022,4,1986.59,166.64,2
Andhra Pradesh,maize,2022,5,1828.17,53.97,2
Andhra Pradesh,maize,2022,6,1908.76,24.16,2
Andhra Pradesh,maize,2022,7,1993.45,0,1
Andhra Pradesh,maize,2022,8,1820,0,1
Andhra Pradesh,maize,2022,9,1653.19,0,1
Andhra Pradesh,maize,2022,10,1806.27,0,1
Andhra Pradesh,maize,2022,11,1903.91,0,1
Andhra Pradesh,maize,2022,12,2096.43,0,1
Andhra Pradesh,maize,2023,1,2033.87,0,1
Andhra Pradesh,maize,2023,2,2087.88,0,1
Andhra Pradesh,maize,2023,3,1982.56,0,1
Andhra Pradesh,maize,2023,4,1688.45,0,1
Andhra Pradesh,maize,2023,5,1687.47,0,1
Andhra Pradesh,maize,2023,6,1543.54,0,1
Andhra Pradesh,maize,2023,7,2024.81,0,1
Andhra Pradesh,maize,2023,8,1727.54,0,1
Andhra Pradesh,maize,2023,9,1958.42,0,1
Andhra Pradesh,maize,2023,10,1920.49,0,1
Andhra Pradesh,maize,2023,11,1855.38,0,1
Andhra Pradesh,maize,2023,12,2058.44,0,1
Andhra Pradesh,maize,2024,1,2044.16,78.98,2
Andhra Pradesh,maize,2024,2,2088.89,19.48,2
Andhra Pradesh,maize,2024,3,2062.5,0,1
Andhra Pradesh,maize,2024,4,2091.29,0,1
Andhra Pradesh,maize,2024,5,2225.5,0,1
Andhra Pradesh,maize,2024,6,2291.88,0,1
Andhra Pradesh,maize,2024,7,2366.64,0,1
Andhra Pradesh,maize,2024,8,1912,0,1
Andhra Pradesh,maize,2024,10,2700,0,1
Andhra Pradesh,maize,2024,11,2354.67,276.25,2
Andhra Pradesh,maize,2024,12,2193.78,0,1
Andhra Pradesh,maize,2025,1,2146.41,216.15,3
Andhra Pradesh,maize,2025,2,2191.19,0,1
Andhra Pradesh,maize,2025,3,2278.93,287.14,3
Andhra Pradesh,maize,2025,4,2237.93,290.13,3
Andhra Pradesh,maize,2025,5,2221.62,273.98,3
Andhra Pradesh,maize,2025,6,2125.24,49.16,2
Andhra Pradesh,maize,2025,7,2116.95,0,1
Andhra Pradesh,maize,2025,8,2343.1,80.48,2
Andhra Pradesh,maize,2025,9,1973.47,0,1
Andhra Pradesh,maize,2025,10,1720.9,168.44,2
Andhra Pradesh,maize,2025,11,1696.83,0,1
Andhra Pradesh,maize,2025,12,2118.11,469.36,2
Bihar,maize,2022,5,2143.33,0,1
Bihar,maize,2022,6,2163.33,0,1
Bihar,maize,2022,7,2287.23,159.47,2
Bihar,maize,2022,10,2038.49,0,1
Bihar,maize,2022,11,2093.01,0,1
Bihar,maize,2023,1,2345.26,0,1
Chhattisgarh,maize,2021,1,1299.15,385.67,4
Chhattisgarh,maize,2021,2,1283.22,301.9,5
Chhattisgarh,maize,2021,3,1266.85,215.62,4
Chhattisgarh,maize,2021,4,1427.8,0,1
Chhattisgarh,maize,2021,6,1396.71,123.18,5
Chhattisgarh,maize,2021,7,1471.63,294.06,3
Chhattisgarh,maize,2021,8,1562.63,48.9,4
Chhattisgarh,maize,2021,9,1796.99,174.61,5
Chhattisgarh,maize,2021,10,1591.83,168.26,8
Chhattisgarh,maize,2021,11,1668.78,125.14,5
Chhattisgarh,maize,2021,12,1637.46,160.98,5
Chhattisgarh,maize,2022,1,1577.05,177.72,5
Chhattisgarh,maize,2022,2,1728.99,192.32,6
Chhattisgarh,maize,2022,3,1883.2,122.91,3
Chhattisgarh,maize,2022,4,1760,162.63,2
Chhattisgarh,maize,2022,5,1985.83,123.46,5
Chhattisgarh,maize,2022,6,1941.91,140.36,4
Chhattisgarh,maize,2022,7,2039.13,223.42,4
Chhattisgarh,maize,2022,8,2054.98,170.45,5
Chhattisgarh,maize,2022,9,2017.76,145.66,3
Chhattisgarh,maize,2022,10,1863.78,124.78,3
Chhattisgarh,maize,2022,11,2026.24,54.46,5
Chhattisgarh,maize,2022,12,2087.73,122.51,4
Chhattisgarh,maize,2023,1,2016.55,187.31,4
Chhattisgarh,maize,2023,2,2040.6,98.53,4
Chhattisgarh,maize,2023,3,1880.42,272.4,5
Chhattisgarh,maize,2023,4,1883.94,74.38,3
Chhattisgarh,maize,2023,5,1840.66,193.63,4
Chhattisgarh,maize,2023,6,1756.05,214.61,4
Chhattisgarh,maize,2023,7,1920.51,146.88,3
Chhattisgarh,maize,2023,8,1878.34,135.42,4
Chhattisgarh,maize,2023,9,1976.01,143.64,4
Chhattisgarh,maize,2023,10,1905.7,121.61,5
Chhattisgarh,maize,2023,11,1991.32,99.03,5
Chhattisgarh,maize,2023,12,1967.27,253.48,4
Chhattisgarh,maize,2024,1,2011.22,126.06,5
Chhattisgarh,maize,2024,2,2037.14,75.29,5
Chhattisgarh,maize,2024,3,2103.11,139,4
Chhattisgarh,maize,2024,4,1991.22,193.92,4
Chhattisgarh,maize,2024,5,2028.13,44.96,4
Chhattisgarh,maize,2024,6,2077.07,89.55,5
Chhattisgarh,maize,2024,7,2187.15,106.56,4
Chhattisgarh,maize,2024,8,2211.32,119.05,3
Chhattisgarh,maize,2024,9,2119.78,168.13,4
Chhattisgarh,maize,2024,10,2063.33,54.84,3
Chhattisgarh,maize,2024,11,2147.31,98.04,5
Chhattisgarh,maize,2024,12,2249.83,169.02,5
Chhattisgarh,maize,2025,1,2297.19,243.72,5
Chhattisgarh,maize,2025,2,2272.47,246.54,5
Chhattisgarh,maize,2025,3,2188.07,71.39,4
Chhattisgarh,maize,2025,4,2108.45,187.13,4
Chhattisgarh,maize,2025,5,2011.6,184.1,6
Chhattisgarh,maize,2025,6,2066.11,202.19,5
Chhattisgarh,maize,2025,7,2087.39,216.51,6
Chhattisgarh,maize,2025,8,2074.32,237.29,5
Chhattisgarh,maize,2025,9,1936.91,340.5,8
Chhattisgarh,maize,2025,10,2107.81,390.88,6
Chhattisgarh,maize,2025,11,2108.45,256.55,3
Chhattisgarh,maize,2025,12,2260.89,819.25,3
Gujarat,maize,2021,1,1512.53,134.81,12
Gujarat,maize,2021,2,1744.95,1151.65,15
Gujarat,maize,2021,3,1726.85,879.37,15
Gujarat,maize,2021,4,1583.02,153.45,12
Gujarat,maize,2021,5,1797.5,237.23,4
Gujarat,maize,2021,6,1628.21,112.63,11
Gujarat,maize,2021,7,1793.38,154.91,11
Gujarat,maize,2021,8,1896.99,188.81,11
Gujarat,maize,2021,9,1778.41,164.92,10
Gujarat,maize,2021,10,1699.58,204.92,17
Gujarat,maize,2021,11,1717.31,136.75,14
Gujarat,maize,2021,12,1704.81,177.25,15
Gujarat,maize,2022,1,1815.04,175.8,14
Gujarat,maize,2022,2,1849.05,155.1,15
Gujarat,maize,2022,3,1979.58,244.96,14
Gujarat,maize,2022,4,2160.18,209.68,14
Gujarat,maize,2022,5,2129.74,167.21,17
Gujarat,maize,2022,6,2207.87,169.75,19
Gujarat,maize,2022,7,2249.17,165.42,17
Gujarat,maize,2022,8,2323.9,298.73,13
Gujarat,maize,2022,9,2310.94,234.09,17
Gujarat,maize,2022,10,2395.22,219.58,17
Gujarat,maize,2022,11,2230.4,266.08,15
Gujarat,maize,2022,12,2267.54,207.88,17
Gujarat,maize,2023,1,2375.66,281.53,14
Gujarat,maize,2023,2,2404.26,233.16,15
Gujarat,maize,2023,3,2295.86,206.96,15
Gujarat,maize,2023,4,2194.74,243.85,15
Gujarat,maize,2023,5,2056.19,164.61,15
Gujarat,maize,2023,6,2222.92,254.59,19
Gujarat,maize,2023,7,2293.7,313.7,17
Gujarat,maize,2023,8,2136.37,226.59,16
Gujarat,maize,2023,9,2221.71,257.17,12
Gujarat,maize,2023,10,2138.12,261.03,17
Gujarat,maize,2023,11,2178.44,304.31,13
Gujarat,maize,2023,12,2288.04,181.86,12
Gujarat,maize,2024,1,2361.92,177.81,11
Gujarat,maize,2024,2,2346.82,136.5,16
Gujarat,maize,2024,3,2393.11,203.31,18
Gujarat,maize,2024,4,2171.43,173.85,21
Gujarat,maize,2024,5,2226.73,160.39,26
Gujarat,maize,2024,6,2349.55,210.24,21
Gujarat,maize,2024,7,2431.41,192.14,20
Gujarat,maize,2024,8,2423.23,272.46,22
Gujarat,maize,2024,9,2507.37,306.54,26
Gujarat,maize,2024,10,2439.99,264.16,24
Gujarat,maize,2024,11,2372.69,257.64,22
Gujarat,maize,2024,12,2381.31,279.5,23
Gujarat,maize,2025,1,2464.47,204.57,18
Gujarat,maize,2025,2,2542.8,255.22,17
Gujarat,maize,2025,3,2490.12,268.6,19
Gujarat,maize,2025,4,2245.8,241.07,20
Gujarat,maize,2025,5,2207.2,242.93,25
Gujarat,maize,2025,6,2293.87,436.34,25
Gujarat,maize,2025,7,2239.32,349.64,21
Gujarat,maize,2025,8,2232.73,393.15,22
Gujarat,maize,2025,9,2191.57,174.32,20
Gujarat,maize,2025,10,2172.03,296.04,20
Gujarat,maize,2025,11,2127.74,485.59,24
Gujarat,maize,2025,12,1985.13,223.92,16
Haryana,maize,2021,3,783.63,654.25,2
Haryana,maize,2021,5,1380,0,1
Haryana,maize,2021,6,1411.38,67.48,3
Haryana,maize,2021,7,1467.15,162.99,3
Haryana,maize,2021,8,1650,0,1
Haryana,maize,2021,9,1650,0,1
Haryana,maize,2021,10,1865.72,12.16,3
Haryana,maize,2021,11,1921.43,0,1
Haryana,maize,2022,5,1876.78,407.16,3
Haryana,maize,2022,6,1864.54,186.32,9
Haryana,maize,2022,7,1819.01,233.27,7
Haryana,maize,2022,8,1927.07,410.19,4
Haryana,maize,2022,9,2186.17,155.7,3
Haryana,maize,2022,10,2214.86,122.48,2
Haryana,maize,2022,11,2091.52,171.86,2
Haryana,maize,2022,12,2134.33,189.97,2
Haryana,maize,2023,1,2250.12,0,1
Haryana,maize,2023,2,2250,0,1
Haryana,maize,2023,3,2250,0,1
Haryana,maize,2023,4,2250,0,1
Haryana,maize,2023,5,1536.11,517.77,3
Haryana,maize,2023,6,1704.8,944.69,12
Haryana,maize,2023,7,1361.21,461.13,11
Haryana,maize,2023,8,1669.47,206.88,8
Haryana,maize,2023,9,2073.28,370.07,4
Haryana,maize,2023,10,5227.27,0,1
Haryana,maize,2023,11,2204.4,259.65,3
Haryana,maize,2023,12,2100,0,1
Haryana,maize,2024,1,2371.43,0,1
Haryana,maize,2024,3,2223.22,0,1
Haryana,maize,2024,5,1844.05,381.59,4
Haryana,maize,2024,6,1976.05,205.78,9
Haryana,maize,2024,7,2020.99,204.34,8
Haryana,maize,2024,8,2078.85,272.56,8
Haryana,maize,2024,9,2338.96,205.7,3
Haryana,maize,2024,10,2222.78,537.7,4
Haryana,maize,2024,11,2563.57,447.5,2
Haryana,maize,2024,12,2187.5,1042.98,2
Haryana,maize,2025,1,1800,0,1
Haryana,maize,2025,2,3000,282.84,2
Haryana,maize,2025,6,1984.15,252.9,8
Haryana,maize,2025,7,1922.49,270.88,6
Haryana,maize,2025,8,2097.51,245.81,3
Haryana,maize,2025,9,2034.54,505.86,4
Haryana,maize,2025,10,2377.8,0,1
Haryana,maize,2025,11,1600,0,1
Haryana,maize,2025,12,1500,0,1
Jharkhand,maize,2021,1,1700,0,1
Jharkhand,maize,2021,2,1700,0,1
Jharkhand,maize,2021,3,1700,0,1
Jharkhand,maize,2021,4,1700,0,1
Jharkhand,maize,2021,5,1700,0,1
Jharkhand,maize,2021,6,1700,0,1
Jharkhand,maize,2021,7,1700,0,1
Karnataka,maize,2021,1,1304.17,0,1
Karnataka,maize,2021,2,1738.46,0,1
Karnataka,maize,2021,3,1573.08,0,1
Karnataka,maize,2021,4,1550,0,1
Karnataka,maize,2021,8,1571.15,0,1
Karnataka,maize,2021,9,1600,0,1
Karnataka,maize,2021,10,1800,0,1
Karnataka,maize,2022,5,2142.86,0,1
Karnataka,maize,2022,6,2106.6,0,1
Karnataka,maize,2022,7,2600,0,1
Karnataka,maize,2022,8,2312.5,0,1
Karnataka,maize,2022,9,2737.5,0,1
Karnataka,maize,2022,10,2715,0,1
Karnataka,maize,2022,12,2150,0,1
Karnataka,maize,2023,2,2275,0,1
Karnataka,maize,2023,4,2216.67,0,1
Karnataka,maize,2023,5,2550,0,1
Karnataka,maize,2023,6,2800,0,1
Karnataka,maize,2023,7,2083.33,0,1
Karnataka,maize,2023,8,2100,0,1
Karnataka,maize,2023,9,2100,0,1
Karnataka,maize,2023,10,2105.5,0,1
Karnataka,maize,2023,11,2000,0,1
Karnataka,maize,2024,3,2240,0,1
Karnataka,maize,2024,4,2355,0,1
Karnataka,maize,2024,5,2075,0,1
Karnataka,maize,2024,7,2235.71,0,1
Karnataka,maize,2024,8,2170,0,1
Karnataka,maize,2024,9,2600,0,1
Karnataka,maize,2024,10,2200,282.84,2
Karnataka,maize,2024,11,2351.44,194.54,2
Karnataka,maize,2024,12,2197.33,17.44,2
Karnataka,maize,2025,1,2189.38,20.34,2
Karnataka,maize,2025,2,2191.11,105.27,2
Karnataka,maize,2025,3,2428.32,0,1
Karnataka,maize,2025,11,1900.34,0,1
Karnataka,maize,2025,12,1850.39,71.26,2
Madhya Pradesh,maize,2021,1,1194.22,91.34,55
Madhya Pradesh,maize,2021,2,1197.99,74.39,62
Madhya Pradesh,maize,2021,3,1248.25,89.61,60
Madhya Pradesh,maize,2021,4,1273.98,100.66,45
Madhya Pradesh,maize,2021,5,1425.74,113.42,20
Madhya Pradesh,maize,2021,6,1456.48,146.59,53
Madhya Pradesh,maize,2021,7,1630.05,136.06,51
Madhya Pradesh,maize,2021,8,1649.17,181.33,51
Madhya Pradesh,maize,2021,9,1487.77,217.72,56
Madhya Pradesh,maize,2021,10,1377.58,123.84,73
Madhya Pradesh,maize,2021,11,1471.07,102.41,75
Madhya Pradesh,maize,2021,12,1534.14,96.57,73
Madhya Pradesh,maize,2022,1,1643.52,107.64,72
Madhya Pradesh,maize,2022,2,1786.33,138.42,62
Madhya Pradesh,maize,2022,3,1917.84,166.98,65
Madhya Pradesh,maize,2022,4,1968.82,212.35,59
Madhya Pradesh,maize,2022,5,2039.04,508.96,53
Madhya Pradesh,maize,2022,6,1901.28,206.25,53
Madhya Pradesh,maize,2022,7,1971.93,225.19,50
Madhya Pradesh,maize,2022,8,2051.62,253.38,46
Madhya Pradesh,maize,2022,9,1910.13,310.45,49
Madhya Pradesh,maize,2022,10,1740.12,175.83,68
Madhya Pradesh,maize,2022,11,1909.75,157.94,71
Madhya Pradesh,maize,2022,12,2003.71,139.71,68
Madhya Pradesh,maize,2023,1,2050.08,169.05,64
Madhya Pradesh,maize,2023,2,2036.97,459.32,62
Madhya Pradesh,maize,2023,3,1916.61,206.89,59
Madhya Pradesh,maize,2023,4,1851.49,199.86,47
Madhya Pradesh,maize,2023,5,1752.12,157.4,41
Madhya Pradesh,maize,2023,6,1851.45,416.18,46
Madhya Pradesh,maize,2023,7,1921.41,256.17,44
Madhya Pradesh,maize,2023,8,1907.29,157.15,44
Madhya Pradesh,maize,2023,9,1843.1,179.98,37
Madhya Pradesh,maize,2023,10,1793.31,142.68,69
Madhya Pradesh,maize,2023,11,1971.92,124.02,73
Madhya Pradesh,maize,2023,12,2006.42,136.36,74
Madhya Pradesh,maize,2024,1,2067.81,123.14,36
Madhya Pradesh,maize,2024,2,2061.04,135.76,54
Madhya Pradesh,maize,2024,3,2097.39,145.01,56
Madhya Pradesh,maize,2024,4,2055.33,131.71,47
Madhya Pradesh,maize,2024,5,2091.07,115.91,49
Madhya Pradesh,maize,2024,6,2133.63,195.61,47
Madhya Pradesh,maize,2024,7,2238.37,337.78,49
Madhya Pradesh,maize,2024,8,2298.06,235.33,47
Madhya Pradesh,maize,2024,9,2021.48,361.87,46
Madhya Pradesh,maize,2024,10,2060.72,212.86,71
Madhya Pradesh,maize,2024,11,2162.75,106.23,74
Madhya Pradesh,maize,2024,12,2215.9,127.18,74
Madhya Pradesh,maize,2025,1,2248.24,140.51,70
Madhya Pradesh,maize,2025,2,2176.62,144.99,68
Madhya Pradesh,maize,2025,3,2112.93,168.86,60
Madhya Pradesh,maize,2025,4,2063.94,127.35,58
Madhya Pradesh,maize,2025,5,2036.19,143.69,61
Madhya Pradesh,maize,2025,6,2047.21,158.67,61
Madhya Pradesh,maize,2025,7,2086.36,121.01,58
Madhya Pradesh,maize,2025,8,2100.44,126.31,60
Madhya Pradesh,maize,2025,9,1866.88,266.08,59
Madhya Pradesh,maize,2025,10,1664.14,203.32,79
Madhya Pradesh,maize,2025,11,1575.93,126.78,81
Madhya Pradesh,maize,2025,12,1606.81,105.4,85
Maharashtra,maize,2021,1,1316.82,233.77,52
Maharashtra,maize,2021,2,1319.59,205.16,49
Maharashtra,maize,2021,3,1449.63,450.25,48
Maharashtra,maize,2021,4,1418.86,183.85,49
Maharashtra,maize,2021,5,1485.65,189.25,43
Maharashtra,maize,2021,6,1545.93,210.6,51
Maharashtra,maize,2021,7,1716.54,176.95,44
Maharashtra,maize,2021,8,1838.15,547.83,42
Maharashtra,maize,2021,9,1653.22,223.7,49
Maharashtra,maize,2021,10,1494.69,233.43,50
Maharashtra,maize,2021,11,1558.76,202.94,52
Maharashtra,maize,2021,12,1609.24,152.22,49
Maharashtra,maize,2022,1,1700.03,181.64,48
Maharashtra,maize,2022,2,1830.17,175.68,48
Maharashtra,maize,2022,3,2010.45,187.24,45
Maharashtra,maize,2022,4,2137.43,172,48
Maharashtra,maize,2022,5,2081.37,210.62,48
Maharashtra,maize,2022,6,2032.29,218.35,46
Maharashtra,maize,2022,7,2237.29,376.81,41
Maharashtra,maize,2022,8,2350.89,217.02,35
Maharashtra,maize,2022,9,2138.36,304.48,32
Maharashtra,maize,2022,10,1977.79,332.11,47
Maharashtra,maize,2022,11,1975.34,232.31,52
Maharashtra,maize,2022,12,2122.89,330.23,49
Maharashtra,maize,2023,1,2119.9,220.51,42
Maharashtra,maize,2023,2,2107.54,242.61,44
Maharashtra,maize,2023,3,2069.11,220.72,45
Maharashtra,maize,2023,4,1977.65,286.75,50
Maharashtra,maize,2023,5,1807.11,332.07,53
Maharashtra,maize,2023,6,1837.39,342.44,57
Maharashtra,maize,2023,7,2058.94,308.73,41
Maharashtra,maize,2023,8,2101.9,308.98,42
Maharashtra,maize,2023,9,2110.87,403.82,34
Maharashtra,maize,2023,10,1984.99,362.47,47
Maharashtra,maize,2023,11,2121.57,314.74,49
Maharashtra,maize,2023,12,2134.47,279.45,52
Maharashtra,maize,2024,1,2175.54,260.23,47
Maharashtra,maize,2024,2,2170.24,225.77,44
Maharashtra,maize,2024,3,2132.57,236.43,48
Maharashtra,maize,2024,4,2132.16,258.63,46
Maharashtra,maize,2024,5,2137.23,253.3,52
Maharashtra,maize,2024,6,2254.65,258.59,46
Maharashtra,maize,2024,7,2425.78,244.74,38
Maharashtra,maize,2024,8,2472.46,291.6,38
Maharashtra,maize,2024,9,2086.96,391.71,38
Maharashtra,maize,2024,10,2052.11,431.31,52
Maharashtra,maize,2024,11,2084.82,332.46,55
Maharashtra,maize,2024,12,2154.25,227.69,50
Maharashtra,maize,2025,1,2241.61,217.03,55
Maharashtra,maize,2025,2,2166.67,235.32,48
Maharashtra,maize,2025,3,2185.01,281.73,53
Maharashtra,maize,2025,4,2143.09,262.79,56
Maharashtra,maize,2025,5,2075.27,246.53,56
Maharashtra,maize,2025,6,2049.27,264.14,53
Maharashtra,maize,2025,7,2126.26,230.64,51
Maharashtra,maize,2025,8,2215.59,238.78,46
Maharashtra,maize,2025,9,2000.49,357.12,45
Maharashtra,maize,2025,10,1820.19,364.01,50
Maharashtra,maize,2025,11,1634.14,313.5,53
Maharashtra,maize,2025,12,1738.71,313.36,49
Nagaland,maize,2021,6,2000,0,1
Nagaland,maize,2021,7,2500,0,1
Nagaland,maize,2021,8,3100,0,1
Nagaland,maize,2021,9,3000,848.53,2
Nagaland,maize,2021,10,3600,0,1
Nagaland,maize,2022,7,3400,0,1
Nagaland,maize,2022,8,4421.31,1697.14,4
Nagaland,maize,2022,9,3073.03,214.93,2
Nagaland,maize,2022,10,4060,0,1
Nagaland,maize,2023,5,2360.61,147.94,2
Nagaland,maize,2023,6,4788.96,1915.17,3
Nagaland,maize,2023,7,7322.24,1722.14,3
Nagaland,maize,2023,8,8265.11,2198.16,4
Nagaland,maize,2023,9,7216.52,2420.58,4
Nagaland,maize,2025,5,3500,0,1
Nagaland,maize,2025,8,3800,0,1
Odisha,maize,2021,1,1507.7,283.43,2
Odisha,maize,2021,2,1566.72,264.41,3
Odisha,maize,2021,3,1645.1,236.27,4
Odisha,maize,2021,4,1614.21,450.92,2
Odisha,maize,2021,5,1508.99,270.14,2
Odisha,maize,2021,6,1525.95,253.21,2
Odisha,maize,2021,7,1377.69,0,1
Odisha,maize,2021,8,1467.34,0,1
Odisha,maize,2021,9,1700.7,204.05,3
Odisha,maize,2021,10,1694.08,161.61,3
Odisha,maize,2021,11,1803.74,152.15,2
Odisha,maize,2021,12,2077.56,597.42,2
Odisha,maize,2022,1,1836.8,421.41,3
Odisha,maize,2022,2,1634.99,155.48,3
Odisha,maize,2022,3,2048.32,638.78,2
Odisha,maize,2022,4,2627.5,818.68,3
Odisha,maize,2022,5,2081.62,0,1
Odisha,maize,2022,6,2192.64,288.42,3
Odisha,maize,2022,7,1842.84,222.26,2
Odisha,maize,2022,8,2148.11,609.49,3
Odisha,maize,2022,9,1750.19,429.48,2
Odisha,maize,2022,10,1918.43,408.47,2
Odisha,maize,2022,11,1867.24,200.4,3
Odisha,maize,2022,12,1874.77,141.75,2
Odisha,maize,2023,1,1912.76,133.71,4
Odisha,maize,2023,2,1889.43,236.14,3
Odisha,maize,2023,3,1927.58,102.42,2
Odisha,maize,2023,4,2110.13,268.52,2
Odisha,maize,2023,5,1814,342.59,2
Odisha,maize,2023,6,1633.79,0,1
Odisha,maize,2023,7,1788.24,299.48,2
Odisha,maize,2023,8,1817.92,327.83,2
Odisha,maize,2023,9,2485.41,623.58,3
Odisha,maize,2023,10,1898.51,185.95,2
Odisha,maize,2023,11,2068.51,54.63,4
Odisha,maize,2023,12,2071.82,89.29,4
Odisha,maize,2024,1,2116.67,28.87,3
Odisha,maize,2024,2,2121.24,25.83,3
Odisha,maize,2024,3,2108.51,23.69,5
Odisha,maize,2024,4,2068.64,59.52,3
Odisha,maize,2024,5,2101.09,98.41,3
Odisha,maize,2024,6,2116.67,104.08,3
Odisha,maize,2024,7,2116.67,104.08,3
Odisha,maize,2024,8,2167.93,45.36,2
Odisha,maize,2024,9,2187.93,17.08,2
Odisha,maize,2024,10,2100,141.42,2
Odisha,maize,2024,11,2146.48,119.62,3
Odisha,maize,2024,12,2158.28,64.47,3
Odisha,maize,2025,1,2235.11,124.34,3
Odisha,maize,2025,2,2270.44,97.19,3
Odisha,maize,2025,3,2279.31,112.4,3
Odisha,maize,2025,4,2212.5,17.68,2
Odisha,maize,2025,5,2188.04,16.91,2
Odisha,maize,2025,6,2167.73,45.63,2
Odisha,maize,2025,7,2200,0,1
Odisha,maize,2025,8,2466.67,642.91,3
Odisha,maize,2025,9,2200,0,1
Odisha,maize,2025,10,2600,565.69,2
Odisha,maize,2025,11,2264.81,0,1
Odisha,maize,2025,12,2200,0,1
Puducherry,maize,2023,7,2077,0,1
Puducherry,maize,2023,9,1940.74,0,1
Puducherry,maize,2023,10,2178.7,0,1
Punjab,maize,2021,6,1178.62,184.17,2
Punjab,maize,2021,7,1249.93,351.97,3
Punjab,maize,2021,8,1166.64,488.73,2
Punjab,maize,2021,9,1545.94,0,1
Punjab,maize,2022,4,2150,0,1
Punjab,maize,2022,6,1603.12,252.02,5
Punjab,maize,2022,7,1605.58,303.26,5
Punjab,maize,2022,8,1635.88,405.72,5
Punjab,maize,2022,9,1949.66,340.6,3
Punjab,maize,2023,6,1338.08,211.75,8
Punjab,maize,2023,7,1444.52,256,7
Punjab,maize,2023,8,1200.86,292.86,3
Punjab,maize,2023,9,1225,0,1
Punjab,maize,2024,2,2500,0,1
Punjab,maize,2024,4,2100,141.42,2
Punjab,maize,2024,5,2000,0,2
Punjab,maize,2024,6,1938.28,220.17,7
Punjab,maize,2024,7,1938.81,344.98,7
Punjab,maize,2024,8,1985.58,446.23,7
Punjab,maize,2024,9,2153.71,535.66,5
Punjab,maize,2024,10,2078.65,770.02,3
Punjab,maize,2024,11,2440,0,1
Punjab,maize,2024,12,2539.27,0,1
Punjab,maize,2025,6,2047.15,364.06,7
Punjab,maize,2025,7,1910.6,315.77,8
Punjab,maize,2025,8,2040.57,114.67,4
Punjab,maize,2025,9,2038.38,212.61,3
Punjab,maize,2025,10,1992.22,180.71,2
Punjab,maize,2025,11,2037.94,0,1
Punjab,maize,2025,12,1901.89,0,1
Rajasthan,maize,2021,1,1459.09,263.57,27
Rajasthan,maize,2021,2,1420.67,263.96,30
Rajasthan,maize,2021,3,1395.5,318.9,28
Rajasthan,maize,2021,4,1511.7,191.26,22
Rajasthan,maize,2021,5,1545.96,134.15,5
Rajasthan,maize,2021,6,1570.23,159.38,21
Rajasthan,maize,2021,7,1736.25,124.01,20
Rajasthan,maize,2021,8,1847.45,205.64,21
Rajasthan,maize,2021,9,1800.98,293.6,21
Rajasthan,maize,2021,10,1872.56,859.18,29
Rajasthan,maize,2021,11,1834,329.63,34
Rajasthan,maize,2021,12,1797.76,318.46,32
Rajasthan,maize,2022,1,1818.47,415.15,32
Rajasthan,maize,2022,2,1958.61,423.13,30
Rajasthan,maize,2022,3,2074.7,433.29,28
Rajasthan,maize,2022,4,2119.37,474.13,21
Rajasthan,maize,2022,5,2289.24,216.65,18
Rajasthan,maize,2022,6,2154.2,510.21,21
Rajasthan,maize,2022,7,2160.77,542.54,22
Rajasthan,maize,2022,8,2238.45,652.44,19
Rajasthan,maize,2022,9,1996.85,549.93,22
Rajasthan,maize,2022,10,1930.12,447.06,31
Rajasthan,maize,2022,11,2047.5,434.28,35
Rajasthan,maize,2022,12,2170.42,470.47,34
Rajasthan,maize,2023,1,2238.32,427.98,31
Rajasthan,maize,2023,2,2173.66,412.67,30
Rajasthan,maize,2023,3,2073.11,432.89,24
Rajasthan,maize,2023,4,2058.86,459.32,22
Rajasthan,maize,2023,5,1903.98,552.58,15
Rajasthan,maize,2023,6,1918.2,534.91,20
Rajasthan,maize,2023,7,1900.68,491.34,19
Rajasthan,maize,2023,8,2032.96,563.98,16
Rajasthan,maize,2023,9,1927.05,490.3,23
Rajasthan,maize,2023,10,1990.69,444.81,36
Rajasthan,maize,2023,11,2108,470.52,36
Rajasthan,maize,2023,12,2138.81,480.23,33
Rajasthan,maize,2024,1,2349.26,341.43,31
Rajasthan,maize,2024,2,2294.35,322.13,29
Rajasthan,maize,2024,3,2319.42,271.69,25
Rajasthan,maize,2024,4,2214.81,244.86,20
Rajasthan,maize,2024,5,2218.02,199.64,20
Rajasthan,maize,2024,6,2222.58,222.46,18
Rajasthan,maize,2024,7,2339.46,251.65,24
Rajasthan,maize,2024,8,2471.78,255.11,18
Rajasthan,maize,2024,9,2303.07,374.49,25
Rajasthan,maize,2024,10,2316.81,299.95,33
Rajasthan,maize,2024,11,2390.84,213.7,40
Rajasthan,maize,2024,12,2466.69,289.11,37
Rajasthan,maize,2025,1,2495.79,250.74,30
Rajasthan,maize,2025,2,2399.16,276.55,27
Rajasthan,maize,2025,3,2412.26,378.25,25
Rajasthan,maize,2025,4,2306.59,335.11,19
Rajasthan,maize,2025,5,2249.14,415.48,18
Rajasthan,maize,2025,6,2131.12,287.72,22
Rajasthan,maize,2025,7,2194.48,365.42,19
Rajasthan,maize,2025,8,2186.18,265.44,19
Rajasthan,maize,2025,9,2115.24,433.52,21
Rajasthan,maize,2025,10,2005.48,389.62,32
Rajasthan,maize,2025,11,2047.84,485.39,37
Rajasthan,maize,2025,12,2033.52,455.62,30
Tamil Nadu,maize,2021,1,1364.49,151.3,22
Tamil Nadu,maize,2021,2,1384.99,172.35,26
Tamil Nadu,maize,2021,3,1490.16,147,23
Tamil Nadu,maize,2021,4,1617.64,95.6,18
Tamil Nadu,maize,2021,5,1645.03,99.24,16
Tamil Nadu,maize,2021,6,1705.83,177.55,18
Tamil Nadu,maize,2021,7,1812.84,106.92,19
Tamil Nadu,maize,2021,8,1797.69,205.84,25
Tamil Nadu,maize,2021,9,1867.04,139.41,22
Tamil Nadu,maize,2021,10,1729.91,157.46,19
Tamil Nadu,maize,2021,11,1627.43,267.81,19
Tamil Nadu,maize,2021,12,1656.65,175.57,15
Tamil Nadu,maize,2022,1,1766.04,168.89,19
Tamil Nadu,maize,2022,2,1926.16,103.2,18
Tamil Nadu,maize,2022,3,2086.16,369.05,18
Tamil Nadu,maize,2022,4,2207.81,135.67,18
Tamil Nadu,maize,2022,5,2137.68,278.68,15
Tamil Nadu,maize,2022,6,2218.78,177.85,16
Tamil Nadu,maize,2022,7,2339.61,106.94,21
Tamil Nadu,maize,2022,8,2313.82,223.73,19
Tamil Nadu,maize,2022,9,2123.98,172.25,19
Tamil Nadu,maize,2022,10,2018.79,280.85,20
Tamil Nadu,maize,2022,11,2062.48,163.56,20
Tamil Nadu,maize,2022,12,2131.1,128.5,18
Tamil Nadu,maize,2023,1,2151.99,182.02,22
Tamil Nadu,maize,2023,2,2145.92,110.16,25
Tamil Nadu,maize,2023,3,2130.22,100.3,22
Tamil Nadu,maize,2023,4,2095.54,215.02,16
Tamil Nadu,maize,2023,5,1918.21,155.06,16
Tamil Nadu,maize,2023,6,1962.72,87.81,23
Tamil Nadu,maize,2023,7,2137.84,87.52,23
Tamil Nadu,maize,2023,8,2192.27,114.55,26
Tamil Nadu,maize,2023,9,2160.14,139.07,30
Tamil Nadu,maize,2023,10,2092.34,167.29,27
Tamil Nadu,maize,2023,11,2109.5,217.53,30
Tamil Nadu,maize,2023,12,2195.37,261.22,26
Tamil Nadu,maize,2024,1,2165.36,122.73,25
Tamil Nadu,maize,2024,2,2181.56,148.12,28
Tamil Nadu,maize,2024,3,2169.47,118.46,24
Tamil Nadu,maize,2024,4,2192.92,129.43,21
Tamil Nadu,maize,2024,5,2224.58,180.89,28
Tamil Nadu,maize,2024,6,2289.13,179.78,25
Tamil Nadu,maize,2024,7,2890.38,503.67,15
Tamil Nadu,maize,2024,8,3222.83,522.03,4
Tamil Nadu,maize,2024,9,3118.43,383.01,4
Tamil Nadu,maize,2024,10,3110.82,302.01,4
Tamil Nadu,maize,2024,11,3150,597.22,4
Tamil Nadu,maize,2024,12,3188.36,579.35,4
Tamil Nadu,maize,2025,1,3169.03,191.43,4
Tamil Nadu,maize,2025,2,3225.87,610.85,4
Tamil Nadu,maize,2025,3,2923.78,415.96,4
Tamil Nadu,maize,2025,4,2792.42,713.23,4
Tamil Nadu,maize,2025,5,2869.39,844.08,4
Tamil Nadu,maize,2025,6,3254.14,641.91,4
Tamil Nadu,maize,2025,7,3233.24,554.69,4
Tamil Nadu,maize,2025,8,3368.45,603.68,4
Tamil Nadu,maize,2025,9,3188.23,694.86,4
Tamil Nadu,maize,2025,10,3224.72,590.66,4
Tamil Nadu,maize,2025,11,3200.32,571.77,4
Tamil Nadu,maize,2025,12,3127.89,533.97,4
Telangana,maize,2021,1,1299.27,119.24,5
Telangana,maize,2021,2,1409.73,70.52,8
Telangana,maize,2021,3,1471.02,110.37,7
Telangana,maize,2021,4,1516.27,59.92,16
Telangana,maize,2021,7,1648.52,150.44,9
Telangana,maize,2021,8,1668.57,167.67,6
Telangana,maize,2021,9,1640.74,154.64,9
Telangana,maize,2021,10,1670.2,116.81,27
Telangana,maize,2021,11,1668.23,121.86,24
Telangana,maize,2021,12,1771.97,55.55,10
Telangana,maize,2022,1,1748.66,129,23
Telangana,maize,2022,2,1960.28,105.06,21
Telangana,maize,2022,3,2130.94,165.39,26
Telangana,maize,2022,4,2148.26,129.44,25
Telangana,maize,2022,5,2019.86,102.15,27
Telangana,maize,2022,6,2074.55,127.54,25
Telangana,maize,2022,7,2157.27,222.39,21
Telangana,maize,2022,8,2066.75,350.78,15
Telangana,maize,2022,9,2036.11,192.7,20
Telangana,maize,2022,10,1983.27,184.49,29
Telangana,maize,2022,11,2092.03,130.21,27
Telangana,maize,2022,12,2138.05,163.71,27
Telangana,maize,2023,1,2184.64,136.87,23
Telangana,maize,2023,2,2166.04,109.71,22
Telangana,maize,2023,3,2135.75,163.94,26
Telangana,maize,2023,4,1839.73,69.63,27
Telangana,maize,2023,5,1749.1,94.71,27
Telangana,maize,2023,6,1755.42,122.5,25
Telangana,maize,2023,7,1988.71,148.2,22
Telangana,maize,2023,8,2049.75,173.74,17
Telangana,maize,2023,9,1956.41,271.17,22
Telangana,maize,2023,10,2042.89,139.84,24
Telangana,maize,2023,11,2137.94,240.01,24
Telangana,maize,2023,12,2240.28,95.46,23
Telangana,maize,2024,1,2247.38,112.52,12
Telangana,maize,2024,2,2226.31,115.59,22
Telangana,maize,2024,3,2147.44,75.01,23
Telangana,maize,2024,4,2144.34,70.5,29
Telangana,maize,2024,5,2175.08,87.55,25
Telangana,maize,2024,6,2256.8,133.32,22
Telangana,maize,2024,7,2297.7,180.99,15
Telangana,maize,2024,8,2446.57,210.09,14
Telangana,maize,2024,9,2229.51,303.35,23
Telangana,maize,2024,10,2259.06,144.04,24
Telangana,maize,2024,11,2329.71,98.17,25
Telangana,maize,2024,12,2322.22,108.79,19
Telangana,maize,2025,1,2261.45,291.08,14
Telangana,maize,2025,2,2234.29,100.96,21
Telangana,maize,2025,3,2206.95,90.93,22
Telangana,maize,2025,4,2165.07,91,21
Telangana,maize,2025,5,2128.26,98.25,20
Telangana,maize,2025,6,2100.28,124.98,22
Telangana,maize,2025,7,2193.33,153.14,18
Telangana,maize,2025,8,2108.82,265.39,14
Telangana,maize,2025,9,1987.96,255.32,20
Telangana,maize,2025,10,1913.02,179.51,25
Telangana,maize,2025,11,1931.89,315.29,25
Telangana,maize,2025,12,2053.69,425.91,19
Uttar Pradesh,maize,2021,1,1699.1,142.23,41
Uttar Pradesh,maize,2021,2,1569.88,194.96,35
Uttar Pradesh,maize,2021,3,1478.62,195.16,30
Uttar Pradesh,maize,2021,4,1513.23,151.26,28
Uttar Pradesh,maize,2021,5,1560.2,138.29,22
Uttar Pradesh,maize,2021,6,1599.04,153.46,36
Uttar Pradesh,maize,2021,7,1640.92,188.11,37
Uttar Pradesh,maize,2021,8,1691.87,119.26,40
Uttar Pradesh,maize,2021,9,1708.03,79.11,41
Uttar Pradesh,maize,2021,10,1726.08,88.18,39
Uttar Pradesh,maize,2021,11,1757.37,92.95,37
Uttar Pradesh,maize,2021,12,1767.63,84.39,34
Uttar Pradesh,maize,2022,1,1768.25,76.52,35
Uttar Pradesh,maize,2022,2,1813.17,93.81,36
Uttar Pradesh,maize,2022,3,1843.29,96.66,35
Uttar Pradesh,maize,2022,4,1900.61,91.93,31
Uttar Pradesh,maize,2022,5,1959.06,101.12,31
Uttar Pradesh,maize,2022,6,1972.23,87.41,40
Uttar Pradesh,maize,2022,7,1983.25,71.83,41
Uttar Pradesh,maize,2022,8,2080.74,97.63,43
Uttar Pradesh,maize,2022,9,2167.05,120.55,44
Uttar Pradesh,maize,2022,10,2156.48,109.07,41
Uttar Pradesh,maize,2022,11,2176.69,133.03,42
Uttar Pradesh,maize,2022,12,2211.74,146.26,41
Uttar Pradesh,maize,2023,1,2242.44,128.89,41
Uttar Pradesh,maize,2023,2,2245.99,131.5,39
Uttar Pradesh,maize,2023,3,2224.51,130.22,37
Uttar Pradesh,maize,2023,4,2226.64,135.54,39
Uttar Pradesh,maize,2023,5,2218.18,135.27,35
Uttar Pradesh,maize,2023,6,2023.25,163.25,42
Uttar Pradesh,maize,2023,7,2050.13,393.09,46
Uttar Pradesh,maize,2023,8,1950.15,134.39,44
Uttar Pradesh,maize,2023,9,1979.61,80.56,43
Uttar Pradesh,maize,2023,10,2064.07,154.48,44
Uttar Pradesh,maize,2023,11,2112.4,54.27,43
Uttar Pradesh,maize,2023,12,2118.19,72.67,42
Uttar Pradesh,maize,2024,1,2134.9,94.64,41
Uttar Pradesh,maize,2024,2,2208.62,68.66,39
Uttar Pradesh,maize,2024,3,2220.34,66.93,38
Uttar Pradesh,maize,2024,4,2235.83,87.7,33
Uttar Pradesh,maize,2024,5,2204.5,75.89,30
Uttar Pradesh,maize,2024,6,2153.82,69.87,43
Uttar Pradesh,maize,2024,7,2193.74,80.12,47
Uttar Pradesh,maize,2024,8,2273.45,94.79,48
Uttar Pradesh,maize,2024,9,2356.8,117.44,45
Uttar Pradesh,maize,2024,10,2392.87,105.19,42
Uttar Pradesh,maize,2024,11,2385.16,85.15,38
Uttar Pradesh,maize,2024,12,2393.06,91.5,39
Uttar Pradesh,maize,2025,1,2417.67,94.77,41
Uttar Pradesh,maize,2025,2,2414.3,115.93,41
Uttar Pradesh,maize,2025,3,2397.1,131.42,40
Uttar Pradesh,maize,2025,4,2354.32,102.03,35
Uttar Pradesh,maize,2025,5,2336.14,98.43,35
Uttar Pradesh,maize,2025,6,2176.2,155.03,50
Uttar Pradesh,maize,2025,7,2124.55,141.75,50
Uttar Pradesh,maize,2025,8,2178.67,147.58,48
Uttar Pradesh,maize,2025,9,2201.59,137.48,45
Uttar Pradesh,maize,2025,10,2268.78,132.8,45
Uttar Pradesh,maize,2025,11,2301.68,144.08,45
Uttar Pradesh,maize,2025,12,2319.69,140.39,37
Uttarakhand,maize,2022,1,1894.87,0,1
Uttarakhand,maize,2022,3,2000,0,1
Uttarakhand,maize,2022,4,2216,0,1
Uttarakhand,maize,2022,5,1900,0,1
Uttarakhand,maize,2022,6,2007.77,0,1
Uttarakhand,maize,2022,9,2132.05,74.5,2
Uttarakhand,maize,2022,10,2097.82,15.85,2
Uttarakhand,maize,2022,11,2095.93,93.64,2
Uttarakhand,maize,2023,1,2148.26,237.96,2
Uttarakhand,maize,2023,3,2400,0,1
Uttarakhand,maize,2023,4,2177.81,109.41,2
Uttarakhand,maize,2023,5,2009.84,56.34,2
Uttarakhand,maize,2023,6,2247.62,512.76,4
Uttarakhand,maize,2023,7,2203.07,398.26,4
Uttarakhand,maize,2023,8,2159.91,394.42,5
Uttarakhand,maize,2023,9,1891.94,115.87,2
Uttarakhand,maize,2023,10,1957.94,58.82,2
Uttarakhand,maize,2023,11,2300,0,1
Uttarakhand,maize,2023,12,2250.61,71.57,2
Uttarakhand,maize,2024,1,2468.93,0,1
Uttarakhand,maize,2024,2,2463.34,0,1
Uttarakhand,maize,2024,3,2559.94,0,1
Uttarakhand,maize,2024,4,2475,176.78,2
Uttarakhand,maize,2024,5,2180.31,0,1
Uttarakhand,maize,2024,6,2113.86,24,3
Uttarakhand,maize,2024,7,2357,252.39,4
Uttarakhand,maize,2024,8,2357.89,280.56,4
Uttarakhand,maize,2024,9,2151.85,629.16,3
Uttarakhand,maize,2024,10,2400,0,1
Uttarakhand,maize,2024,11,2300,0,1
Uttarakhand,maize,2024,12,2393.54,0,1
Uttarakhand,maize,2025,1,2350,0,1
Uttarakhand,maize,2025,6,1778.64,351.46,3
Uttarakhand,maize,2025,7,1541.61,120.33,2
Uttarakhand,maize,2025,8,1591.67,0,1
Uttarakhand,maize,2025,9,1466.67,0,1
Uttarakhand,maize,2025,12,1730,0,1
Bihar,mustard,2022,4,6746.43,0,1
Chhattisgarh,mustard,2021,1,4664.45,442.07,3
Chhattisgarh,mustard,2021,2,4668.67,755.19,5
Chhattisgarh,mustard,2021,3,4960.23,104.2,3
Chhattisgarh,mustard,2021,4,5162.17,242.87,3
Chhattisgarh,mustard,2021,5,6300,0,1
Chhattisgarh,mustard,2021,6,4469.14,2283.1,4
Chhattisgarh,mustard,2021,7,5682.53,524.25,2
Chhattisgarh,mustard,2021,8,5405.29,1683.27,5
Chhattisgarh,mustard,2021,9,6913.82,232.91,3
Chhattisgarh,mustard,2021,10,6859.85,84.17,2
Chhattisgarh,mustard,2021,11,6388.96,1055.27,3
Chhattisgarh,mustard,2021,12,5763.46,1166.51,5
Chhattisgarh,mustard,2022,1,5586.63,352.42,3
Chhattisgarh,mustard,2022,2,6288.43,44.65,2
Chhattisgarh,mustard,2022,3,5630.89,465.58,4
Chhattisgarh,mustard,2022,4,5869.96,46.39,4
Chhattisgarh,mustard,2022,5,4708.13,1708.77,6
Chhattisgarh,mustard,2022,6,5537.8,18.67,2
Chhattisgarh,mustard,2022,7,5389.43,149.27,2
Chhattisgarh,mustard,2022,8,5564.2,399.59,3
Chhattisgarh,mustard,2022,9,5500.47,217.52,3
Chhattisgarh,mustard,2022,10,3927.67,1808.25,5
Chhattisgarh,mustard,2022,11,5475.45,304.81,3
Chhattisgarh,mustard,2022,12,5461.32,275,2
Chhattisgarh,mustard,2023,1,5339.34,167.11,2
Chhattisgarh,mustard,2023,2,4534.81,650.25,4
Chhattisgarh,mustard,2023,3,4737.3,215.83,4
Chhattisgarh,mustard,2023,4,4402.86,66.17,3
Chhattisgarh,mustard,2023,5,4264.37,213.22,2
Chhattisgarh,mustard,2023,6,4399.09,149.3,2
Chhattisgarh,mustard,2023,7,4552.17,127.81,2
Chhattisgarh,mustard,2023,8,4752.29,119.54,2
Chhattisgarh,mustard,2023,9,3466.31,1359.94,5
Chhattisgarh,mustard,2023,10,3928.23,1171.8,4
Chhattisgarh,mustard,2023,11,4635.21,267.75,3
Chhattisgarh,mustard,2023,12,4653.74,121.62,2
Chhattisgarh,mustard,2024,1,4733.21,119.94,2
Chhattisgarh,mustard,2024,2,4597.97,42.65,2
Chhattisgarh,mustard,2024,3,4819.91,563.32,4
Chhattisgarh,mustard,2024,4,4380.29,110.1,3
Chhattisgarh,mustard,2024,5,4909.05,389.81,2
Chhattisgarh,mustard,2024,6,5087.57,389.64,3
Chhattisgarh,mustard,2024,7,4674.29,25.48,2
Chhattisgarh,mustard,2024,8,4654,4.57,2
Chhattisgarh,mustard,2024,9,5170.92,94.29,2
Chhattisgarh,mustard,2024,10,5088.61,585.56,3
Chhattisgarh,mustard,2024,11,4907.22,13.38,3
Chhattisgarh,mustard,2024,12,5021.14,89.48,2
Chhattisgarh,mustard,2025,1,5581.45,336.06,4
Chhattisgarh,mustard,2025,2,5116.46,169.89,3
Chhattisgarh,mustard,2025,3,5459.47,647.81,4
Chhattisgarh,mustard,2025,4,5472.91,176.22,3
Chhattisgarh,mustard,2025,5,5402.8,323.71,3
Chhattisgarh,mustard,2025,6,5339.12,1212.75,5
Chhattisgarh,mustard,2025,7,6526.56,434.39,3
Chhattisgarh,mustard,2025,8,6571.46,272.44,3
Chhattisgarh,mustard,2025,9,5524.05,890.57,5
Chhattisgarh,mustard,2025,10,6017.64,249.63,3
Chhattisgarh,mustard,2025,11,7645.72,2242.55,2
Chhattisgarh,mustard,2025,12,8326.62,0,1
Gujarat,mustard,2021,1,5076.41,414.55,23
Gujarat,mustard,2021,2,4858.91,381.98,30
Gujarat,mustard,2021,3,4751,432.45,32
Gujarat,mustard,2021,4,5152.58,505.97,28
Gujarat,mustard,2021,5,5807.12,423.1,19
Gujarat,mustard,2021,6,5753.14,423.5,26
Gujarat,mustard,2021,7,6046.35,567.53,23
Gujarat,mustard,2021,8,6701.87,451.55,23
Gujarat,mustard,2021,9,7385.51,331.2,20
Gujarat,mustard,2021,10,6765.47,540.03,25
Gujarat,mustard,2021,11,6952.64,638.8,20
Gujarat,mustard,2021,12,6952.73,446.16,18
Gujarat,mustard,2022,1,6209.14,1294.95,20
Gujarat,mustard,2022,2,5977.03,397.84,28
Gujarat,mustard,2022,3,5813.83,879.33,36
Gujarat,mustard,2022,4,5940.27,998.97,30
Gujarat,mustard,2022,5,6179.25,417.85,31
Gujarat,mustard,2022,6,5866.26,408.79,30
Gujarat,mustard,2022,7,5598.55,1013.71,24
Gujarat,mustard,2022,8,5750.98,302.06,23
Gujarat,mustard,2022,9,5337.64,297.63,24
Gujarat,mustard,2022,10,5278.58,360.86,19
Gujarat,mustard,2022,11,5756.35,504.07,22
Gujarat,mustard,2022,12,5710.98,333.92,22
Gujarat,mustard,2023,1,5107.97,392.51,27
Gujarat,mustard,2023,2,4936.94,269.28,32
Gujarat,mustard,2023,3,4899.35,298.64,31
Gujarat,mustard,2023,4,4908.71,308.73,32
Gujarat,mustard,2023,5,4723.85,250.14,31
Gujarat,mustard,2023,6,4601.19,323.1,33
Gujarat,mustard,2023,7,4996.12,340.67,33
Gujarat,mustard,2023,8,5230.92,447.81,35
Gujarat,mustard,2023,9,4983.75,201.73,30
Gujarat,mustard,2023,10,4970.75,349.69,28
Gujarat,mustard,2023,11,4971.67,501.19,25
Gujarat,mustard,2023,12,5057.84,304.26,23
Gujarat,mustard,2024,1,4887.04,376.88,28
Gujarat,mustard,2024,2,4720.19,423.21,39
Gujarat,mustard,2024,3,4842.72,457.94,35
Gujarat,mustard,2024,4,4886.41,404.78,40
Gujarat,mustard,2024,5,5146.95,394.42,40
Gujarat,mustard,2024,6,5227.07,332.17,39
Gujarat,mustard,2024,7,5171.22,357.56,34
Gujarat,mustard,2024,8,5115.89,344.6,33
Gujarat,mustard,2024,9,5565,318.74,35
Gujarat,mustard,2024,10,5505.89,480.28,32
Gujarat,mustard,2024,11,5560.45,302.61,24
Gujarat,mustard,2024,12,5510.52,488.44,27
Gujarat,mustard,2025,1,5266.73,384.46,27
Gujarat,mustard,2025,2,5285.55,313.12,43
Gujarat,mustard,2025,3,5249.63,337.05,45
Gujarat,mustard,2025,4,5395.94,314.66,40
Gujarat,mustard,2025,5,5468.94,323.64,40
Gujarat,mustard,2025,6,5696.13,285.32,34
Gujarat,mustard,2025,7,6170.09,287.79,36
Gujarat,mustard,2025,8,6317.72,297.47,32
Gujarat,mustard,2025,9,6182.19,385.36,31
Gujarat,mustard,2025,10,6018.34,464.37,33
Gujarat,mustard,2025,11,6273.03,865.88,21
Gujarat,mustard,2025,12,6533.81,690.33,24
Haryana,mustard,2021,2,5100,0,1
Haryana,mustard,2021,3,5149.51,351.39,8
Haryana,mustard,2021,4,5382.01,390.93,3
Haryana,mustard,2021,6,6200,0,2
Haryana,mustard,2021,7,4796.92,0,1
Haryana,mustard,2021,9,7000,0,1
Haryana,mustard,2022,1,6838.86,670.55,4
Haryana,mustard,2022,2,6562.11,413.08,9
Haryana,mustard,2022,3,6361.18,292.46,31
Haryana,mustard,2022,4,6315.54,241.5,32
Haryana,mustard,2022,5,6510.34,207.06,16
Haryana,mustard,2022,6,6316.59,159.26,13
Haryana,mustard,2022,7,6122.11,146.39,11
Haryana,mustard,2022,8,6180.05,148.97,6
Haryana,mustard,2022,9,6324.75,1121.05,4
Haryana,mustard,2022,10,5819.37,105.66,5
Haryana,mustard,2022,11,6093.93,231.34,6
Haryana,mustard,2022,12,5893.7,221.86,10
Haryana,mustard,2023,1,5588.4,265.67,9
Haryana,mustard,2023,2,5327.41,287.07,15
Haryana,mustard,2023,3,5135.3,290.76,20
Haryana,mustard,2023,4,5224.39,322.98,29
Haryana,mustard,2023,5,4963.4,376.17,19
Haryana,mustard,2023,6,4370.95,447.75,15
Haryana,mustard,2023,7,4813.33,141.74,12
Haryana,mustard,2023,8,5039.25,234.15,14
Haryana,mustard,2023,9,4952.37,101.15,13
Haryana,mustard,2023,10,4822.28,328.54,8
Haryana,mustard,2023,11,4988.87,205.65,8
Haryana,mustard,2023,12,4860.74,347.12,11
Haryana,mustard,2024,1,4846.08,260.12,12
Haryana,mustard,2024,2,4733.89,157.38,19
Haryana,mustard,2024,3,5098.28,380.44,27
Haryana,mustard,2024,4,5503.64,264.12,28
Haryana,mustard,2024,5,5499.83,225.73,18
Haryana,mustard,2024,6,5401.67,175.16,11
Haryana,mustard,2024,7,5400.33,207.5,12
Haryana,mustard,2024,8,5331.83,290.59,8
Haryana,mustard,2024,9,5899.2,239.25,9
Haryana,mustard,2024,10,5958.16,176.56,7
Haryana,mustard,2024,11,5837.55,238.65,4
Haryana,mustard,2024,12,5653.36,339.92,7
Haryana,mustard,2025,1,5702.85,243.03,4
Haryana,mustard,2025,2,5643.09,279.31,13
Haryana,mustard,2025,3,5818.92,191.44,47
Haryana,mustard,2025,4,5897.96,109.04,46
Haryana,mustard,2025,5,5888.59,103.44,17
Haryana,mustard,2025,6,6104.17,130.83,9
Haryana,mustard,2025,7,6562.87,195.09,10
Haryana,mustard,2025,8,6588.18,212.89,12
Haryana,mustard,2025,9,6503.39,338.03,11
Haryana,mustard,2025,10,6363.37,314.13,6
Haryana,mustard,2025,11,6642.93,269,4
Haryana,mustard,2025,12,6572.07,162.2,6
Madhya Pradesh,mustard,2021,1,4914.84,499.49,50
Madhya Pradesh,mustard,2021,2,4996.38,363.34,57
Madhya Pradesh,mustard,2021,3,4885.66,371.23,64
Madhya Pradesh,mustard,2021,4,5322.78,399.54,65
Madhya Pradesh,mustard,2021,5,5918.96,700.96,28
Madhya Pradesh,mustard,2021,6,5727.63,627.04,70
Madhya Pradesh,mustard,2021,7,5998.35,388.35,66
Madhya Pradesh,mustard,2021,8,6578.44,502.09,63
Madhya Pradesh,mustard,2021,9,7146.67,516.8,60
Madhya Pradesh,mustard,2021,10,6771.84,692.88,56
Madhya Pradesh,mustard,2021,11,6769.76,629.04,55
Madhya Pradesh,mustard,2021,12,6541.65,543.92,51
Madhya Pradesh,mustard,2022,1,6235.76,685.12,53
Madhya Pradesh,mustard,2022,2,6244.69,492.29,67
Madhya Pradesh,mustard,2022,3,6061.29,350.46,78
Madhya Pradesh,mustard,2022,4,6086.67,381.81,80
Madhya Pradesh,mustard,2022,5,6047.55,362.34,74
Madhya Pradesh,mustard,2022,6,5880.97,355.06,73
Madhya Pradesh,mustard,2022,7,5762.75,347.65,66
Madhya Pradesh,mustard,2022,8,5750.3,320.84,60
Madhya Pradesh,mustard,2022,9,5400.7,317.28,64
Madhya Pradesh,mustard,2022,10,5443.54,427.1,64
Madhya Pradesh,mustard,2022,11,5740.34,417.45,62
Madhya Pradesh,mustard,2022,12,5588.17,418.74,60
Madhya Pradesh,mustard,2023,1,5189.88,414.04,64
Madhya Pradesh,mustard,2023,2,4865.1,434.7,71
Madhya Pradesh,mustard,2023,3,4841.16,302.53,78
Madhya Pradesh,mustard,2023,4,4880.3,355.53,74
Madhya Pradesh,mustard,2023,5,4692.24,457.94,68
Madhya Pradesh,mustard,2023,6,4626.68,261.67,66
Madhya Pradesh,mustard,2023,7,4887.96,348.64,72
Madhya Pradesh,mustard,2023,8,5187.63,354.22,70
Madhya Pradesh,mustard,2023,9,5003.72,267.09,54
Madhya Pradesh,mustard,2023,10,4915.52,392.19,65
Madhya Pradesh,mustard,2023,11,5100.37,372.21,61
Madhya Pradesh,mustard,2023,12,4972.11,491.21,55
Madhya Pradesh,mustard,2024,1,4406.35,478.02,24
Madhya Pradesh,mustard,2024,2,4467.49,280.64,62
Madhya Pradesh,mustard,2024,3,4882.82,572.81,75
Madhya Pradesh,mustard,2024,4,4870.97,236.43,71
Madhya Pradesh,mustard,2024,5,5104.42,293.1,70
Madhya Pradesh,mustard,2024,6,5237.57,295.19,68
Madhya Pradesh,mustard,2024,7,5160.44,278.15,68
Madhya Pradesh,mustard,2024,8,5137.88,260.77,66
Madhya Pradesh,mustard,2024,9,5566.28,370.95,67
Madhya Pradesh,mustard,2024,10,5561.46,451.42,62
Madhya Pradesh,mustard,2024,11,5396.19,480.88,61
Madhya Pradesh,mustard,2024,12,5359.48,398.63,51
Madhya Pradesh,mustard,2025,1,5200.02,455.38,61
Madhya Pradesh,mustard,2025,2,5339.13,313.24,64
Madhya Pradesh,mustard,2025,3,5279.88,271.35,79
Madhya Pradesh,mustard,2025,4,5662.83,311.44,73
Madhya Pradesh,mustard,2025,5,5779.43,339.6,70
Madhya Pradesh,mustard,2025,6,5818.26,383.06,70
Madhya Pradesh,mustard,2025,7,6327.35,558.93,67
Madhya Pradesh,mustard,2025,8,6477.78,405.04,65
Madhya Pradesh,mustard,2025,9,6295.91,503.55,66
Madhya Pradesh,mustard,2025,10,6018.5,478.98,60
Madhya Pradesh,mustard,2025,11,6229.53,742.49,62
Madhya Pradesh,mustard,2025,12,6284.43,579.45,59
Maharashtra,mustard,2021,1,5604.57,2057.07,2
Maharashtra,mustard,2021,2,4973.75,1397.71,4
Maharashtra,mustard,2021,3,4911.22,1211.13,5
Maharashtra,mustard,2021,4,5794.38,1103.77,3
Maharashtra,mustard,2021,5,6399.11,849.79,2
Maharashtra,mustard,2021,6,5353.77,1097.02,6
Maharashtra,mustard,2021,7,5693.94,1003,4
Maharashtra,mustard,2021,8,6095.88,924.54,4
Maharashtra,mustard,2021,9,5520.67,3515.26,3
Maharashtra,mustard,2021,10,5969.28,1881.93,2
Maharashtra,mustard,2021,11,8048.78,0,1
Maharashtra,mustard,2021,12,9500,0,1
Maharashtra,mustard,2022,1,9500,0,1
Maharashtra,mustard,2022,2,6842.94,1573.93,2
Maharashtra,mustard,2022,3,6880.53,2382.2,5
Maharashtra,mustard,2022,4,5821.45,631.82,8
Maharashtra,mustard,2022,5,5758.43,592.91,9
Maharashtra,mustard,2022,6,5534.72,987.75,6
Maharashtra,mustard,2022,7,5756.67,854.53,5
Maharashtra,mustard,2022,8,6154,912.54,3
Maharashtra,mustard,2022,9,6325,954.59,2
Maharashtra,mustard,2022,10,6225,1096.02,2
Maharashtra,mustard,2022,11,5858.33,1081.18,3
Maharashtra,mustard,2022,12,7000,0,1
Maharashtra,mustard,2023,1,5600,1979.9,2
Maharashtra,mustard,2023,2,5721.35,1148.23,3
Maharashtra,mustard,2023,3,5575.57,1058.24,4
Maharashtra,mustard,2023,4,5008.96,1218.79,7
Maharashtra,mustard,2023,5,5407.53,1284.33,4
Maharashtra,mustard,2023,6,4903.63,1148.18,6
Maharashtra,mustard,2023,7,5113,1176.32,5
Maharashtra,mustard,2023,8,5650,1252.75,3
Maharashtra,mustard,2023,9,5825,1383.61,3
Maharashtra,mustard,2023,10,5302.42,426.8,3
Maharashtra,mustard,2023,11,6117.43,166.06,2
Maharashtra,mustard,2023,12,6601.3,143.26,2
Maharashtra,mustard,2024,1,6500,0,1
Maharashtra,mustard,2024,2,5797.22,993.88,2
Maharashtra,mustard,2024,3,4930.95,841.37,9
Maharashtra,mustard,2024,4,4955.48,647.47,8
Maharashtra,mustard,2024,5,4840.27,638.42,9
Maharashtra,mustard,2024,6,5193.29,844.16,6
Maharashtra,mustard,2024,7,5168.89,900.34,6
Maharashtra,mustard,2024,8,5267.81,716.82,7
Maharashtra,mustard,2024,9,5136.19,952.71,5
Maharashtra,mustard,2024,10,5399.12,800.92,5
Maharashtra,mustard,2024,11,5025.5,1193.04,5
Maharashtra,mustard,2024,12,5376.17,789.82,7
Maharashtra,mustard,2025,1,5585.96,800.23,5
Maharashtra,mustard,2025,2,5453.45,1062.72,3
Maharashtra,mustard,2025,3,5117.56,729.08,11
Maharashtra,mustard,2025,4,5190.49,721.78,11
Maharashtra,mustard,2025,5,5446.34,612.84,11
Maharashtra,mustard,2025,6,5230.3,857.64,8
Maharashtra,mustard,2025,7,5789.58,910.2,8
Maharashtra,mustard,2025,8,6054.62,744.97,7
Maharashtra,mustard,2025,9,5856.58,958.71,7
Maharashtra,mustard,2025,10,5835.71,1053.06,7
Maharashtra,mustard,2025,11,5752.39,1029.05,6
Maharashtra,mustard,2025,12,6766.83,426.42,5
Punjab,mustard,2022,4,6296.73,0,1
Punjab,mustard,2022,12,5816.38,0,1
Punjab,mustard,2023,1,5297.67,0,1
Punjab,mustard,2023,2,4960.2,0,1
Punjab,mustard,2023,9,4786.54,0,1
Punjab,mustard,2023,10,4924.88,0,1
Punjab,mustard,2024,4,4550.42,150.8,3
Punjab,mustard,2024,5,5453.75,728.8,4
Punjab,mustard,2024,6,5293.54,288.11,2
Punjab,mustard,2024,7,5405.65,0,1
Punjab,mustard,2024,8,5359.88,0,1
Punjab,mustard,2024,9,5830.45,239.79,2
Punjab,mustard,2024,12,5622,0,1
Punjab,mustard,2025,3,5683.54,0,1
Punjab,mustard,2025,4,5785.21,222.22,2
Punjab,mustard,2025,5,5837.23,159.49,2
Punjab,mustard,2025,6,6135.37,0,1
Punjab,mustard,2025,7,6388.9,21.57,2
Punjab,mustard,2025,8,6530.6,0,1
Punjab,mustard,2025,9,6514.3,0,1
Punjab,mustard,2025,10,6204.05,0,1
Punjab,mustard,2025,11,6000,0,1
Punjab,mustard,2025,12,6360.2,0,1
Rajasthan,mustard,2021,1,5435.38,441.88,58
Rajasthan,mustard,2021,2,5244.23,355.71,73
Rajasthan,mustard,2021,3,5037.14,313.53,95
Rajasthan,mustard,2021,4,5767.41,378.04,93
Rajasthan,mustard,2021,5,6459.26,415.95,58
Rajasthan,mustard,2021,6,6268.65,312.93,86
Rajasthan,mustard,2021,7,6550.46,355.43,82
Rajasthan,mustard,2021,8,6966.71,401.22,80
Rajasthan,mustard,2021,9,7667.97,519.41,78
Rajasthan,mustard,2021,10,7416.24,565.08,75
Rajasthan,mustard,2021,11,7371.77,519.26,74
Rajasthan,mustard,2021,12,6935.09,530.1,73
Rajasthan,mustard,2022,1,6803.02,511.23,70
Rajasthan,mustard,2022,2,6598.67,459.81,82
Rajasthan,mustard,2022,3,6344.42,231.16,93
Rajasthan,mustard,2022,4,6396.73,254.26,91
Rajasthan,mustard,2022,5,6476.44,243.22,90
Rajasthan,mustard,2022,6,6279.01,245.69,92
Rajasthan,mustard,2022,7,6090.01,244.34,89
Rajasthan,mustard,2022,8,6065.59,277.94,86
Rajasthan,mustard,2022,9,5687.68,221,78
Rajasthan,mustard,2022,10,5814.07,270.68,83
Rajasthan,mustard,2022,11,6157.48,306.08,89
Rajasthan,mustard,2022,12,5981.72,230.96,85
Rajasthan,mustard,2023,1,5633.83,337.63,83
Rajasthan,mustard,2023,2,5142.42,231.77,85
Rajasthan,mustard,2023,3,4926.24,217.35,86
Rajasthan,mustard,2023,4,4808.98,252.48,88
Rajasthan,mustard,2023,5,4584.03,321.68,89
Rajasthan,mustard,2023,6,4558.33,259.46,85
Rajasthan,mustard,2023,7,4969.26,242.27,82
Rajasthan,mustard,2023,8,5159.4,236.37,85
Rajasthan,mustard,2023,9,5053.47,225.28,83
Rajasthan,mustard,2023,10,5121.27,264.31,84
Rajasthan,mustard,2023,11,5157.99,251.54,82
Rajasthan,mustard,2023,12,5033.4,245.62,84
Rajasthan,mustard,2024,1,4844.32,264.08,87
Rajasthan,mustard,2024,2,4714.99,271.93,91
Rajasthan,mustard,2024,3,4782.84,195.26,93
Rajasthan,mustard,2024,4,4816.59,176.26,95
Rajasthan,mustard,2024,5,5178.94,259.69,95
Rajasthan,mustard,2024,6,5474.05,223.3,93
Rajasthan,mustard,2024,7,5433.01,237.17,91
Rajasthan,mustard,2024,8,5463.67,246.29,85
Rajasthan,mustard,2024,9,5990.61,321.04,89
Rajasthan,mustard,2024,10,6023.11,296.08,89
Rajasthan,mustard,2024,11,5868.32,330.74,83
Rajasthan,mustard,2024,12,5758.51,263.49,81
Rajasthan,mustard,2025,1,5646.98,290.84,80
Rajasthan,mustard,2025,2,5463.24,306.32,89
Rajasthan,mustard,2025,3,5455.77,246.28,94
Rajasthan,mustard,2025,4,5658.13,283.84,98
Rajasthan,mustard,2025,5,5865.33,249.76,99
Rajasthan,mustard,2025,6,6080.56,332.43,95
Rajasthan,mustard,2025,7,6576.43,404.67,93
Rajasthan,mustard,2025,8,6677.92,305.05,91
Rajasthan,mustard,2025,9,6558.45,344.61,86
Rajasthan,mustard,2025,10,6335.93,327.12,79
Rajasthan,mustard,2025,11,6472.89,244.53,73
Rajasthan,mustard,2025,12,6441.85,312.7,66
Telangana,mustard,2022,1,7595,0,1
Telangana,mustard,2022,2,5415.84,61.04,2
Telangana,mustard,2022,3,4921.25,199.76,2
Telangana,mustard,2022,4,5606.08,212.37,2
Telangana,mustard,2022,6,4468,0,1
Telangana,mustard,2022,7,4662,0,1
Telangana,mustard,2022,12,4300,0,1
Telangana,mustard,2023,2,4000,0,1
Telangana,mustard,2023,3,5021,0,1
Telangana,mustard,2023,4,5155.61,274.91,2
Telangana,mustard,2023,5,4402.68,0,1
Telangana,mustard,2023,6,4521,0,1
Telangana,mustard,2023,7,4775.5,0,1
Telangana,mustard,2023,8,3211,0,1
Telangana,mustard,2023,9,4162,0,1
Telangana,mustard,2023,10,4011,0,1
Telangana,mustard,2023,12,4212,0,1
Telangana,mustard,2024,6,4236.07,0,1
Uttar Pradesh,mustard,2021,1,5206.22,321.81,82
Uttar Pradesh,mustard,2021,2,5182.43,317.53,83
Uttar Pradesh,mustard,2021,3,5007.73,206.64,86
Uttar Pradesh,mustard,2021,4,5241.11,298.32,85
Uttar Pradesh,mustard,2021,5,6147.26,536.35,78
Uttar Pradesh,mustard,2021,6,6259.85,232.81,81
Uttar Pradesh,mustard,2021,7,6251.34,239.88,84
Uttar Pradesh,mustard,2021,8,6496.81,332.25,80
Uttar Pradesh,mustard,2021,9,6811.4,453.64,79
Uttar Pradesh,mustard,2021,10,7196.15,398.71,77
Uttar Pradesh,mustard,2021,11,7245.68,269.83,77
Uttar Pradesh,mustard,2021,12,7125.91,237.71,79
Uttar Pradesh,mustard,2022,1,6933.04,235.11,80
Uttar Pradesh,mustard,2022,2,6826.25,341.1,80
Uttar Pradesh,mustard,2022,3,6510.78,343.69,85
Uttar Pradesh,mustard,2022,4,6382.6,208.23,83
Uttar Pradesh,mustard,2022,5,6410.35,153.8,83
Uttar Pradesh,mustard,2022,6,6347.28,155.05,81
Uttar Pradesh,mustard,2022,7,6289.01,271.89,82
Uttar Pradesh,mustard,2022,8,6297.54,181.23,82
Uttar Pradesh,mustard,2022,9,6259.7,236.87,82
Uttar Pradesh,mustard,2022,10,6214.33,215.05,81
Uttar Pradesh,mustard,2022,11,6284.27,151.92,81
Uttar Pradesh,mustard,2022,12,6316.3,170.58,82
Uttar Pradesh,mustard,2023,1,6227.87,251.01,80
Uttar Pradesh,mustard,2023,2,5881.16,405.93,81
Uttar Pradesh,mustard,2023,3,5453.98,270.39,83
Uttar Pradesh,mustard,2023,4,5354.99,216.79,82
Uttar Pradesh,mustard,2023,5,5394.86,181.12,81
Uttar Pradesh,mustard,2023,6,5459.61,170.29,70
Uttar Pradesh,mustard,2023,7,5446.33,245.16,69
Uttar Pradesh,mustard,2023,8,5450.61,149.38,68
Uttar Pradesh,mustard,2023,9,5452.45,171.33,67
Uttar Pradesh,mustard,2023,10,5432.47,150.93,66
Uttar Pradesh,mustard,2023,11,5453.48,135.81,65
Uttar Pradesh,mustard,2023,12,5394.89,177.24,64
Uttar Pradesh,mustard,2024,1,5336.68,237.13,61
Uttar Pradesh,mustard,2024,2,5258.54,313.96,64
Uttar Pradesh,mustard,2024,3,5240.84,280.93,60
Uttar Pradesh,mustard,2024,4,5311.78,304.56,64
Uttar Pradesh,mustard,2024,5,5204.36,238.82,56
Uttar Pradesh,mustard,2024,6,5460.42,168.05,51
Uttar Pradesh,mustard,2024,7,5510.5,149.77,54
Uttar Pradesh,mustard,2024,8,5541.61,174.29,54
Uttar Pradesh,mustard,2024,9,5697.31,146.54,53
Uttar Pradesh,mustard,2024,10,5940.82,188.86,49
Uttar Pradesh,mustard,2024,11,5955.57,186.84,50
Uttar Pradesh,mustard,2024,12,5921.28,207.83,52
Uttar Pradesh,mustard,2025,1,5927.94,176.03,51
Uttar Pradesh,mustard,2025,2,5865.12,226.37,54
Uttar Pradesh,mustard,2025,3,5705.01,213.27,57
Uttar Pradesh,mustard,2025,4,5842.07,269.73,59
Uttar Pradesh,mustard,2025,5,6040.39,175.7,57
Uttar Pradesh,mustard,2025,6,6169.36,212.17,50
Uttar Pradesh,mustard,2025,7,6411.61,290.09,57
Uttar Pradesh,mustard,2025,8,6711.16,293.1,54
Uttar Pradesh,mustard,2025,9,6716.8,265.02,58
Uttar Pradesh,mustard,2025,10,6672.84,282.34,57
Uttar Pradesh,mustard,2025,11,6688.8,250.42,48
Uttar Pradesh,mustard,2025,12,6712.95,221.38,41
Uttarakhand,mustard,2022,2,6474.6,0,1
Uttarakhand,mustard,2022,3,6786.04,404.51,2
Uttarakhand,mustard,2022,4,6825,813.17,2
Uttarakhand,mustard,2022,6,5500,0,1
Uttarakhand,mustard,2022,7,6564.36,0,1
Uttarakhand,mustard,2022,9,6750,0,1
Uttarakhand,mustard,2022,10,7000,0,1
Uttarakhand,mustard,2023,2,4800,0,1
Uttarakhand,mustard,2023,3,4456.35,0,1
Uttarakhand,mustard,2023,4,3440.62,0,1
Uttarakhand,mustard,2023,5,3970.17,63.41,2
Uttarakhand,mustard,2023,6,4800,0,1
Uttarakhand,mustard,2023,7,5700,0,1
Uttarakhand,mustard,2023,10,5184,0,1
Uttarakhand,mustard,2023,11,5037.64,0,1
Uttarakhand,mustard,2023,12,5373.6,132.32,3
Uttarakhand,mustard,2024,1,3820.83,0,1
Uttarakhand,mustard,2024,2,4378.38,0,1
Uttarakhand,mustard,2024,3,4673.59,1094.36,3
Uttarakhand,mustard,2024,4,4818.81,69.02,2
Uttarakhand,mustard,2024,5,4673.86,0,1
Uttarakhand,mustard,2024,6,6000,0,1
Uttarakhand,mustard,2024,7,5700,0,1
Uttarakhand,mustard,2025,1,3970.14,0,1
Uttarakhand,mustard,2025,2,4777.5,0,1
Uttarakhand,mustard,2025,3,5878.69,327.13,2
Uttarakhand,mustard,2025,4,6000,0,1
Uttarakhand,mustard,2025,9,5400,0,1
Andhra Pradesh,paddy,2024,2,2300,0,1
Andhra Pradesh,paddy,2024,9,2338,0,1
Andhra Pradesh,paddy,2024,10,2360,0,1
Andhra Pradesh,paddy,2025,1,2397.5,116.67,2
Andhra Pradesh,paddy,2025,2,2468.18,0,1
Andhra Pradesh,paddy,2025,3,2498.89,42.58,2
Andhra Pradesh,paddy,2025,4,2463,0,1
Andhra Pradesh,paddy,2025,5,2149.94,432.21,2
Andhra Pradesh,paddy,2025,8,2446.98,0,1
Andhra Pradesh,paddy,2025,9,2447.16,0,1
Andhra Pradesh,paddy,2025,10,2447.39,0,1
Andhra Pradesh,paddy,2025,11,2460,0,1
Andhra Pradesh,paddy,2025,12,2440,0,1
Bihar,paddy,2022,11,2023.56,0,1
Chhattisgarh,paddy,2021,1,1587.97,141.64,17
Chhattisgarh,paddy,2021,2,1537.94,142.1,17
Chhattisgarh,paddy,2021,3,1527.12,120.25,17
Chhattisgarh,paddy,2021,4,1529.05,114.35,17
Chhattisgarh,paddy,2021,5,1518.2,184.27,17
Chhattisgarh,paddy,2021,6,1485.36,169.52,16
Chhattisgarh,paddy,2021,7,1492.33,126.83,17
Chhattisgarh,paddy,2021,8,1522.49,164.98,17
Chhattisgarh,paddy,2021,9,1526.93,128.36,17
Chhattisgarh,paddy,2021,10,1556.58,109.93,17
Chhattisgarh,paddy,2021,11,1532.7,162.94,17
Chhattisgarh,paddy,2021,12,1652.3,211.79,17
Chhattisgarh,paddy,2022,1,1639.35,200.82,17
Chhattisgarh,paddy,2022,2,1659.18,180.16,16
Chhattisgarh,paddy,2022,3,1616.16,168.92,17
Chhattisgarh,paddy,2022,4,1611,195.99,15
Chhattisgarh,paddy,2022,5,1614.79,268.25,16
Chhattisgarh,paddy,2022,6,1571.87,148.49,17
Chhattisgarh,paddy,2022,7,1612.77,175.31,16
Chhattisgarh,paddy,2022,8,1783.06,254.89,17
Chhattisgarh,paddy,2022,9,1707.4,261.05,17
Chhattisgarh,paddy,2022,10,1653.02,249.79,17
Chhattisgarh,paddy,2022,11,1798.49,171.14,17
Chhattisgarh,paddy,2022,12,1784.04,190.08,17
Chhattisgarh,paddy,2023,1,1854.34,164.23,17
Chhattisgarh,paddy,2023,2,1758.22,153.89,17
Chhattisgarh,paddy,2023,3,1765.26,152.74,17
Chhattisgarh,paddy,2023,4,1755.77,181.43,15
Chhattisgarh,paddy,2023,5,1849.08,146.13,16
Chhattisgarh,paddy,2023,6,1976.26,173.01,15
Chhattisgarh,paddy,2023,7,2018.65,204.03,15
Chhattisgarh,paddy,2023,8,2054.4,219.57,16
Chhattisgarh,paddy,2023,9,2080.26,205.37,16
Chhattisgarh,paddy,2023,10,2038.58,196.03,16
Chhattisgarh,paddy,2023,11,2125.92,118.34,16
Chhattisgarh,paddy,2023,12,2190.08,207.19,17
Chhattisgarh,paddy,2024,1,2220.13,126,16
Chhattisgarh,paddy,2024,2,2222.36,152.99,17
Chhattisgarh,paddy,2024,3,2172.09,131.37,16
Chhattisgarh,paddy,2024,4,2103.95,185.06,16
Chhattisgarh,paddy,2024,5,2143.87,170.8,17
Chhattisgarh,paddy,2024,6,2123.79,170.47,17
Chhattisgarh,paddy,2024,7,2120.9,188.73,17
Chhattisgarh,paddy,2024,8,2189.9,176.06,15
Chhattisgarh,paddy,2024,9,2168.24,173.16,15
Chhattisgarh,paddy,2024,10,2194.85,138.74,17
Chhattisgarh,paddy,2024,11,2286.03,113.52,17
Chhattisgarh,paddy,2024,12,2296.49,63.27,17
Chhattisgarh,paddy,2025,1,2308.13,46.25,17
Chhattisgarh,paddy,2025,2,2259.31,93.08,15
Chhattisgarh,paddy,2025,3,2193.77,134.4,16
Chhattisgarh,paddy,2025,4,2189.43,88.73,15
Chhattisgarh,paddy,2025,5,2011.16,148.4,16
Chhattisgarh,paddy,2025,6,1938.41,166.4,15
Chhattisgarh,paddy,2025,7,1935.1,135.07,16
Chhattisgarh,paddy,2025,8,1968.98,127.89,14
Chhattisgarh,paddy,2025,9,1968.75,102.62,16
Chhattisgarh,paddy,2025,10,1954.76,183.46,17
Chhattisgarh,paddy,2025,11,2147.23,183.53,14
Chhattisgarh,paddy,2025,12,2337.94,65.5,12
Gujarat,paddy,2021,1,1470.39,168.26,13
Gujarat,paddy,2021,2,1453.2,167.26,11
Gujarat,paddy,2021,3,1431.17,182.68,11
Gujarat,paddy,2021,4,1450.92,156.89,10
Gujarat,paddy,2021,5,1439.72,104.93,5
Gujarat,paddy,2021,6,1466.87,185.87,8
Gujarat,paddy,2021,7,1481.1,92.23,6
Gujarat,paddy,2021,8,1505.59,169.37,7
Gujarat,paddy,2021,9,1512.04,89.29,6
Gujarat,paddy,2021,10,1538.04,249.82,14
Gujarat,paddy,2021,11,1655.41,267.85,14
Gujarat,paddy,2021,12,1704.06,327.47,12
Gujarat,paddy,2022,1,1732.42,282.97,13
Gujarat,paddy,2022,2,1644.04,321.37,15
Gujarat,paddy,2022,3,1667.97,312.33,14
Gujarat,paddy,2022,4,1725.06,304.13,11
Gujarat,paddy,2022,5,1635.18,186.06,13
Gujarat,paddy,2022,6,1648.35,187.55,12
Gujarat,paddy,2022,7,1671.42,245.85,11
Gujarat,paddy,2022,8,1690.09,244.31,9
Gujarat,paddy,2022,9,1609.7,194.72,9
Gujarat,paddy,2022,10,1655.69,218.17,10
Gujarat,paddy,2022,11,1690.19,211.84,11
Gujarat,paddy,2022,12,1598.63,281.59,12
Gujarat,paddy,2023,1,1678.29,173.46,11
Gujarat,paddy,2023,2,1692.95,269.6,11
Gujarat,paddy,2023,3,1670.35,160.76,9
Gujarat,paddy,2023,4,1775.27,271.92,10
Gujarat,paddy,2023,5,1728.84,236.33,16
Gujarat,paddy,2023,6,1810,201.06,14
Gujarat,paddy,2023,7,1789.13,286.15,14
Gujarat,paddy,2023,8,1954.62,289.66,12
Gujarat,paddy,2023,9,1918.43,276.33,11
Gujarat,paddy,2023,10,1867.44,271.59,14
Gujarat,paddy,2023,11,1936.26,260.9,15
Gujarat,paddy,2023,12,2060.13,361.66,14
Gujarat,paddy,2024,1,2146.53,375.47,12
Gujarat,paddy,2024,2,2129.26,215.73,10
Gujarat,paddy,2024,3,2100.31,217.77,10
Gujarat,paddy,2024,4,2148.9,237.18,14
Gujarat,paddy,2024,5,2118.03,253.32,18
Gujarat,paddy,2024,6,2188.76,188.6,15
Gujarat,paddy,2024,7,2192.39,255.12,12
Gujarat,paddy,2024,8,2161.89,248.69,11
Gujarat,paddy,2024,9,2124.58,283.21,10
Gujarat,paddy,2024,10,2148.67,224.73,18
Gujarat,paddy,2024,11,2208.43,280.08,21
Gujarat,paddy,2024,12,2188.45,322.32,19
Gujarat,paddy,2025,1,2217.97,292.07,18
Gujarat,paddy,2025,2,2155.27,348.32,17
Gujarat,paddy,2025,3,2140.42,344.84,15
Gujarat,paddy,2025,4,2069.03,340.05,13
Gujarat,paddy,2025,5,1952.76,285.92,12
Gujarat,paddy,2025,6,1838.63,301.13,11
Gujarat,paddy,2025,7,1915.27,326.51,11
Gujarat,paddy,2025,8,1872.9,245.78,11
Gujarat,paddy,2025,9,1825.97,216.71,9
Gujarat,paddy,2025,10,1906.26,282.24,17
Gujarat,paddy,2025,11,2059.77,343.68,24
Gujarat,paddy,2025,12,2025.44,368.49,19
Haryana,paddy,2021,10,1960.08,0.23,9
Haryana,paddy,2021,11,2276.46,435.95,8
Haryana,paddy,2021,12,2438.06,674.66,2
Haryana,paddy,2022,10,2294.09,513.35,16
Haryana,paddy,2022,11,2998.3,819.15,10
Haryana,paddy,2022,12,3992.04,399.1,5
Haryana,paddy,2023,1,4828.4,223.36,4
Haryana,paddy,2023,2,4867.59,413.03,2
Haryana,paddy,2023,3,4668.93,326.78,2
Haryana,paddy,2023,7,2500,0,1
Haryana,paddy,2023,8,3212.19,0,1
Haryana,paddy,2023,9,2310.67,296.38,23
Haryana,paddy,2023,10,2402.73,465.66,32
Haryana,paddy,2023,11,2599.52,664.78,24
Haryana,paddy,2023,12,4280.35,297.69,4
Haryana,paddy,2024,1,4196.78,91.64,3
Haryana,paddy,2024,2,4050.7,140.44,2
Haryana,paddy,2024,3,3977.5,357.09,2
Haryana,paddy,2024,4,4061,0,1
Haryana,paddy,2024,6,3665.35,0,1
Haryana,paddy,2024,7,2327.33,0,1
Haryana,paddy,2024,8,2265.06,0,1
Haryana,paddy,2024,9,2320.72,9.63,11
Haryana,paddy,2024,10,2378.96,187.15,37
Haryana,paddy,2024,11,2536.79,379.14,31
Haryana,paddy,2024,12,3165.34,257.35,8
Haryana,paddy,2025,1,3240.08,566.95,5
Haryana,paddy,2025,2,3111.42,159.17,5
Haryana,paddy,2025,3,3164.12,284.53,3
Haryana,paddy,2025,4,2592.45,0,1
Haryana,paddy,2025,9,2411.54,132.01,29
Haryana,paddy,2025,10,2439.43,147.98,38
Haryana,paddy,2025,11,2691.07,424.98,37
Haryana,paddy,2025,12,3855.48,363.61,12
Jharkhand,paddy,2021,1,1750.42,0,1
Jharkhand,paddy,2021,2,1752.5,0,1
Jharkhand,paddy,2021,3,1752.5,0,1
Jharkhand,paddy,2021,4,1752.5,0,1
Jharkhand,paddy,2021,5,1752.5,0,1
Jharkhand,paddy,2021,6,1752.5,0,1
Jharkhand,paddy,2021,7,1752.5,0,1
Karnataka,paddy,2021,8,1500,0,1
Karnataka,paddy,2024,2,2850,0,1
Karnataka,paddy,2024,6,2723,0,1
Karnataka,paddy,2024,7,3000,0,1
Karnataka,paddy,2024,11,2399.72,0,1
Karnataka,paddy,2024,12,2502.31,0,1
Karnataka,paddy,2025,1,2476.09,0,1
Karnataka,paddy,2025,11,2473.35,0,1
Karnataka,paddy,2025,12,2423.14,0,1
Madhya Pradesh,paddy,2021,1,2118.32,564.67,14
Madhya Pradesh,paddy,2021,2,1877.26,618.11,20
Madhya Pradesh,paddy,2021,3,1842.69,554.14,20
Madhya Pradesh,paddy,2021,4,1766.77,548.18,15
Madhya Pradesh,paddy,2021,5,1753.69,607.71,11
Madhya Pradesh,paddy,2021,6,1673.33,522.14,18
Madhya Pradesh,paddy,2021,7,1560.75,496.74,19
Madhya Pradesh,paddy,2021,8,1569.41,429.88,17
Madhya Pradesh,paddy,2021,9,1553.1,419.02,22
Madhya Pradesh,paddy,2021,10,1763.59,550.9,22
Madhya Pradesh,paddy,2021,11,1909.64,584.2,28
Madhya Pradesh,paddy,2021,12,1980.33,604.38,29
Madhya Pradesh,paddy,2022,1,2026.74,616.33,24
Madhya Pradesh,paddy,2022,2,2027.85,772.72,26
Madhya Pradesh,paddy,2022,3,2059.15,791.42,27
Madhya Pradesh,paddy,2022,4,1809.68,688.75,25
Madhya Pradesh,paddy,2022,5,1786.18,766.91,18
Madhya Pradesh,paddy,2022,6,1846.86,848.45,22
Madhya Pradesh,paddy,2022,7,1685.32,553.95,19
Madhya Pradesh,paddy,2022,8,1577.32,444.58,24
Madhya Pradesh,paddy,2022,9,1718.05,637.04,26
Madhya Pradesh,paddy,2022,10,1872.71,641.84,24
Madhya Pradesh,paddy,2022,11,2047.91,655.78,32
Madhya Pradesh,paddy,2022,12,2240.7,729.77,32
Madhya Pradesh,paddy,2023,1,2367.41,993.61,28
Madhya Pradesh,paddy,2023,2,2126.06,991.85,26
Madhya Pradesh,paddy,2023,3,2069.78,886.93,29
Madhya Pradesh,paddy,2023,4,2075.53,984.96,23
Madhya Pradesh,paddy,2023,5,2098.6,866.49,24
Madhya Pradesh,paddy,2023,6,2080.65,643.95,24
Madhya Pradesh,paddy,2023,7,2119.75,635.47,25
Madhya Pradesh,paddy,2023,8,2141.37,819.83,23
Madhya Pradesh,paddy,2023,9,2040.31,505.15,21
Madhya Pradesh,paddy,2023,10,2295.02,766.13,29
Madhya Pradesh,paddy,2023,11,2321.87,842.28,32
Madhya Pradesh,paddy,2023,12,2594.13,918.37,44
Madhya Pradesh,paddy,2024,1,2752.7,914.33,36
Madhya Pradesh,paddy,2024,2,2626.89,853.36,41
Madhya Pradesh,paddy,2024,3,2585.62,764.63,44
Madhya Pradesh,paddy,2024,4,2610.68,804.6,40
Madhya Pradesh,paddy,2024,5,2573.31,675.68,34
Madhya Pradesh,paddy,2024,6,2495.95,813.06,37
Madhya Pradesh,paddy,2024,7,2552.24,691.18,29
Madhya Pradesh,paddy,2024,8,2467.57,627.71,35
Madhya Pradesh,paddy,2024,9,2402.73,599.27,32
Madhya Pradesh,paddy,2024,10,2256.37,465.77,43
Madhya Pradesh,paddy,2024,11,2270.58,487.02,49
Madhya Pradesh,paddy,2024,12,2318.37,459.23,52
Madhya Pradesh,paddy,2025,1,2383.06,487.91,45
Madhya Pradesh,paddy,2025,2,2284.51,404.33,46
Madhya Pradesh,paddy,2025,3,2241.82,393.65,50
Madhya Pradesh,paddy,2025,4,2401.92,435.48,38
Madhya Pradesh,paddy,2025,5,2353.76,543.52,40
Madhya Pradesh,paddy,2025,6,2361.46,636.9,36
Madhya Pradesh,paddy,2025,7,2375.59,546.01,34
Madhya Pradesh,paddy,2025,8,2328.96,538.38,32
Madhya Pradesh,paddy,2025,9,2345.59,551.08,35
Madhya Pradesh,paddy,2025,10,2269.43,404,35
Madhya Pradesh,paddy,2025,11,2256.43,561.48,49
Madhya Pradesh,paddy,2025,12,2535.45,667.26,49
Maharashtra,paddy,2021,1,2192.82,139.51,4
Maharashtra,paddy,2021,2,2162.69,306.2,6
Maharashtra,paddy,2021,3,2112.22,339.67,7
Maharashtra,paddy,2021,4,2246.83,396.37,6
Maharashtra,paddy,2021,5,2026.69,609.94,7
Maharashtra,paddy,2021,6,1957.39,509.36,7
Maharashtra,paddy,2021,7,2092.01,581.31,9
Maharashtra,paddy,2021,8,2148.23,461.32,8
Maharashtra,paddy,2021,9,2119.74,479.75,7
Maharashtra,paddy,2021,10,2035.24,492.06,7
Maharashtra,paddy,2021,11,2022.54,328.7,12
Maharashtra,paddy,2021,12,2079.49,301.46,8
Maharashtra,paddy,2022,1,2062.59,225.06,10
Maharashtra,paddy,2022,2,2006.88,348.92,10
Maharashtra,paddy,2022,3,2105.13,328.27,8
Maharashtra,paddy,2022,4,2160.94,371.35,6
Maharashtra,paddy,2022,5,1961.24,395.54,8
Maharashtra,paddy,2022,6,1912.17,423.32,9
Maharashtra,paddy,2022,7,1881.14,378.11,7
Maharashtra,paddy,2022,8,2301.11,342.99,6
Maharashtra,paddy,2022,9,2559.22,450.06,6
Maharashtra,paddy,2022,10,2342.15,488.13,4
Maharashtra,paddy,2022,11,2142.63,291.57,7
Maharashtra,paddy,2022,12,2146.09,205.81,7
Maharashtra,paddy,2023,1,2348.59,330.7,9
Maharashtra,paddy,2023,2,2316.77,331.78,7
Maharashtra,paddy,2023,3,2293.69,237.2,7
Maharashtra,paddy,2023,4,2429.54,296.91,4
Maharashtra,paddy,2023,5,2274.33,421.74,6
Maharashtra,paddy,2023,6,2333.84,388.82,5
Maharashtra,paddy,2023,7,2458.8,494.5,4
Maharashtra,paddy,2023,8,2737.26,473,3
Maharashtra,paddy,2023,9,2521.09,388.67,6
Maharashtra,paddy,2023,10,2624.02,377.15,4
Maharashtra,paddy,2023,11,2566.94,368.2,7
Maharashtra,paddy,2023,12,2583.59,416.13,8
Maharashtra,paddy,2024,1,2517.18,390.44,8
Maharashtra,paddy,2024,2,2649.44,403.87,5
Maharashtra,paddy,2024,3,2603.65,439.41,7
Maharashtra,paddy,2024,4,2421.07,704.22,5
Maharashtra,paddy,2024,5,2620.8,486.8,7
Maharashtra,paddy,2024,6,2774.25,890.34,7
Maharashtra,paddy,2024,7,2537.35,574.78,6
Maharashtra,paddy,2024,8,2722.09,573.54,6
Maharashtra,paddy,2024,9,2502.11,465.8,7
Maharashtra,paddy,2024,10,2571.83,583.65,6
Maharashtra,paddy,2024,11,2526.32,390.04,10
Maharashtra,paddy,2024,12,2441.17,221.36,7
Maharashtra,paddy,2025,1,2392.48,256.9,10
Maharashtra,paddy,2025,2,2439.92,325.36,10
Maharashtra,paddy,2025,3,2423.58,347.93,10
Maharashtra,paddy,2025,4,2419.99,584.6,8
Maharashtra,paddy,2025,5,2251.22,348.41,7
Maharashtra,paddy,2025,6,2354.2,401.56,10
Maharashtra,paddy,2025,7,2418.87,395.37,7
Maharashtra,paddy,2025,8,2463.01,403.19,7
Maharashtra,paddy,2025,9,2383.56,421.4,7
Maharashtra,paddy,2025,10,2385.48,366.2,8
Maharashtra,paddy,2025,11,2426.64,398.95,13
Maharashtra,paddy,2025,12,2458.02,511.67,12
Odisha,paddy,2021,1,1856.07,32.76,15
Odisha,paddy,2021,2,1852.59,35.13,16
Odisha,paddy,2021,3,1855.71,54.18,14
Odisha,paddy,2021,4,1827.06,56.17,7
Odisha,paddy,2021,5,1849.21,44.92,8
Odisha,paddy,2021,6,1852.98,40.41,10
Odisha,paddy,2021,7,1848.92,44.97,8
Odisha,paddy,2021,8,1845.89,47.56,7
Odisha,paddy,2021,9,1845.78,47.46,7
Odisha,paddy,2021,10,1848.53,58.98,6
Odisha,paddy,2021,11,1865.91,73.87,6
Odisha,paddy,2021,12,1906.02,69.34,10
Odisha,paddy,2022,1,1910.41,61.54,12
Odisha,paddy,2022,2,1914.41,57.6,14
Odisha,paddy,2022,3,1901.21,66.94,9
Odisha,paddy,2022,4,2110.8,666.77,10
Odisha,paddy,2022,5,1906.8,65.46,10
Odisha,paddy,2022,6,1909.36,67.79,10
Odisha,paddy,2022,7,1911,87.06,8
Odisha,paddy,2022,8,1916.88,112,5
Odisha,paddy,2022,9,1981.51,47.64,7
Odisha,paddy,2022,10,1978.75,71.8,8
Odisha,paddy,2022,11,2014.14,45.82,8
Odisha,paddy,2022,12,2033.11,27,14
Odisha,paddy,2023,1,2086,237.67,17
Odisha,paddy,2023,2,2026.32,35.81,13
Odisha,paddy,2023,3,2021.6,40.48,10
Odisha,paddy,2023,4,2016.25,44.06,8
Odisha,paddy,2023,5,2019.25,42.18,9
Odisha,paddy,2023,6,2023.64,39.06,11
Odisha,paddy,2023,7,2017.77,40.9,7
Odisha,paddy,2023,8,2050.39,23.24,5
Odisha,paddy,2023,9,2070.51,72.46,5
Odisha,paddy,2023,10,2182.77,21.8,4
Odisha,paddy,2023,11,2186.4,7.6,5
Odisha,paddy,2023,12,2185.16,8.4,7
Odisha,paddy,2024,1,2189.1,7.33,5
Odisha,paddy,2024,2,2217.8,60.27,3
Odisha,paddy,2024,3,2189.16,8.08,4
Odisha,paddy,2024,4,2187.44,8.38,4
Odisha,paddy,2024,5,2190.33,9.75,6
Odisha,paddy,2024,6,2189.05,7.63,6
Odisha,paddy,2024,7,2195.3,15.47,5
Odisha,paddy,2024,8,2189.92,8.93,3
Odisha,paddy,2024,9,2188.67,9.81,3
Odisha,paddy,2024,10,2300,0,3
Odisha,paddy,2024,11,2300,0,4
Odisha,paddy,2024,12,2300,0,7
Odisha,paddy,2025,1,2300,0,6
Odisha,paddy,2025,2,2300.17,1.97,5
Odisha,paddy,2025,3,2300,0,3
Odisha,paddy,2025,4,2300,0,1
Odisha,paddy,2025,5,2300,0,5
Odisha,paddy,2025,6,2300.18,0.47,7
Odisha,paddy,2025,7,2300,0,3
Odisha,paddy,2025,8,2300,0,1
Odisha,paddy,2025,9,2300,0,1
Odisha,paddy,2025,10,2300,0,1
Odisha,paddy,2025,11,2300,0,1
Odisha,paddy,2025,12,2300,0,1
Puducherry,paddy,2021,1,1759.96,0,1
Puducherry,paddy,2021,2,1527.75,21.55,2
Puducherry,paddy,2021,3,1478.54,111.36,2
Puducherry,paddy,2021,4,1706.79,7.83,2
Puducherry,paddy,2021,5,1973.31,0,1
Puducherry,paddy,2021,6,1607.06,404.2,2
Puducherry,paddy,2021,7,1995.4,0,1
Puducherry,paddy,2021,8,1499.72,650.14,2
Puducherry,paddy,2021,9,1877.02,0,1
Puducherry,paddy,2021,10,1478.15,289.81,2
Puducherry,paddy,2021,11,1456.38,258.87,2
Puducherry,paddy,2021,12,1713.67,292.16,2
Puducherry,paddy,2022,1,1575.9,141.31,2
Puducherry,paddy,2022,2,1495.09,22.08,2
Puducherry,paddy,2022,3,1337.51,93.16,2
Puducherry,paddy,2022,4,1491.13,248.72,2
Puducherry,paddy,2022,5,1356.55,111.07,2
Puducherry,paddy,2022,6,1827.16,424.53,2
Puducherry,paddy,2022,7,1725.69,275.06,2
Puducherry,paddy,2022,8,1766.64,216.89,2
Puducherry,paddy,2022,9,1761.03,184.22,2
Puducherry,paddy,2022,10,1618.11,77.68,2
Puducherry,paddy,2022,11,1649.73,90.79,2
Puducherry,paddy,2022,12,1720.68,75.7,2
Puducherry,paddy,2023,1,1734.75,23.94,2
Puducherry,paddy,2023,2,1839.87,64.58,2
Puducherry,paddy,2023,3,1791.09,35.73,2
Puducherry,paddy,2023,4,1716.03,114.54,2
Puducherry,paddy,2023,5,1690.33,76.23,2
Puducherry,paddy,2023,6,2086.43,591.06,2
Puducherry,paddy,2023,7,2139.4,474.66,2
Puducherry,paddy,2023,8,1832.61,48.22,2
Puducherry,paddy,2023,9,1978.04,32.27,2
Puducherry,paddy,2023,10,1923.72,104.41,2
Puducherry,paddy,2023,11,2133.42,331.55,2
Puducherry,paddy,2023,12,2336.64,267.8,2
Puducherry,paddy,2024,1,2357.38,199.13,2
Puducherry,paddy,2024,2,2449.44,72.59,2
Puducherry,paddy,2024,3,2404.72,26.97,2
Puducherry,paddy,2024,4,2370.57,0,1
Puducherry,paddy,2024,5,1934.24,0,1
Puducherry,paddy,2024,6,1830.21,146.78,2
Puducherry,paddy,2024,7,2532.39,1057.28,2
Puducherry,paddy,2024,8,2353.91,805.71,2
Puducherry,paddy,2024,9,2556.29,910.35,2
Puducherry,paddy,2024,10,1915.3,49.36,2
Puducherry,paddy,2024,11,1740.41,0,1
Puducherry,paddy,2024,12,1981.49,153.46,2
Puducherry,paddy,2025,3,1968.05,191.56,2
Puducherry,paddy,2025,4,1940.25,16.36,2
Puducherry,paddy,2025,5,1735.65,0,1
Puducherry,paddy,2025,6,1732.48,17.65,2
Puducherry,paddy,2025,7,1999.77,225.89,2
Puducherry,paddy,2025,8,2070.34,351.33,2
Puducherry,paddy,2025,9,2075.46,367.09,2
Puducherry,paddy,2025,10,1765.45,0,1
Puducherry,paddy,2025,11,1942.7,207.83,2
Puducherry,paddy,2025,12,1944.94,201.19,2
Punjab,paddy,2021,1,2700,0,1
Punjab,paddy,2021,10,1959.83,0.81,33
Punjab,paddy,2021,11,1973.03,71.36,30
Punjab,paddy,2022,9,1870.27,276.21,5
Punjab,paddy,2022,10,2059.89,0.71,23
Punjab,paddy,2022,11,2094.42,157.73,21
Punjab,paddy,2022,12,3945,0,1
Punjab,paddy,2023,9,3580,0,1
Punjab,paddy,2023,10,2204.02,13.8,26
Punjab,paddy,2023,11,2203.02,0.09,25
Punjab,paddy,2023,12,2369.33,499,9
Punjab,paddy,2024,9,2185.99,572.93,2
Punjab,paddy,2024,10,2329.64,58.31,32
Punjab,paddy,2024,11,2330.46,64.43,34
Punjab,paddy,2024,12,2317,9.75,5
Punjab,paddy,2025,9,2388.9,0.49,13
Punjab,paddy,2025,10,2388.85,0.79,29
Punjab,paddy,2025,11,2388.48,2.68,31
Rajasthan,paddy,2021,1,2651.51,451,7
Rajasthan,paddy,2021,2,2535.59,731.16,6
Rajasthan,paddy,2021,3,2401.13,343.16,7
Rajasthan,paddy,2021,4,2531.43,272.55,5
Rajasthan,paddy,2021,5,2457.95,284.62,3
Rajasthan,paddy,2021,6,2188.6,195.59,3
Rajasthan,paddy,2021,7,2534.05,366.4,4
Rajasthan,paddy,2021,8,2279.81,354.2,6
Rajasthan,paddy,2021,10,2414.66,446.39,6
Rajasthan,paddy,2021,12,2944.48,313.86,5
Rajasthan,paddy,2022,1,3080.16,193.19,5
Rajasthan,paddy,2022,2,2997.7,640.15,6
Rajasthan,paddy,2022,3,3077.69,797.83,5
Rajasthan,paddy,2022,4,3502.11,742.4,4
Rajasthan,paddy,2022,5,3806.72,239.61,2
Rajasthan,paddy,2022,6,3749.29,307.97,3
Rajasthan,paddy,2022,7,3579.38,135.84,2
Rajasthan,paddy,2022,8,3015.23,21.55,2
Rajasthan,paddy,2022,9,2402.96,520.85,5
Rajasthan,paddy,2022,10,2710.4,557.63,6
Rajasthan,paddy,2022,11,3016.07,631.71,10
Rajasthan,paddy,2022,12,2921.2,825.37,9
Rajasthan,paddy,2023,1,4007.35,334.66,4
Rajasthan,paddy,2023,2,3746.44,58.58,3
Rajasthan,paddy,2023,3,3763.4,65.78,3
Rajasthan,paddy,2023,4,3883.65,314.8,3
Rajasthan,paddy,2023,5,3447.26,264.91,2
Rajasthan,paddy,2023,6,3155.42,387.93,2
Rajasthan,paddy,2023,7,3003.31,382.91,2
Rajasthan,paddy,2023,8,2878.13,584.74,3
Rajasthan,paddy,2023,9,2454.07,344.52,5
Rajasthan,paddy,2023,10,3115.34,570.67,9
Rajasthan,paddy,2023,11,3433.79,540.62,11
Rajasthan,paddy,2023,12,3667.67,631.17,9
Rajasthan,paddy,2024,1,3537.3,209.81,5
Rajasthan,paddy,2024,2,3398.35,325.16,5
Rajasthan,paddy,2024,3,3437.22,357.63,5
Rajasthan,paddy,2024,4,3344.52,621.55,5
Rajasthan,paddy,2024,5,3333.47,585.82,3
Rajasthan,paddy,2024,6,2989.69,339.57,2
Rajasthan,paddy,2024,7,2996.57,376.01,5
Rajasthan,paddy,2024,8,2360.99,247.97,5
Rajasthan,paddy,2024,9,2238.43,258.36,5
Rajasthan,paddy,2024,10,2424.89,387.59,11
Rajasthan,paddy,2024,11,2697.63,384.8,12
Rajasthan,paddy,2024,12,2826.27,314.17,11
Rajasthan,paddy,2025,1,2669.15,183.31,7
Rajasthan,paddy,2025,2,2491.3,347.6,7
Rajasthan,paddy,2025,3,2613.87,242.59,5
Rajasthan,paddy,2025,4,2643.76,243.2,5
Rajasthan,paddy,2025,5,2991.29,153.65,2
Rajasthan,paddy,2025,6,2788.76,213.44,4
Rajasthan,paddy,2025,7,2601.9,262.48,5
Rajasthan,paddy,2025,8,2636.42,212.72,4
Rajasthan,paddy,2025,9,2377.35,307.26,7
Rajasthan,paddy,2025,10,2526.25,325.88,10
Rajasthan,paddy,2025,11,2719.48,405.08,11
Rajasthan,paddy,2025,12,2863.19,563.21,9
Tamil Nadu,paddy,2021,1,1628.84,353.82,33
Tamil Nadu,paddy,2021,2,1620.79,262.13,32
Tamil Nadu,paddy,2021,3,1597.63,236.8,31
Tamil Nadu,paddy,2021,4,1456.02,271.72,30
Tamil Nadu,paddy,2021,5,1384.58,266.44,26
Tamil Nadu,paddy,2021,6,1466.62,297.76,27
Tamil Nadu,paddy,2021,7,1455.07,301.98,27
Tamil Nadu,paddy,2021,8,1430.43,287.88,25
Tamil Nadu,paddy,2021,9,1517.67,341.28,29
Tamil Nadu,paddy,2021,10,1385.17,203.1,21
Tamil Nadu,paddy,2021,11,1476.59,153.34,18
Tamil Nadu,paddy,2021,12,1549.54,283.68,21
Tamil Nadu,paddy,2022,1,1662.32,273.79,19
Tamil Nadu,paddy,2022,2,1542.44,306.21,22
Tamil Nadu,paddy,2022,3,1546.32,174.69,24
Tamil Nadu,paddy,2022,4,1561.2,218.44,20
Tamil Nadu,paddy,2022,5,1631.7,323.65,20
Tamil Nadu,paddy,2022,6,1649.8,200.77,18
Tamil Nadu,paddy,2022,7,1586.98,235.11,27
Tamil Nadu,paddy,2022,8,1658.73,273.79,30
Tamil Nadu,paddy,2022,9,1768.73,233.26,27
Tamil Nadu,paddy,2022,10,1691.82,268.81,26
Tamil Nadu,paddy,2022,11,1773.54,252.23,26
Tamil Nadu,paddy,2022,12,1869.82,251.76,28
Tamil Nadu,paddy,2023,1,1786.17,245.39,29
Tamil Nadu,paddy,2023,2,1873.6,315.83,27
Tamil Nadu,paddy,2023,3,1713.79,209.13,26
Tamil Nadu,paddy,2023,4,1791.37,275.99,25
Tamil Nadu,paddy,2023,5,1815.64,185.56,23
Tamil Nadu,paddy,2023,6,1901.59,262.73,24
Tamil Nadu,paddy,2023,7,1867.74,223.53,21
Tamil Nadu,paddy,2023,8,1971.28,285.52,29
Tamil Nadu,paddy,2023,9,1994.29,345.15,25
Tamil Nadu,paddy,2023,10,2050.36,262.49,26
Tamil Nadu,paddy,2023,11,1970.99,335.44,24
Tamil Nadu,paddy,2023,12,2102.73,368.53,22
Tamil Nadu,paddy,2024,1,2258.47,467.25,22
Tamil Nadu,paddy,2024,2,2116.12,261.32,28
Tamil Nadu,paddy,2024,3,2084.99,248.87,23
Tamil Nadu,paddy,2024,4,2013.47,292.74,22
Tamil Nadu,paddy,2024,5,1971.57,303.93,29
Tamil Nadu,paddy,2024,6,2046.61,385.73,53
Tamil Nadu,paddy,2024,7,2054.15,439.87,58
Tamil Nadu,paddy,2024,8,2130.76,453.52,47
Tamil Nadu,paddy,2024,9,2219.52,497.07,41
Tamil Nadu,paddy,2024,10,2212.84,408.61,34
Tamil Nadu,paddy,2024,11,2197.13,383.97,38
Tamil Nadu,paddy,2024,12,2118.82,469.45,41
Tamil Nadu,paddy,2025,1,2070.14,463.9,58
Tamil Nadu,paddy,2025,2,2208.39,345.81,62
Tamil Nadu,paddy,2025,3,2093.65,330.89,67
Tamil Nadu,paddy,2025,4,2092.86,333.93,54
Tamil Nadu,paddy,2025,5,2012.36,401.55,55
Tamil Nadu,paddy,2025,6,1980.88,339.94,50
Tamil Nadu,paddy,2025,7,2147.32,458.97,45
Tamil Nadu,paddy,2025,8,2081.09,368.98,43
Tamil Nadu,paddy,2025,9,2078.44,420.76,45
Tamil Nadu,paddy,2025,10,2090.25,455.07,46
Tamil Nadu,paddy,2025,11,2003.51,398.79,52
Tamil Nadu,paddy,2025,12,2126.73,368.42,46
Telangana,paddy,2021,1,1769.14,138.23,7
Telangana,paddy,2021,2,1684.76,268.26,7
Telangana,paddy,2021,3,1717.22,194.96,10
Telangana,paddy,2021,4,1630.11,269.75,11
Telangana,paddy,2021,5,1675.29,229.55,10
Telangana,paddy,2021,6,1530.9,274.14,10
Telangana,paddy,2021,7,1530.62,286.35,10
Telangana,paddy,2021,8,1690.68,234.47,13
Telangana,paddy,2021,9,1723.67,278.17,17
Telangana,paddy,2021,10,1756.97,226.9,15
Telangana,paddy,2021,11,1622.21,486.07,14
Telangana,paddy,2021,12,1796.56,222.6,16
Telangana,paddy,2022,1,1665.7,376.81,23
Telangana,paddy,2022,2,1681.21,375.38,24
Telangana,paddy,2022,3,1622.77,400.65,23
Telangana,paddy,2022,4,1660.61,391.28,20
Telangana,paddy,2022,5,1665.07,381.45,25
Telangana,paddy,2022,6,1689.8,379.22,23
Telangana,paddy,2022,7,1790.33,220.49,24
Telangana,paddy,2022,8,1836.2,257.88,23
Telangana,paddy,2022,9,1815.92,422.36,25
Telangana,paddy,2022,10,1858.7,419.48,22
Telangana,paddy,2022,11,1927.1,363.89,30
Telangana,paddy,2022,12,1962.11,364.45,30
Telangana,paddy,2023,1,1982.47,415.17,27
Telangana,paddy,2023,2,2043.49,477.03,23
Telangana,paddy,2023,3,1966.88,508.74,18
Telangana,paddy,2023,4,1880.84,390.28,25
Telangana,paddy,2023,5,1825.59,364.73,28
Telangana,paddy,2023,6,1863.13,409.21,26
Telangana,paddy,2023,7,2015.76,463.01,24
Telangana,paddy,2023,8,2065.28,511.26,20
Telangana,paddy,2023,9,2054.01,504.53,21
Telangana,paddy,2023,10,2077.37,446.54,23
Telangana,paddy,2023,11,2133.71,430.16,27
Telangana,paddy,2023,12,2248.31,453.36,28
Telangana,paddy,2024,1,2370,249.29,22
Telangana,paddy,2024,2,2295.15,330.42,17
Telangana,paddy,2024,3,2281.37,196.89,20
Telangana,paddy,2024,4,2162.49,103.37,24
Telangana,paddy,2024,5,2133.8,151.43,26
Telangana,paddy,2024,6,2234.99,185.39,21
Telangana,paddy,2024,7,2279.46,191.82,18
Telangana,paddy,2024,8,2305.61,213.54,13
Telangana,paddy,2024,9,2311.86,266.3,13
Telangana,paddy,2024,10,2214.75,157.92,19
Telangana,paddy,2024,11,2349.02,188.21,27
Telangana,paddy,2024,12,2350.94,167.82,23
Telangana,paddy,2025,1,2352.54,134.02,19
Telangana,paddy,2025,2,2297.26,174.25,14
Telangana,paddy,2025,3,2177.42,165.41,11
Telangana,paddy,2025,4,2063.32,196.74,17
Telangana,paddy,2025,5,2000.37,190.5,20
Telangana,paddy,2025,6,2055.87,176.32,20
Telangana,paddy,2025,7,2120.31,182.01,14
Telangana,paddy,2025,8,2215.83,179.55,11
Telangana,paddy,2025,9,2108.19,262.72,12
Telangana,paddy,2025,10,2147.89,290.81,14
Telangana,paddy,2025,11,2456.89,563.75,23
Telangana,paddy,2025,12,2506.76,435.61,20
Tripura,paddy,2021,1,1608.05,165.39,2
Tripura,paddy,2021,2,1645.08,113.03,2
Tripura,paddy,2021,3,1660.7,90.94,2
Tripura,paddy,2021,4,1658.73,58.37,2
Tripura,paddy,2021,5,1659.65,57.07,2
Tripura,paddy,2021,6,1579.98,0,1
Tripura,paddy,2021,7,1605.03,0,1
Tripura,paddy,2021,8,1602.21,0,1
Tripura,paddy,2021,9,1597.53,0,1
Tripura,paddy,2021,10,1808.89,0,1
Tripura,paddy,2021,11,1819.94,0,1
Tripura,paddy,2021,12,1749.9,66.09,3
Tripura,paddy,2022,1,1706.9,126.65,2
Tripura,paddy,2022,2,1798.95,0,1
Tripura,paddy,2022,3,1810.58,0,1
Tripura,paddy,2022,4,1850.11,0,1
Tripura,paddy,2022,5,1816.87,0,1
Tripura,paddy,2022,6,1821.15,0,1
Tripura,paddy,2022,7,1758.33,0,1
Tripura,paddy,2022,8,1828.97,0,1
Tripura,paddy,2022,9,1760.34,0,1
Tripura,paddy,2022,10,1893.24,0,1
Tripura,paddy,2022,11,1844.65,204.57,2
Tripura,paddy,2022,12,2013.95,0,1
Tripura,paddy,2023,1,2028.97,0,1
Tripura,paddy,2023,2,1953.33,0,1
Tripura,paddy,2023,5,1740.33,0,1
Tripura,paddy,2023,6,1910.89,0,1
Tripura,paddy,2023,7,2260.5,494.27,2
Tripura,paddy,2023,8,2318.18,0,1
Tripura,paddy,2023,9,2030.49,0,1
Tripura,paddy,2023,10,2228.57,0,1
Tripura,paddy,2023,11,2250,0,1
Tripura,paddy,2023,12,2240.82,0,1
Tripura,paddy,2024,1,2100,0,1
Tripura,paddy,2024,2,2131.13,0,1
Tripura,paddy,2024,3,2200,0,1
Tripura,paddy,2024,4,2216.07,0,1
Tripura,paddy,2024,5,2232.35,0,1
Tripura,paddy,2024,6,2250,0,1
Tripura,paddy,2024,7,2250,0,1
Tripura,paddy,2024,8,2270,0,1
Tripura,paddy,2024,9,2276.32,0,1
Tripura,paddy,2024,10,2355.74,0,1
Tripura,paddy,2024,11,2363.5,0,1
Tripura,paddy,2024,12,2360,0,1
Tripura,paddy,2025,1,2352.57,0,1
Tripura,paddy,2025,2,2367.31,0,1
Tripura,paddy,2025,3,2350,0,1
Tripura,paddy,2025,4,2350,0,1
Tripura,paddy,2025,5,2380,0,1
Tripura,paddy,2025,6,2280,0,1
Tripura,paddy,2025,7,2280,0,1
Tripura,paddy,2025,8,2348.38,0,1
Tripura,paddy,2025,9,2350,0,1
Tripura,paddy,2025,10,2270,0,1
Uttar Pradesh,paddy,2021,1,1872.85,51.86,60
Uttar Pradesh,paddy,2021,2,1845.78,96.67,53
Uttar Pradesh,paddy,2021,3,1624.4,186.58,32
Uttar Pradesh,paddy,2021,4,1598.17,191.83,19
Uttar Pradesh,paddy,2021,5,1517.81,151.89,12
Uttar Pradesh,paddy,2021,6,1549.3,108.49,10
Uttar Pradesh,paddy,2021,7,1509.53,120.01,9
Uttar Pradesh,paddy,2021,8,1492.7,112.05,10
Uttar Pradesh,paddy,2021,9,1526.26,102.62,10
Uttar Pradesh,paddy,2021,10,1740.79,271.52,32
Uttar Pradesh,paddy,2021,11,1974.59,81.19,55
Uttar Pradesh,paddy,2021,12,1975.94,91.93,56
Uttar Pradesh,paddy,2022,1,1967.2,71.22,52
Uttar Pradesh,paddy,2022,2,1939.81,169.29,48
Uttar Pradesh,paddy,2022,3,1865.57,305.01,37
Uttar Pradesh,paddy,2022,4,1694.44,235.02,21
Uttar Pradesh,paddy,2022,5,1614.84,200.12,18
Uttar Pradesh,paddy,2022,6,1643.56,186.35,21
Uttar Pradesh,paddy,2022,7,1614.86,150.55,19
Uttar Pradesh,paddy,2022,8,1649.29,125.47,17
Uttar Pradesh,paddy,2022,9,1676.99,180.58,19
Uttar Pradesh,paddy,2022,10,1939.45,285.51,29
Uttar Pradesh,paddy,2022,11,2070.94,145.71,62
Uttar Pradesh,paddy,2022,12,2082.31,119.26,62
Uttar Pradesh,paddy,2023,1,2086.64,147.1,61
Uttar Pradesh,paddy,2023,2,2113.53,257,55
Uttar Pradesh,paddy,2023,3,1985.09,149.63,32
Uttar Pradesh,paddy,2023,4,2035.01,380.23,20
Uttar Pradesh,paddy,2023,5,1929.5,97.05,18
Uttar Pradesh,paddy,2023,6,1973.29,139.48,21
Uttar Pradesh,paddy,2023,7,1966.52,129.47,21
Uttar Pradesh,paddy,2023,8,2018.32,116.95,17
Uttar Pradesh,paddy,2023,9,2034.24,93.11,21
Uttar Pradesh,paddy,2023,10,2186.68,222.37,36
Uttar Pradesh,paddy,2023,11,2227.29,136.86,55
Uttar Pradesh,paddy,2023,12,2184.82,173.46,60
Uttar Pradesh,paddy,2024,1,2186.39,152.64,55
Uttar Pradesh,paddy,2024,2,2180.69,131.17,49
Uttar Pradesh,paddy,2024,3,2204.26,162.58,42
Uttar Pradesh,paddy,2024,4,2197.57,114.82,28
Uttar Pradesh,paddy,2024,5,2188.62,54.14,28
Uttar Pradesh,paddy,2024,6,2199.36,75.78,24
Uttar Pradesh,paddy,2024,7,2178.84,137.31,24
Uttar Pradesh,paddy,2024,8,2185.88,136.31,24
Uttar Pradesh,paddy,2024,9,2214.32,99.46,25
Uttar Pradesh,paddy,2024,10,2193.83,114.67,36
Uttar Pradesh,paddy,2024,11,2246.11,90.96,53
Uttar Pradesh,paddy,2024,12,2277.77,53.16,53
Uttar Pradesh,paddy,2025,1,2294.48,72.67,51
Uttar Pradesh,paddy,2025,2,2257.79,70.71,49
Uttar Pradesh,paddy,2025,3,2221.85,104.03,36
Uttar Pradesh,paddy,2025,4,2168.98,131.09,33
Uttar Pradesh,paddy,2025,5,2174.35,171.2,28
Uttar Pradesh,paddy,2025,6,2180.6,117.78,26
Uttar Pradesh,paddy,2025,7,2175.05,120.99,26
Uttar Pradesh,paddy,2025,8,2179.05,133.39,24
Uttar Pradesh,paddy,2025,9,2164.2,148.54,25
Uttar Pradesh,paddy,2025,10,2115.25,201.51,34
Uttar Pradesh,paddy,2025,11,2248.28,190.19,59
Uttar Pradesh,paddy,2025,12,2307.87,197.57,58
Uttarakhand,paddy,2021,10,1938.77,0,1
Uttarakhand,paddy,2022,1,1950,14.14,2
Uttarakhand,paddy,2022,2,1969.7,42,2
Uttarakhand,paddy,2022,6,2299.38,1021.33,3
Uttarakhand,paddy,2022,7,2071.04,0,1
Uttarakhand,paddy,2022,8,1709.51,0,1
Uttarakhand,paddy,2022,9,1947.91,0,1
Uttarakhand,paddy,2022,10,2036.77,13,4
Uttarakhand,paddy,2022,11,2040.04,1.89,4
Uttarakhand,paddy,2022,12,1932.77,195.79,4
Uttarakhand,paddy,2023,1,2077.44,341.82,5
Uttarakhand,paddy,2023,2,2013.88,0,1
Uttarakhand,paddy,2023,3,1950.55,144.91,3
Uttarakhand,paddy,2023,4,2105.49,64.78,3
Uttarakhand,paddy,2023,5,2038.46,19.04,2
Uttarakhand,paddy,2023,6,2170.24,203.49,4
Uttarakhand,paddy,2023,7,2161.51,146.12,5
Uttarakhand,paddy,2023,8,2050.56,323.35,5
Uttarakhand,paddy,2023,9,2005.7,319.71,4
Uttarakhand,paddy,2023,10,2196.13,141.39,6
Uttarakhand,paddy,2023,11,2207.32,108.61,6
Uttarakhand,paddy,2023,12,2159.45,35.35,5
Uttarakhand,paddy,2024,1,2328.15,552.84,6
Uttarakhand,paddy,2024,2,2123.01,172.27,4
Uttarakhand,paddy,2024,3,2236.9,74.63,3
Uttarakhand,paddy,2024,4,2536.74,466.67,4
Uttarakhand,paddy,2024,5,2262.69,83.4,2
Uttarakhand,paddy,2024,6,2071.47,245.58,4
Uttarakhand,paddy,2024,7,1944.88,388.02,5
Uttarakhand,paddy,2024,8,1970.37,339.23,5
Uttarakhand,paddy,2024,9,2390.62,691.44,5
Uttarakhand,paddy,2024,10,2186.69,141.37,6
Uttarakhand,paddy,2024,11,2243.73,111.34,7
Uttarakhand,paddy,2024,12,2359.56,280.48,5
Uttarakhand,paddy,2025,1,2291.19,60.98,5
Uttarakhand,paddy,2025,2,2367.86,275.44,4
Uttarakhand,paddy,2025,3,2094.04,222.02,5
Uttarakhand,paddy,2025,4,2225,289.91,2
Uttarakhand,paddy,2025,5,1918.33,0,1
Uttarakhand,paddy,2025,6,2023.32,291.86,3
Uttarakhand,paddy,2025,7,2076.13,319.26,3
Uttarakhand,paddy,2025,8,2076.82,358.09,5
Uttarakhand,paddy,2025,9,1972.36,237.05,4
Uttarakhand,paddy,2025,10,2288.94,119.62,5
Uttarakhand,paddy,2025,11,2305.81,104.11,7
Uttarakhand,paddy,2025,12,2263.37,95,4
Bihar,wheat,2022,2,2020,28.28,2
Bihar,wheat,2022,4,1985.25,0,1
Bihar,wheat,2022,5,2040.54,0,1
Bihar,wheat,2022,6,2012.59,0,1
Bihar,wheat,2022,7,2075,0,1
Bihar,wheat,2022,10,2445.08,0,1
Bihar,wheat,2022,11,2501.58,0,1
Bihar,wheat,2022,12,2576.38,0,1
Bihar,wheat,2023,1,2584.03,0,1
Bihar,wheat,2023,2,2454.46,0,1
Bihar,wheat,2023,8,2242.79,0,1
Bihar,wheat,2023,9,2329.93,0,1
Bihar,wheat,2023,10,2430.72,0,1
Bihar,wheat,2023,11,2535.87,0,1
Bihar,wheat,2023,12,2557.64,0,1
Bihar,wheat,2024,1,2542.58,0,1
Bihar,wheat,2024,2,2538.89,0,1
Bihar,wheat,2024,3,2538.69,0,1
Bihar,wheat,2024,4,2307.35,0,1
Bihar,wheat,2024,5,2357.38,0,1
Bihar,wheat,2024,6,2429.29,0,1
Bihar,wheat,2024,7,2455.71,0,1
Bihar,wheat,2024,8,2453.55,0,1
Bihar,wheat,2024,9,2473.08,0,1
Bihar,wheat,2024,10,2629.69,0,1
Bihar,wheat,2024,11,2757.99,0,1
Bihar,wheat,2024,12,2888.99,0,1
Bihar,wheat,2025,1,2939.66,0,1
Bihar,wheat,2025,2,2983.53,0,1
Bihar,wheat,2025,3,3019.74,0,1
Bihar,wheat,2025,4,2666.27,0,1
Bihar,wheat,2025,5,2469.4,0,1
Bihar,wheat,2025,6,2459.89,0,1
Bihar,wheat,2025,7,2498.82,0,1
Bihar,wheat,2025,8,2671.65,0,1
Bihar,wheat,2025,9,2672.16,0,1
Bihar,wheat,2025,10,2677.14,0,1
Bihar,wheat,2025,11,2675,0,1
Bihar,wheat,2025,12,2607.46,0,1
Chhattisgarh,wheat,2021,1,1932.15,1305.6,8
Chhattisgarh,wheat,2021,2,1595.79,598.48,8
Chhattisgarh,wheat,2021,3,1685.04,90.86,9
Chhattisgarh,wheat,2021,4,1628.42,154.78,8
Chhattisgarh,wheat,2021,5,1665.16,85.74,8
Chhattisgarh,wheat,2021,6,1684.64,155.64,10
Chhattisgarh,wheat,2021,7,1709.2,185.19,10
Chhattisgarh,wheat,2021,8,1571.76,351.89,12
Chhattisgarh,wheat,2021,9,1843.94,190.67,9
Chhattisgarh,wheat,2021,10,1899.36,164.61,9
Chhattisgarh,wheat,2021,11,1913.04,154.16,6
Chhattisgarh,wheat,2021,12,1650.91,492.28,7
Chhattisgarh,wheat,2022,1,1888.14,125.96,7
Chhattisgarh,wheat,2022,2,1792.08,147.38,7
Chhattisgarh,wheat,2022,3,2005.2,115.15,9
Chhattisgarh,wheat,2022,4,2094.92,168.02,12
Chhattisgarh,wheat,2022,5,2103.51,126.08,10
Chhattisgarh,wheat,2022,6,2055.79,127.69,10
Chhattisgarh,wheat,2022,7,2186.88,249.11,10
Chhattisgarh,wheat,2022,8,2202.24,245.7,8
Chhattisgarh,wheat,2022,9,2237.95,215.54,7
Chhattisgarh,wheat,2022,10,2086.35,430.65,10
Chhattisgarh,wheat,2022,11,2284.29,556,9
Chhattisgarh,wheat,2022,12,2391.21,208.64,5
Chhattisgarh,wheat,2023,1,2550.07,302.7,6
Chhattisgarh,wheat,2023,2,2322.37,261.22,5
Chhattisgarh,wheat,2023,3,2142.02,487.08,11
Chhattisgarh,wheat,2023,4,2044.31,101.52,10
Chhattisgarh,wheat,2023,5,2196.03,252.9,9
Chhattisgarh,wheat,2023,6,2204.71,320.07,10
Chhattisgarh,wheat,2023,7,2206.36,109.75,8
Chhattisgarh,wheat,2023,8,2278.73,124.9,7
Chhattisgarh,wheat,2023,9,2170.94,406.16,9
Chhattisgarh,wheat,2023,10,2145.92,511.54,8
Chhattisgarh,wheat,2023,11,2440.36,160.75,6
Chhattisgarh,wheat,2023,12,2391.39,255.58,7
Chhattisgarh,wheat,2024,1,2428.86,275.34,7
Chhattisgarh,wheat,2024,2,2378.64,227.6,7
Chhattisgarh,wheat,2024,3,2301.44,115.51,8
Chhattisgarh,wheat,2024,4,2276.36,250.2,11
Chhattisgarh,wheat,2024,5,2393.47,576.07,10
Chhattisgarh,wheat,2024,6,2353.83,229.2,9
Chhattisgarh,wheat,2024,7,2470.34,515.38,9
Chhattisgarh,wheat,2024,8,2383.42,188.28,7
Chhattisgarh,wheat,2024,9,2262.84,387.82,8
Chhattisgarh,wheat,2024,10,2605.57,195.98,8
Chhattisgarh,wheat,2024,11,2634.82,192.34,7
Chhattisgarh,wheat,2024,12,2601.32,240.01,7
Chhattisgarh,wheat,2025,1,2912.6,544.13,8
Chhattisgarh,wheat,2025,2,2797.65,402.75,9
Chhattisgarh,wheat,2025,3,2472,295.79,9
Chhattisgarh,wheat,2025,4,2575.07,327.51,11
Chhattisgarh,wheat,2025,5,2643.51,279.66,10
Chhattisgarh,wheat,2025,6,2576.17,223.87,10
Chhattisgarh,wheat,2025,7,2481.15,326.19,9
Chhattisgarh,wheat,2025,8,2906.35,729.25,8
Chhattisgarh,wheat,2025,9,2535.63,282.31,11
Chhattisgarh,wheat,2025,10,2553.58,321.84,9
Chhattisgarh,wheat,2025,11,2631.47,479.47,6
Chhattisgarh,wheat,2025,12,2415.11,446.36,6
Gujarat,wheat,2021,1,1743.92,89.15,45
Gujarat,wheat,2021,2,1718.93,78.77,46
Gujarat,wheat,2021,3,1754.6,147.47,48
Gujarat,wheat,2021,4,1748.08,150.76,41
Gujarat,wheat,2021,5,1725.54,146,27
Gujarat,wheat,2021,6,1708.24,126.73,43
Gujarat,wheat,2021,7,1731.34,94,36
Gujarat,wheat,2021,8,1807.27,106.46,34
Gujarat,wheat,2021,9,1954.86,127.66,37
Gujarat,wheat,2021,10,1956.59,228.88,53
Gujarat,wheat,2021,11,2026.13,96.61,40
Gujarat,wheat,2021,12,2017.23,93.54,45
Gujarat,wheat,2022,1,2026.33,94.15,48
Gujarat,wheat,2022,2,2027.27,118.71,51
Gujarat,wheat,2022,3,2253.05,178.46,52
Gujarat,wheat,2022,4,2362.92,233.17,49
Gujarat,wheat,2022,5,2318.63,184.19,48
Gujarat,wheat,2022,6,2208.45,162.32,46
Gujarat,wheat,2022,7,2229.55,124.06,44
Gujarat,wheat,2022,8,2336.08,100.82,41
Gujarat,wheat,2022,9,2307.3,120.79,39
Gujarat,wheat,2022,10,2322.55,106.41,39
Gujarat,wheat,2022,11,2519.2,253.23,42
Gujarat,wheat,2022,12,2634.17,161.18,39
Gujarat,wheat,2023,1,2755.52,156.12,40
Gujarat,wheat,2023,2,2493.21,192.69,44
Gujarat,wheat,2023,3,2362.98,207.89,42
Gujarat,wheat,2023,4,2365.63,409.8,47
Gujarat,wheat,2023,5,2266.48,181.41,51
Gujarat,wheat,2023,6,2256.75,123.92,50
Gujarat,wheat,2023,7,2249.02,140.67,50
Gujarat,wheat,2023,8,2418.54,113.95,52
Gujarat,wheat,2023,9,2476.83,121.48,49
Gujarat,wheat,2023,10,2539.76,140.04,51
Gujarat,wheat,2023,11,2677.7,171.45,50
Gujarat,wheat,2023,12,2622.3,148.01,46
Gujarat,wheat,2024,1,2676.89,133.16,46
Gujarat,wheat,2024,2,2513.14,166.22,52
Gujarat,wheat,2024,3,2481.07,170.83,51
Gujarat,wheat,2024,4,2511.5,174.47,63
Gujarat,wheat,2024,5,2501.44,173.42,65
Gujarat,wheat,2024,6,2534,152.96,57
Gujarat,wheat,2024,7,2578.11,151.11,63
Gujarat,wheat,2024,8,2624.55,166.46,65
Gujarat,wheat,2024,9,2693.75,163.64,64
Gujarat,wheat,2024,10,2771.78,218.07,63
Gujarat,wheat,2024,11,2903.65,195.73,59
Gujarat,wheat,2024,12,2882.46,194.7,58
Gujarat,wheat,2025,1,2995,219.11,57
Gujarat,wheat,2025,2,2893.18,229.48,60
Gujarat,wheat,2025,3,2550.13,144.38,72
Gujarat,wheat,2025,4,2543.24,159.02,69
Gujarat,wheat,2025,5,2511.77,154.19,68
Gujarat,wheat,2025,6,2473.48,109.94,67
Gujarat,wheat,2025,7,2502.94,92.99,64
Gujarat,wheat,2025,8,2590.08,121.1,64
Gujarat,wheat,2025,9,2616.54,121.17,62
Gujarat,wheat,2025,10,2572.16,95.09,59
Gujarat,wheat,2025,11,2586.12,110.02,61
Gujarat,wheat,2025,12,2548.11,120.46,54
Haryana,wheat,2021,3,1926,0,1
Haryana,wheat,2021,4,1975,0,13
Haryana,wheat,2021,5,1975,0,5
Haryana,wheat,2021,6,1976,0,1
Haryana,wheat,2022,3,2050,0,2
Haryana,wheat,2022,4,2023.98,24.09,35
Haryana,wheat,2022,5,2038.47,47.04,23
Haryana,wheat,2022,6,2390.36,791.46,6
Haryana,wheat,2022,7,1977,66.69,3
Haryana,wheat,2023,1,2500,0,1
Haryana,wheat,2023,3,2128.57,0,1
Haryana,wheat,2023,4,2125.91,3,50
Haryana,wheat,2023,5,2129.8,11.78,37
Haryana,wheat,2023,6,2204.89,49.9,3
Haryana,wheat,2023,7,2201.18,0,1
Haryana,wheat,2023,8,2176.72,0,1
Haryana,wheat,2023,9,2158.5,55.86,2
Haryana,wheat,2023,10,2300,0,1
Haryana,wheat,2023,11,2130,0,1
Haryana,wheat,2023,12,2250,0,1
Haryana,wheat,2024,1,2300,0,1
Haryana,wheat,2024,2,2250,70.71,2
Haryana,wheat,2024,4,2274.01,11.25,48
Haryana,wheat,2024,5,2275.2,0.74,40
Haryana,wheat,2024,6,2326.3,45.73,5
Haryana,wheat,2024,7,2360,84.85,2
Haryana,wheat,2024,8,2444.8,123.45,3
Haryana,wheat,2024,9,2532.25,217.07,3
Haryana,wheat,2024,10,2706.37,25.2,2
Haryana,wheat,2024,11,2803.85,0,1
Haryana,wheat,2024,12,2610,0,1
Haryana,wheat,2025,1,2655,219.2,2
Haryana,wheat,2025,2,2470,0,1
Haryana,wheat,2025,3,2380.43,221.86,5
Haryana,wheat,2025,4,2425.74,1.7,62
Haryana,wheat,2025,5,2424.92,4.15,48
Haryana,wheat,2025,6,2491.2,79.25,4
Haryana,wheat,2025,7,2500,0,1
Haryana,wheat,2025,8,2465.88,36.6,2
Haryana,wheat,2025,9,2529.44,105.33,3
Haryana,wheat,2025,12,2530,113.14,2
Jharkhand,wheat,2021,1,2253.56,0,1
Jharkhand,wheat,2021,2,2321.66,0,1
Jharkhand,wheat,2021,3,2267.38,0,1
Jharkhand,wheat,2021,4,2260.09,0,1
Jharkhand,wheat,2021,5,2238.33,0,1
Jharkhand,wheat,2021,6,2270,0,1
Jharkhand,wheat,2021,7,2220,0,1
Karnataka,wheat,2021,7,2150,0,1
Karnataka,wheat,2021,8,2100,0,1
Karnataka,wheat,2024,5,3050,0,1
Karnataka,wheat,2024,6,3965,0,1
Karnataka,wheat,2024,7,3680.95,0,1
Karnataka,wheat,2024,8,4500,0,1
Karnataka,wheat,2024,9,2800,0,1
Madhya Pradesh,wheat,2021,1,1763.26,171.65,81
Madhya Pradesh,wheat,2021,2,1720.83,138.37,93
Madhya Pradesh,wheat,2021,3,1743.35,173.85,98
Madhya Pradesh,wheat,2021,4,1865.66,223.8,94
Madhya Pradesh,wheat,2021,5,1913.85,262.89,72
Madhya Pradesh,wheat,2021,6,1750.57,188.13,97
Madhya Pradesh,wheat,2021,7,1756.65,181.73,100
Madhya Pradesh,wheat,2021,8,1796.69,171.25,101
Madhya Pradesh,wheat,2021,9,1879.73,158.86,100
Madhya Pradesh,wheat,2021,10,1916.68,149.92,98
Madhya Pradesh,wheat,2021,11,1950.64,166.31,99
Madhya Pradesh,wheat,2021,12,1935.95,157.37,100
Madhya Pradesh,wheat,2022,1,1959.3,157.59,102
Madhya Pradesh,wheat,2022,2,1980.68,177.92,102
Madhya Pradesh,wheat,2022,3,2087.53,166.09,101
Madhya Pradesh,wheat,2022,4,2071.08,154.39,103
Madhya Pradesh,wheat,2022,5,2091.41,170.79,100
Madhya Pradesh,wheat,2022,6,2008.97,131.39,101
Madhya Pradesh,wheat,2022,7,2111.18,115.5,102
Madhya Pradesh,wheat,2022,8,2252.76,106.34,102
Madhya Pradesh,wheat,2022,9,2232.17,107.23,103
Madhya Pradesh,wheat,2022,10,2282.99,111.11,101
Madhya Pradesh,wheat,2022,11,2462.59,114.59,92
Madhya Pradesh,wheat,2022,12,2534.8,190.91,99
Madhya Pradesh,wheat,2023,1,2630.87,133.81,91
Madhya Pradesh,wheat,2023,2,2317.51,161.19,94
Madhya Pradesh,wheat,2023,3,2132.26,158.46,96
Madhya Pradesh,wheat,2023,4,2142.26,175.22,100
Madhya Pradesh,wheat,2023,5,2204.06,146.09,98
Madhya Pradesh,wheat,2023,6,2239.46,125.47,98
Madhya Pradesh,wheat,2023,7,2258.85,130.86,99
Madhya Pradesh,wheat,2023,8,2386.91,147.31,99
Madhya Pradesh,wheat,2023,9,2442.14,187.65,99
Madhya Pradesh,wheat,2023,10,2488.66,204.47,100
Madhya Pradesh,wheat,2023,11,2566.45,188.08,98
Madhya Pradesh,wheat,2023,12,2486.62,188.11,100
Madhya Pradesh,wheat,2024,1,2482.1,157.46,89
Madhya Pradesh,wheat,2024,2,2355.31,105.72,102
Madhya Pradesh,wheat,2024,3,2341.57,113.4,103
Madhya Pradesh,wheat,2024,4,2341.27,120.71,103
Madhya Pradesh,wheat,2024,5,2400.64,129.91,103
Madhya Pradesh,wheat,2024,6,2457.47,123.99,103
Madhya Pradesh,wheat,2024,7,2508.9,169.73,95
Madhya Pradesh,wheat,2024,8,2621.59,156.4,104
Madhya Pradesh,wheat,2024,9,2644.16,160.96,104
Madhya Pradesh,wheat,2024,10,2751.01,152.82,105
Madhya Pradesh,wheat,2024,11,2806.89,146.15,102
Madhya Pradesh,wheat,2024,12,2809.99,155.64,105
Madhya Pradesh,wheat,2025,1,2946.45,191.02,105
Madhya Pradesh,wheat,2025,2,2897.34,168.81,104
Madhya Pradesh,wheat,2025,3,2516.14,94.01,104
Madhya Pradesh,wheat,2025,4,2485.32,84.29,104
Madhya Pradesh,wheat,2025,5,2520.14,87.33,104
Madhya Pradesh,wheat,2025,6,2503.07,86.03,104
Madhya Pradesh,wheat,2025,7,2537.57,98.43,103
Madhya Pradesh,wheat,2025,8,2613.92,102.3,104
Madhya Pradesh,wheat,2025,9,2582.09,97,103
Madhya Pradesh,wheat,2025,10,2520.77,107.15,103
Madhya Pradesh,wheat,2025,11,2474.55,93.97,104
Madhya Pradesh,wheat,2025,12,2480.91,98.44,104
Maharashtra,wheat,2021,1,1738.04,381.89,76
Maharashtra,wheat,2021,2,1727.01,437.45,76
Maharashtra,wheat,2021,3,1813.66,384.45,80
Maharashtra,wheat,2021,4,1890.35,441.12,81
Maharashtra,wheat,2021,5,1842.56,423.39,78
Maharashtra,wheat,2021,6,1792.56,318.19,85
Maharashtra,wheat,2021,7,1788.85,397.04,78
Maharashtra,wheat,2021,8,1807,373.54,77
Maharashtra,wheat,2021,9,1884.8,376.66,77
Maharashtra,wheat,2021,10,1884.14,382.74,77
Maharashtra,wheat,2021,11,1919.58,295.2,76
Maharashtra,wheat,2021,12,1989.25,478.34,75
Maharashtra,wheat,2022,1,2026.02,586.44,74
Maharashtra,wheat,2022,2,1958.04,297.85,77
Maharashtra,wheat,2022,3,2171.14,291.43,79
Maharashtra,wheat,2022,4,2246.5,292.93,80
Maharashtra,wheat,2022,5,2237.04,303.04,76
Maharashtra,wheat,2022,6,2187.66,315.53,81
Maharashtra,wheat,2022,7,2250.63,321.51,82
Maharashtra,wheat,2022,8,2390.98,332.31,76
Maharashtra,wheat,2022,9,2376.79,346.83,77
Maharashtra,wheat,2022,10,2406.47,304.09,73
Maharashtra,wheat,2022,11,2612.56,342.03,76
Maharashtra,wheat,2022,12,2684.09,365.42,66
Maharashtra,wheat,2023,1,2786.92,388.65,68
Maharashtra,wheat,2023,2,2503.95,384.63,75
Maharashtra,wheat,2023,3,2321.53,381.38,78
Maharashtra,wheat,2023,4,2421.99,355.77,76
Maharashtra,wheat,2023,5,2391.27,319.32,78
Maharashtra,wheat,2023,6,2425.66,378.95,78
Maharashtra,wheat,2023,7,2437.21,373.48,79
Maharashtra,wheat,2023,8,2525.99,380.69,79
Maharashtra,wheat,2023,9,2547.88,393.7,75
Maharashtra,wheat,2023,10,2585.05,394.09,71
Maharashtra,wheat,2023,11,2768.97,410.62,71
Maharashtra,wheat,2023,12,2720.55,405.77,69
Maharashtra,wheat,2024,1,2634.06,214.72,65
Maharashtra,wheat,2024,2,2561.77,251.52,66
Maharashtra,wheat,2024,3,2562.56,383.53,88
Maharashtra,wheat,2024,4,2608.99,463.61,76
Maharashtra,wheat,2024,5,2568.56,361.69,81
Maharashtra,wheat,2024,6,2623.3,348.11,80
Maharashtra,wheat,2024,7,2623.86,301.63,73
Maharashtra,wheat,2024,8,2672.23,350.65,74
Maharashtra,wheat,2024,9,2683.76,222.03,72
Maharashtra,wheat,2024,10,2770.29,294.76,71
Maharashtra,wheat,2024,11,2860.64,290.41,69
Maharashtra,wheat,2024,12,2898.79,389.89,72
Maharashtra,wheat,2025,1,2960.64,369.69,75
Maharashtra,wheat,2025,2,2848.95,318.14,79
Maharashtra,wheat,2025,3,2668.01,299.94,83
Maharashtra,wheat,2025,4,2690.63,373.97,85
Maharashtra,wheat,2025,5,2641.5,301.62,82
Maharashtra,wheat,2025,6,2594.12,282.69,82
Maharashtra,wheat,2025,7,2597.39,287.65,78
Maharashtra,wheat,2025,8,2681.21,367.07,78
Maharashtra,wheat,2025,9,2663.1,377.08,78
Maharashtra,wheat,2025,10,2618.49,377.76,74
Maharashtra,wheat,2025,11,2605.58,384.45,75
Maharashtra,wheat,2025,12,2620.88,375.06,69
Odisha,wheat,2022,1,3750,0,1
Odisha,wheat,2022,2,3302.33,0,1
Odisha,wheat,2022,3,3250,0,1
Odisha,wheat,2022,4,4000,0,1
Odisha,wheat,2022,5,3000,0,1
Odisha,wheat,2022,6,3500,0,1
Odisha,wheat,2022,7,3769.23,0,1
Odisha,wheat,2022,8,3666.67,0,1
Odisha,wheat,2022,9,3333.33,0,1
Odisha,wheat,2022,10,3333.33,0,1
Odisha,wheat,2022,11,3000,0,1
Odisha,wheat,2022,12,2619.44,0,1
Odisha,wheat,2023,1,2745.81,0,1
Odisha,wheat,2023,2,2718.57,0,1
Odisha,wheat,2023,3,3002.42,0,1
Odisha,wheat,2023,4,3111.11,0,1
Odisha,wheat,2023,5,3000,0,1
Odisha,wheat,2023,6,2887.87,0,1
Odisha,wheat,2023,7,2801.14,0,1
Odisha,wheat,2023,8,2325,459.62,2
Odisha,wheat,2023,9,2171.88,243.07,2
Odisha,wheat,2023,10,3500,0,1
Odisha,wheat,2023,11,2800,0,1
Odisha,wheat,2023,12,3000,0,1
Odisha,wheat,2024,11,2000,0,1
Odisha,wheat,2024,12,2225,0,1
Punjab,wheat,2021,4,1973.2,7.55,39
Punjab,wheat,2021,5,1974.06,4.25,31
Punjab,wheat,2022,1,1948.04,0,1
Punjab,wheat,2022,3,2028.55,0,1
Punjab,wheat,2022,4,2015.27,1.01,29
Punjab,wheat,2022,5,2042.01,118.09,21
Punjab,wheat,2022,6,2025,0,1
Punjab,wheat,2022,7,2066.89,0,1
Punjab,wheat,2023,4,2125,0.01,24
Punjab,wheat,2023,5,2125,0.01,22
Punjab,wheat,2023,6,2130,0,1
Punjab,wheat,2024,4,2277.2,12.94,36
Punjab,wheat,2024,5,2275.01,0.02,34
Punjab,wheat,2024,6,2280,0,1
Punjab,wheat,2024,7,2432.01,25.45,2
Punjab,wheat,2024,8,2307.46,0,1
Punjab,wheat,2024,9,2532.75,141.19,2
Punjab,wheat,2024,10,2650,70.71,2
Punjab,wheat,2024,11,2817,0,1
Punjab,wheat,2024,12,2991.26,0,1
Punjab,wheat,2025,4,2425.36,1.73,27
Punjab,wheat,2025,5,2425.26,0.77,26
Punjab,wheat,2025,7,2556.09,1.53,2
Punjab,wheat,2025,8,2556.42,37.74,3
Punjab,wheat,2025,9,2517.5,105.34,4
Punjab,wheat,2025,10,2588.03,68.26,2
Punjab,wheat,2025,11,2578.65,87.78,2
Punjab,wheat,2025,12,2517.23,24.37,2
Rajasthan,wheat,2021,1,1713.99,73.57,69
Rajasthan,wheat,2021,2,1693.38,102.53,70
Rajasthan,wheat,2021,3,1705.6,109.58,81
Rajasthan,wheat,2021,4,1802.94,115.78,82
Rajasthan,wheat,2021,5,1815.9,126.54,50
Rajasthan,wheat,2021,6,1783.19,159.82,72
Rajasthan,wheat,2021,7,1742.06,110.39,69
Rajasthan,wheat,2021,8,1816.43,112.12,72
Rajasthan,wheat,2021,9,1890.56,81.98,69
Rajasthan,wheat,2021,10,1944.53,107.88,68
Rajasthan,wheat,2021,11,1961.07,79.46,70
Rajasthan,wheat,2021,12,1968.71,104.56,67
Rajasthan,wheat,2022,1,1997.24,102.88,73
Rajasthan,wheat,2022,2,2026.14,87.32,73
Rajasthan,wheat,2022,3,2131.12,144.99,78
Rajasthan,wheat,2022,4,2186.28,198.07,78
Rajasthan,wheat,2022,5,2209.87,210.32,78
Rajasthan,wheat,2022,6,2074.31,134.93,79
Rajasthan,wheat,2022,7,2101.47,97.93,74
Rajasthan,wheat,2022,8,2200.42,87.38,75
Rajasthan,wheat,2022,9,2186.03,123.82,74
Rajasthan,wheat,2022,10,2255.49,118,74
Rajasthan,wheat,2022,11,2502.01,385.47,75
Rajasthan,wheat,2022,12,2534.74,114.45,75
Rajasthan,wheat,2023,1,2640.95,113.38,67
Rajasthan,wheat,2023,2,2525.6,491.49,69
Rajasthan,wheat,2023,3,2295.71,505.72,64
Rajasthan,wheat,2023,4,2149.16,203.42,77
Rajasthan,wheat,2023,5,2167.07,159.2,73
Rajasthan,wheat,2023,6,2207.41,132.57,73
Rajasthan,wheat,2023,7,2232.76,334.94,70
Rajasthan,wheat,2023,8,2307.52,150.92,72
Rajasthan,wheat,2023,9,2364.77,149.04,70
Rajasthan,wheat,2023,10,2440.91,136.12,73
Rajasthan,wheat,2023,11,2482.82,144.97,70
Rajasthan,wheat,2023,12,2450.01,94.26,67
Rajasthan,wheat,2024,1,2471.86,119.69,62
Rajasthan,wheat,2024,2,2398.07,124.96,67
Rajasthan,wheat,2024,3,2418.45,178.97,69
Rajasthan,wheat,2024,4,2398.39,191.84,82
Rajasthan,wheat,2024,5,2445.45,182.7,85
Rajasthan,wheat,2024,6,2460.65,122.5,84
Rajasthan,wheat,2024,7,2471.01,116.33,83
Rajasthan,wheat,2024,8,2543.32,114.97,79
Rajasthan,wheat,2024,9,2590.16,100.2,82
Rajasthan,wheat,2024,10,2680.66,131.8,79
Rajasthan,wheat,2024,11,2786.89,130.48,79
Rajasthan,wheat,2024,12,2805.54,119.65,68
Rajasthan,wheat,2025,1,2963.52,142.13,69
Rajasthan,wheat,2025,2,2947.42,106.93,64
Rajasthan,wheat,2025,3,2596.57,163.25,79
Rajasthan,wheat,2025,4,2490.83,125.11,90
Rajasthan,wheat,2025,5,2503.27,95.27,84
Rajasthan,wheat,2025,6,2490.89,96.09,84
Rajasthan,wheat,2025,7,2519.49,91.67,85
Rajasthan,wheat,2025,8,2572.51,95.49,86
Rajasthan,wheat,2025,9,2567.61,130.81,85
Rajasthan,wheat,2025,10,2520.01,84.21,78
Rajasthan,wheat,2025,11,2526.78,121.24,75
Rajasthan,wheat,2025,12,2542.67,215.3,72
Telangana,wheat,2021,4,1753.99,0,1
Telangana,wheat,2021,7,1685.78,0,1
Telangana,wheat,2021,8,1939.34,297.93,2
Telangana,wheat,2021,9,1822.95,38.73,2
Telangana,wheat,2021,10,1738.2,50.35,2
Telangana,wheat,2021,11,1842.17,0,1
Telangana,wheat,2021,12,1925.11,0,1
Telangana,wheat,2022,1,1886.86,121.42,2
Telangana,wheat,2022,2,1891.52,77.8,2
Telangana,wheat,2022,3,2142.85,139.61,3
Telangana,wheat,2022,4,2190.44,7.86,2
Telangana,wheat,2022,5,2223.36,42.06,3
Telangana,wheat,2022,6,2032.57,45.13,2
Telangana,wheat,2022,7,2045.99,166.51,2
Telangana,wheat,2022,8,1889.5,393.86,2
Telangana,wheat,2022,9,2371.44,160.6,2
Telangana,wheat,2022,10,2319.9,98,2
Telangana,wheat,2022,11,2267,59.4,2
Telangana,wheat,2022,12,2319,0,1
Telangana,wheat,2023,3,2033.31,0,1
Telangana,wheat,2023,4,2119.99,8.9,2
Telangana,wheat,2023,5,1940.62,0,1
Telangana,wheat,2023,6,2077.38,366.81,2
Telangana,wheat,2023,7,2230.64,239.51,2
Telangana,wheat,2023,8,2244.53,163.28,3
Telangana,wheat,2023,9,2314.67,179.08,3
Telangana,wheat,2023,10,2081.82,325.53,2
Telangana,wheat,2023,11,2384.5,0,1
Telangana,wheat,2024,2,2251,0,1
Telangana,wheat,2024,3,2370.74,0,1
Telangana,wheat,2024,4,2441.16,302.98,3
Telangana,wheat,2024,5,2400.09,60.54,3
Telangana,wheat,2024,6,2288.74,44.34,2
Telangana,wheat,2024,7,1861.23,562.36,3
Telangana,wheat,2024,8,2392.94,94.29,2
Telangana,wheat,2024,9,2189.05,30.47,2
Telangana,wheat,2024,10,2021,0,1
Telangana,wheat,2024,11,2104.44,0,1
Telangana,wheat,2025,2,2661,0,1
Telangana,wheat,2025,3,2407.04,370.1,2
Telangana,wheat,2025,4,2165.08,549.95,2
Telangana,wheat,2025,5,2238.58,360.38,2
Telangana,wheat,2025,6,2128.23,382.16,2
Telangana,wheat,2025,7,2355.19,33.76,2
Telangana,wheat,2025,8,2209.81,241.56,2
Telangana,wheat,2025,9,2257.1,293.92,2
Telangana,wheat,2025,10,2477,0,1
Telangana,wheat,2025,12,4025,0,1
Uttar Pradesh,wheat,2021,1,1706.5,49.91,95
Uttar Pradesh,wheat,2021,2,1711.69,53.05,97
Uttar Pradesh,wheat,2021,3,1690.25,60.3,96
Uttar Pradesh,wheat,2021,4,1942.63,48.82,99
Uttar Pradesh,wheat,2021,5,1974.56,13.01,99
Uttar Pradesh,wheat,2021,6,1949.05,33.61,99
Uttar Pradesh,wheat,2021,7,1705.34,93.96,96
Uttar Pradesh,wheat,2021,8,1713.82,67.99,96
Uttar Pradesh,wheat,2021,9,1806.14,72.8,94
Uttar Pradesh,wheat,2021,10,1879.57,52.35,95
Uttar Pradesh,wheat,2021,11,1917.93,42.99,95
Uttar Pradesh,wheat,2021,12,1925.07,47.42,96
Uttar Pradesh,wheat,2022,1,1944.34,42.85,96
Uttar Pradesh,wheat,2022,2,1979.3,54.87,95
Uttar Pradesh,wheat,2022,3,2034.36,56.12,96
Uttar Pradesh,wheat,2022,4,2047.25,36.91,98
Uttar Pradesh,wheat,2022,5,2062.57,46.56,98
Uttar Pradesh,wheat,2022,6,2049.7,36,96
Uttar Pradesh,wheat,2022,7,2074.35,43.44,96
Uttar Pradesh,wheat,2022,8,2229.53,86.08,97
Uttar Pradesh,wheat,2022,9,2284.76,60.4,98
Uttar Pradesh,wheat,2022,10,2328.5,52.93,96
Uttar Pradesh,wheat,2022,11,2456.76,75.8,96
Uttar Pradesh,wheat,2022,12,2567.94,89.29,96
Uttar Pradesh,wheat,2023,1,2693.69,77.48,96
Uttar Pradesh,wheat,2023,2,2562.52,122.56,97
Uttar Pradesh,wheat,2023,3,2261.34,78.23,96
Uttar Pradesh,wheat,2023,4,2153.54,26.72,98
Uttar Pradesh,wheat,2023,5,2168.05,26.54,99
Uttar Pradesh,wheat,2023,6,2256.95,45.47,95
Uttar Pradesh,wheat,2023,7,2266.48,47.2,97
Uttar Pradesh,wheat,2023,8,2274.67,204.06,96
Uttar Pradesh,wheat,2023,9,2320.15,37.83,96
Uttar Pradesh,wheat,2023,10,2358.56,77.83,94
Uttar Pradesh,wheat,2023,11,2448.37,77.11,91
Uttar Pradesh,wheat,2023,12,2469.61,68.21,91
Uttar Pradesh,wheat,2024,1,2497.23,64.04,92
Uttar Pradesh,wheat,2024,2,2492.65,86.06,94
Uttar Pradesh,wheat,2024,3,2460.69,75.75,92
Uttar Pradesh,wheat,2024,4,2330.83,35.95,97
Uttar Pradesh,wheat,2024,5,2325.33,18.9,95
Uttar Pradesh,wheat,2024,6,2382.93,28.71,91
Uttar Pradesh,wheat,2024,7,2431.07,33.81,93
Uttar Pradesh,wheat,2024,8,2472.63,42.75,95
Uttar Pradesh,wheat,2024,9,2546.53,60.66,91
Uttar Pradesh,wheat,2024,10,2662.73,77.86,90
Uttar Pradesh,wheat,2024,11,2747.82,82.13,90
Uttar Pradesh,wheat,2024,12,2757.65,96.94,90
Uttar Pradesh,wheat,2025,1,2843.83,111.67,93
Uttar Pradesh,wheat,2025,2,2877.73,116.54,95
Uttar Pradesh,wheat,2025,3,2783.8,133.05,95
Uttar Pradesh,wheat,2025,4,2454.09,27.25,95
Uttar Pradesh,wheat,2025,5,2459.71,33.75,94
Uttar Pradesh,wheat,2025,6,2491.4,32.25,95
Uttar Pradesh,wheat,2025,7,2503.9,33.02,94
Uttar Pradesh,wheat,2025,8,2531.57,37.85,95
Uttar Pradesh,wheat,2025,9,2543.92,39.08,94
Uttar Pradesh,wheat,2025,10,2538.7,45.34,94
Uttar Pradesh,wheat,2025,11,2531.34,45.93,91
Uttar Pradesh,wheat,2025,12,2535.51,46.24,85
Uttarakhand,wheat,2022,2,2052.62,223.62,3
Uttarakhand,wheat,2022,4,2064.44,67.8,6
Uttarakhand,wheat,2022,5,2059.58,96.94,7
Uttarakhand,wheat,2022,6,2046.53,36.34,5
Uttarakhand,wheat,2022,7,2076.15,70.31,4
Uttarakhand,wheat,2022,8,2163.87,197.24,5
Uttarakhand,wheat,2022,9,2179.89,227.39,3
Uttarakhand,wheat,2022,10,2227.74,183.23,4
Uttarakhand,wheat,2022,12,2100,0,1
Uttarakhand,wheat,2023,2,2100,0,1
Uttarakhand,wheat,2023,4,2162.8,40.03,9
Uttarakhand,wheat,2023,5,2180.44,52.6,8
Uttarakhand,wheat,2023,6,2271.37,149.76,7
Uttarakhand,wheat,2023,7,2365.74,375.49,7
Uttarakhand,wheat,2023,8,2206.07,107.39,5
Uttarakhand,wheat,2023,9,2239.9,99.71,5
Uttarakhand,wheat,2023,10,2331.77,167.53,3
Uttarakhand,wheat,2023,11,2327.69,231.61,2
Uttarakhand,wheat,2023,12,2219.78,131.2,3
Uttarakhand,wheat,2024,1,2210.75,54.06,3
Uttarakhand,wheat,2024,2,2253.24,135.71,4
Uttarakhand,wheat,2024,3,2243.23,129.39,2
Uttarakhand,wheat,2024,4,2295.17,13.99,5
Uttarakhand,wheat,2024,5,2306.93,14.34,5
Uttarakhand,wheat,2024,6,2318.02,65.4,5
Uttarakhand,wheat,2024,7,2250.24,169.18,4
Uttarakhand,wheat,2024,8,2233.96,83.38,2
Uttarakhand,wheat,2024,9,2344.33,137.65,4
Uttarakhand,wheat,2024,10,2412.47,123.7,2
Uttarakhand,wheat,2024,11,2325.43,0,1
Uttarakhand,wheat,2024,12,2302.11,38.33,2
Uttarakhand,wheat,2025,1,2323.81,0,1
Uttarakhand,wheat,2025,2,2246.3,157.13,2
Uttarakhand,wheat,2025,3,2355.65,103.99,2
Uttarakhand,wheat,2025,4,2468.89,28.85,6
Uttarakhand,wheat,2025,5,2468.59,28.2,6
Uttarakhand,wheat,2025,6,2490.64,38,5
Uttarakhand,wheat,2025,7,2449.64,28.82,4
Uttarakhand,wheat,2025,8,2449.12,28.58,3
Uttarakhand,wheat,2025,9,2448.12,28.45,4
Uttarakhand,wheat,2025,10,2489.67,0,1
Uttarakhand,wheat,2025,11,2488.07,0,1
Uttarakhand,wheat,2025,12,2465.98,57.96,2
